Processing video: 5085344787448740525
Processing video: 5085357672350628540
Processing video: 5086465773912997411
Processing video: 5090916219025116054
Processing video: 5092765202446045704
Processing video: 5097975856769557081
Processing video: 5099449889545545450
Processing video: 5103182645622502287
Processing video: 5134749367588120522
Processing video: 5146258161124252727
Processing video: 5172231547180314349
Processing video: 5173709444596630576
Processing video: 5218949624445806415
Processing video: 5366409594815891602
Processing video: 5391892065246550398
Processing video: 5525084584552992937
total  1173319 subs 9168
Trial 1/1000, Params: dpd_0.8_dpg_2.0_ws_50_mg_2.0_sim_1.0, F1@0.50: 51.34
New best found!
New Best F1@0.50: 51.34 with parameters: dp_duration_penalty_weight=0.8, dp_gap_penalty_weight=2.0, dp_window_size=50, dp_max_gap=2.0, similarity_weight=1.0
Processing video: 5085344787448740525
Processing video: 5085357672350628540Processing video: 5086465773912997411

Processing video: 5092765202446045704
Processing video: 5090916219025116054
Processing video: 5099449889545545450
Processing video: 5097975856769557081
Processing video: 5103182645622502287
Processing video: 5134749367588120522
Processing video: 5146258161124252727
Processing video: 5172231547180314349
Processing video: 5173709444596630576
Processing video: 5218949624445806415
Processing video: 5391892065246550398
Processing video: 5525084584552992937
Processing video: 5366409594815891602
total  1173319 subs 9168
Trial 2/1000, Params: dpd_0.8_dpg_0.0_ws_30_mg_4.0_sim_5.0, F1@0.50: 52.32
New best found!
New Best F1@0.50: 52.32 with parameters: dp_duration_penalty_weight=0.8, dp_gap_penalty_weight=0.0, dp_window_size=30, dp_max_gap=4.0, similarity_weight=5.0
Processing video: 5085344787448740525
Processing video: 5085357672350628540Processing video: 5086465773912997411

Processing video: 5097975856769557081
Processing video: 5092765202446045704
Processing video: 5090916219025116054
Processing video: 5099449889545545450
Processing video: 5134749367588120522
Processing video: 5103182645622502287
Processing video: 5146258161124252727
Processing video: 5173709444596630576
Processing video: 5172231547180314349
Processing video: 5218949624445806415
Processing video: 5366409594815891602
Processing video: 5391892065246550398
Processing video: 5525084584552992937
total  1173319 subs 9168
Trial 3/1000, Params: dpd_100.0_dpg_20.0_ws_20_mg_8.0_sim_10.0, F1@0.50: 38.08
Processing video: 5085357672350628540
Processing video: 5085344787448740525
Processing video: 5092765202446045704Processing video: 5086465773912997411

Processing video: 5090916219025116054Processing video: 5097975856769557081

Processing video: 5099449889545545450
Processing video: 5134749367588120522
Processing video: 5103182645622502287
Processing video: 5146258161124252727
Processing video: 5172231547180314349
Processing video: 5218949624445806415
Processing video: 5366409594815891602
Processing video: 5173709444596630576
Processing video: 5391892065246550398
Processing video: 5525084584552992937
total  1173319 subs 9168
Trial 4/1000, Params: dpd_1.0_dpg_10.0_ws_40_mg_8.0_sim_100.0, F1@0.50: 43.97
Processing video: 5085344787448740525
Processing video: 5085357672350628540
Processing video: 5086465773912997411
Processing video: 5090916219025116054
Processing video: 5092765202446045704
Processing video: 5097975856769557081
Processing video: 5099449889545545450
Processing video: 5103182645622502287
Processing video: 5134749367588120522
Processing video: 5146258161124252727
Processing video: 5172231547180314349
Processing video: 5173709444596630576
Processing video: 5366409594815891602
Processing video: 5218949624445806415
Processing video: 5525084584552992937
Processing video: 5391892065246550398
total  1173319 subs 9168
Trial 5/1000, Params: dpd_0.0_dpg_2.0_ws_30_mg_2.0_sim_0.5, F1@0.50: 50.06
Processing video: 5085344787448740525
Processing video: 5085357672350628540
Processing video: 5090916219025116054
Processing video: 5097975856769557081
Processing video: 5086465773912997411Processing video: 5092765202446045704

Processing video: 5099449889545545450
Processing video: 5103182645622502287
Processing video: 5134749367588120522
Processing video: 5146258161124252727
Processing video: 5172231547180314349
Processing video: 5218949624445806415
Processing video: 5173709444596630576
Processing video: 5366409594815891602
Processing video: 5391892065246550398
Processing video: 5525084584552992937
total  1173319 subs 9168
Trial 6/1000, Params: dpd_1.0_dpg_5.0_ws_50_mg_6.0_sim_100.0, F1@0.50: 42.0
Processing video: 5085344787448740525
Processing video: 5085357672350628540
Processing video: 5090916219025116054
Processing video: 5097975856769557081
Processing video: 5086465773912997411Processing video: 5092765202446045704

Processing video: 5099449889545545450
Processing video: 5103182645622502287
Processing video: 5146258161124252727
Processing video: 5134749367588120522
Processing video: 5172231547180314349
Processing video: 5173709444596630576
Processing video: 5366409594815891602
Processing video: 5525084584552992937
Processing video: 5218949624445806415
Processing video: 5391892065246550398
total  1173319 subs 9168
Trial 7/1000, Params: dpd_20.0_dpg_5.0_ws_20_mg_8.0_sim_10.0, F1@0.50: 47.83
Processing video: 5085344787448740525
Processing video: 5085357672350628540
Processing video: 5092765202446045704
Processing video: 5090916219025116054
Processing video: 5097975856769557081
Processing video: 5099449889545545450Processing video: 5103182645622502287

Processing video: 5146258161124252727
Processing video: 5134749367588120522
Processing video: 5086465773912997411
Processing video: 5172231547180314349Processing video: 5218949624445806415

Processing video: 5173709444596630576
Processing video: 5366409594815891602
Processing video: 5525084584552992937
Processing video: 5391892065246550398
total  1173319 subs 9168
Trial 8/1000, Params: dpd_100.0_dpg_100.0_ws_50_mg_4.0_sim_100.0, F1@0.50: 49.7
Processing video: 5085344787448740525
Processing video: 5086465773912997411
Processing video: 5090916219025116054Processing video: 5092765202446045704

Processing video: 5097975856769557081
Processing video: 5085357672350628540
Processing video: 5099449889545545450
Processing video: 5103182645622502287
Processing video: 5134749367588120522
Processing video: 5146258161124252727
Processing video: 5172231547180314349
Processing video: 5173709444596630576
Processing video: 5218949624445806415
Processing video: 5366409594815891602
Processing video: 5391892065246550398
Processing video: 5525084584552992937
total  1173319 subs 9168
Trial 9/1000, Params: dpd_2.0_dpg_5.0_ws_50_mg_10.0_sim_0.5, F1@0.50: 51.65
Processing video: 5085344787448740525
Processing video: 5085357672350628540
Processing video: 5086465773912997411Processing video: 5092765202446045704

Processing video: 5090916219025116054
Processing video: 5097975856769557081
Processing video: 5099449889545545450
Processing video: 5103182645622502287
Processing video: 5134749367588120522
Processing video: 5146258161124252727
Processing video: 5172231547180314349
Processing video: 5218949624445806415
Processing video: 5173709444596630576
Processing video: 5366409594815891602
Processing video: 5391892065246550398
Processing video: 5525084584552992937
total  1173319 subs 9168
Trial 10/1000, Params: dpd_5.0_dpg_1.0_ws_20_mg_6.0_sim_5.0, F1@0.50: 50.83
Processing video: 5085344787448740525
Processing video: 5085357672350628540
Processing video: 5090916219025116054
Processing video: 5092765202446045704
Processing video: 5086465773912997411
Processing video: 5097975856769557081
Processing video: 5099449889545545450
Processing video: 5103182645622502287
Processing video: 5134749367588120522
Processing video: 5146258161124252727
Processing video: 5172231547180314349
Processing video: 5173709444596630576
Processing video: 5218949624445806415
Processing video: 5366409594815891602
Processing video: 5525084584552992937
Processing video: 5391892065246550398
total  1173319 subs 9168
Trial 11/1000, Params: dpd_5.0_dpg_0.8_ws_50_mg_8.0_sim_2.0, F1@0.50: 50.92
Processing video: 5085344787448740525
Processing video: 5085357672350628540
Processing video: 5090916219025116054
Processing video: 5097975856769557081
Processing video: 5103182645622502287
Processing video: 5134749367588120522
Processing video: 5092765202446045704Processing video: 5099449889545545450Processing video: 5086465773912997411


Processing video: 5172231547180314349
Processing video: 5146258161124252727
Processing video: 5173709444596630576
Processing video: 5218949624445806415Processing video: 5366409594815891602

Processing video: 5391892065246550398
Processing video: 5525084584552992937
total  1173319 subs 9168
Trial 12/1000, Params: dpd_5.0_dpg_0.8_ws_50_mg_6.0_sim_30.0, F1@0.50: 57.69
New best found!
New Best F1@0.50: 57.69 with parameters: dp_duration_penalty_weight=5.0, dp_gap_penalty_weight=0.8, dp_window_size=50, dp_max_gap=6.0, similarity_weight=30.0
Processing video: 5085357672350628540
Processing video: 5086465773912997411Processing video: 5085344787448740525

Processing video: 5090916219025116054
Processing video: 5092765202446045704
Processing video: 5099449889545545450
Processing video: 5097975856769557081Processing video: 5103182645622502287

Processing video: 5146258161124252727
Processing video: 5134749367588120522
Processing video: 5173709444596630576
Processing video: 5172231547180314349
Processing video: 5218949624445806415
Processing video: 5366409594815891602
Processing video: 5391892065246550398
Processing video: 5525084584552992937
total  1173319 subs 9168
Trial 13/1000, Params: dpd_0.8_dpg_1.0_ws_40_mg_8.0_sim_50.0, F1@0.50: 46.93
Processing video: 5085344787448740525
Processing video: 5086465773912997411
Processing video: 5092765202446045704
Processing video: 5085357672350628540
Processing video: 5090916219025116054
Processing video: 5097975856769557081
Processing video: 5099449889545545450
Processing video: 5103182645622502287
Processing video: 5146258161124252727
Processing video: 5134749367588120522
Processing video: 5173709444596630576
Processing video: 5172231547180314349
Processing video: 5218949624445806415
Processing video: 5366409594815891602
Processing video: 5391892065246550398
Processing video: 5525084584552992937
total  1173319 subs 9168
Trial 14/1000, Params: dpd_100.0_dpg_1.0_ws_50_mg_10.0_sim_100.0, F1@0.50: 44.71
Processing video: 5085344787448740525
Processing video: 5085357672350628540
Processing video: 5086465773912997411
Processing video: 5092765202446045704
Processing video: 5090916219025116054
Processing video: 5099449889545545450
Processing video: 5097975856769557081
Processing video: 5134749367588120522
Processing video: 5103182645622502287
Processing video: 5146258161124252727
Processing video: 5172231547180314349
Processing video: 5173709444596630576
Processing video: 5366409594815891602
Processing video: 5218949624445806415
Processing video: 5525084584552992937
Processing video: 5391892065246550398
total  1173319 subs 9168
Trial 15/1000, Params: dpd_0.1_dpg_0.0_ws_40_mg_2.0_sim_1.0, F1@0.50: 50.26
Processing video: 5085344787448740525
Processing video: 5086465773912997411
Processing video: 5085357672350628540
Processing video: 5090916219025116054Processing video: 5097975856769557081Processing video: 5092765202446045704


Processing video: 5103182645622502287
Processing video: 5099449889545545450
Processing video: 5134749367588120522
Processing video: 5146258161124252727
Processing video: 5172231547180314349
Processing video: 5173709444596630576
Processing video: 5366409594815891602
Processing video: 5391892065246550398
Processing video: 5218949624445806415
Processing video: 5525084584552992937
total  1173319 subs 9168
Trial 16/1000, Params: dpd_0.1_dpg_100.0_ws_20_mg_8.0_sim_50.0, F1@0.50: 46.61
Processing video: 5085357672350628540
Processing video: 5086465773912997411
Processing video: 5085344787448740525
Processing video: 5092765202446045704
Processing video: 5090916219025116054
Processing video: 5097975856769557081
Processing video: 5099449889545545450
Processing video: 5103182645622502287
Processing video: 5134749367588120522
Processing video: 5146258161124252727
Processing video: 5172231547180314349
Processing video: 5173709444596630576
Processing video: 5218949624445806415
Processing video: 5366409594815891602
Processing video: 5391892065246550398
Processing video: 5525084584552992937
total  1173319 subs 9168
Trial 17/1000, Params: dpd_5.0_dpg_0.0_ws_30_mg_8.0_sim_0.0, F1@0.50: 48.66
Processing video: 5085344787448740525
Processing video: 5085357672350628540
Processing video: 5086465773912997411
Processing video: 5090916219025116054
Processing video: 5092765202446045704
Processing video: 5097975856769557081
Processing video: 5099449889545545450
Processing video: 5103182645622502287
Processing video: 5134749367588120522
Processing video: 5146258161124252727
Processing video: 5172231547180314349
Processing video: 5173709444596630576
Processing video: 5218949624445806415
Processing video: 5366409594815891602
Processing video: 5391892065246550398
Processing video: 5525084584552992937
total  1173319 subs 9168
Trial 18/1000, Params: dpd_0.0_dpg_1.0_ws_20_mg_4.0_sim_0.5, F1@0.50: 49.16
Processing video: 5085344787448740525
Processing video: 5085357672350628540
Processing video: 5086465773912997411
Processing video: 5090916219025116054
Processing video: 5092765202446045704
Processing video: 5099449889545545450
Processing video: 5103182645622502287
Processing video: 5146258161124252727
Processing video: 5172231547180314349
Processing video: 5097975856769557081
Processing video: 5173709444596630576
Processing video: 5218949624445806415
Processing video: 5134749367588120522
Processing video: 5366409594815891602
Processing video: 5391892065246550398
Processing video: 5525084584552992937
total  1173319 subs 9168
Trial 19/1000, Params: dpd_2.0_dpg_0.5_ws_30_mg_6.0_sim_2.0, F1@0.50: 51.78
Processing video: 5085344787448740525
Processing video: 5085357672350628540
Processing video: 5086465773912997411
Processing video: 5090916219025116054Processing video: 5092765202446045704

Processing video: 5097975856769557081
Processing video: 5099449889545545450
Processing video: 5103182645622502287
Processing video: 5134749367588120522
Processing video: 5172231547180314349
Processing video: 5146258161124252727
Processing video: 5173709444596630576
Processing video: 5218949624445806415
Processing video: 5366409594815891602
Processing video: 5391892065246550398
Processing video: 5525084584552992937
total  1173319 subs 9168
Trial 20/1000, Params: dpd_0.5_dpg_0.0_ws_50_mg_4.0_sim_10.0, F1@0.50: 54.32
Processing video: 5085344787448740525
Processing video: 5085357672350628540
Processing video: 5086465773912997411
Processing video: 5092765202446045704
Processing video: 5090916219025116054
Processing video: 5097975856769557081
Processing video: 5099449889545545450
Processing video: 5103182645622502287
Processing video: 5134749367588120522
Processing video: 5146258161124252727
Processing video: 5172231547180314349
Processing video: 5173709444596630576
Processing video: 5218949624445806415
Processing video: 5366409594815891602
Processing video: 5391892065246550398
Processing video: 5525084584552992937
total  1173319 subs 9168
Trial 21/1000, Params: dpd_100.0_dpg_2.0_ws_40_mg_8.0_sim_0.0, F1@0.50: 31.35
Processing video: 5085344787448740525
Processing video: 5085357672350628540
Processing video: 5086465773912997411
Processing video: 5092765202446045704
Processing video: 5090916219025116054
Processing video: 5099449889545545450
Processing video: 5097975856769557081
Processing video: 5103182645622502287
Processing video: 5146258161124252727
Processing video: 5134749367588120522
Processing video: 5172231547180314349
Processing video: 5173709444596630576
Processing video: 5218949624445806415Processing video: 5366409594815891602

Processing video: 5391892065246550398
Processing video: 5525084584552992937
total  1173319 subs 9168
Trial 22/1000, Params: dpd_100.0_dpg_0.0_ws_30_mg_4.0_sim_2.0, F1@0.50: 32.73
Processing video: 5085344787448740525
Processing video: 5085357672350628540
Processing video: 5090916219025116054
Processing video: 5086465773912997411
Processing video: 5092765202446045704
Processing video: 5099449889545545450
Processing video: 5097975856769557081
Processing video: 5103182645622502287
Processing video: 5134749367588120522
Processing video: 5146258161124252727
Processing video: 5173709444596630576
Processing video: 5172231547180314349
Processing video: 5218949624445806415
Processing video: 5391892065246550398
Processing video: 5366409594815891602
Processing video: 5525084584552992937
total  1173319 subs 9168
Trial 23/1000, Params: dpd_5.0_dpg_1.0_ws_30_mg_10.0_sim_100.0, F1@0.50: 50.42
Processing video: 5085344787448740525
Processing video: 5085357672350628540
Processing video: 5097975856769557081
Processing video: 5092765202446045704Processing video: 5086465773912997411

Processing video: 5090916219025116054
Processing video: 5099449889545545450
Processing video: 5103182645622502287
Processing video: 5134749367588120522
Processing video: 5146258161124252727
Processing video: 5172231547180314349
Processing video: 5173709444596630576
Processing video: 5218949624445806415
Processing video: 5366409594815891602
Processing video: 5391892065246550398
Processing video: 5525084584552992937
total  1173319 subs 9168
Trial 24/1000, Params: dpd_1.0_dpg_0.0_ws_50_mg_8.0_sim_0.0, F1@0.50: 49.81
Processing video: 5085344787448740525
Processing video: 5090916219025116054
Processing video: 5092765202446045704
Processing video: 5086465773912997411
Processing video: 5085357672350628540
Processing video: 5097975856769557081
Processing video: 5099449889545545450
Processing video: 5103182645622502287
Processing video: 5134749367588120522
Processing video: 5172231547180314349
Processing video: 5146258161124252727
Processing video: 5173709444596630576
Processing video: 5218949624445806415
Processing video: 5366409594815891602
Processing video: 5391892065246550398
Processing video: 5525084584552992937
total  1173319 subs 9168
Trial 25/1000, Params: dpd_2.0_dpg_0.5_ws_40_mg_2.0_sim_50.0, F1@0.50: 51.78
Processing video: 5085344787448740525
Processing video: 5086465773912997411
Processing video: 5090916219025116054Processing video: 5085357672350628540

Processing video: 5092765202446045704
Processing video: 5097975856769557081
Processing video: 5099449889545545450
Processing video: 5103182645622502287
Processing video: 5172231547180314349
Processing video: 5134749367588120522
Processing video: 5146258161124252727
Processing video: 5173709444596630576
Processing video: 5366409594815891602
Processing video: 5391892065246550398
Processing video: 5525084584552992937
Processing video: 5218949624445806415
total  1173319 subs 9168
Trial 26/1000, Params: dpd_5.0_dpg_20.0_ws_30_mg_8.0_sim_5.0, F1@0.50: 54.0
Processing video: 5085344787448740525
Processing video: 5085357672350628540
Processing video: 5092765202446045704
Processing video: 5090916219025116054
Processing video: 5097975856769557081Processing video: 5086465773912997411

Processing video: 5099449889545545450
Processing video: 5103182645622502287
Processing video: 5134749367588120522
Processing video: 5146258161124252727
Processing video: 5172231547180314349
Processing video: 5173709444596630576
Processing video: 5218949624445806415
Processing video: 5366409594815891602
Processing video: 5391892065246550398
Processing video: 5525084584552992937
total  1173319 subs 9168
Trial 27/1000, Params: dpd_10.0_dpg_10.0_ws_40_mg_6.0_sim_20.0, F1@0.50: 56.82
Processing video: 5085344787448740525
Processing video: 5085357672350628540
Processing video: 5086465773912997411
Processing video: 5090916219025116054
Processing video: 5092765202446045704
Processing video: 5097975856769557081
Processing video: 5103182645622502287
Processing video: 5099449889545545450
Processing video: 5134749367588120522
Processing video: 5146258161124252727
Processing video: 5172231547180314349
Processing video: 5173709444596630576
Processing video: 5218949624445806415
Processing video: 5366409594815891602
Processing video: 5391892065246550398
Processing video: 5525084584552992937
total  1173319 subs 9168
Trial 28/1000, Params: dpd_100.0_dpg_2.0_ws_20_mg_8.0_sim_20.0, F1@0.50: 40.63
Processing video: 5086465773912997411
Processing video: 5085344787448740525
Processing video: 5085357672350628540
Processing video: 5090916219025116054
Processing video: 5092765202446045704
Processing video: 5097975856769557081
Processing video: 5103182645622502287
Processing video: 5134749367588120522
Processing video: 5099449889545545450
Processing video: 5172231547180314349
Processing video: 5173709444596630576
Processing video: 5146258161124252727
Processing video: 5366409594815891602
Processing video: 5391892065246550398
Processing video: 5218949624445806415
Processing video: 5525084584552992937
total  1173319 subs 9168
Trial 29/1000, Params: dpd_0.5_dpg_1.0_ws_50_mg_4.0_sim_20.0, F1@0.50: 53.79
Processing video: 5085344787448740525
Processing video: 5085357672350628540
Processing video: 5086465773912997411
Processing video: 5090916219025116054
Processing video: 5092765202446045704
Processing video: 5097975856769557081
Processing video: 5099449889545545450
Processing video: 5103182645622502287
Processing video: 5134749367588120522
Processing video: 5146258161124252727
Processing video: 5172231547180314349
Processing video: 5173709444596630576
Processing video: 5218949624445806415
Processing video: 5366409594815891602
Processing video: 5391892065246550398
Processing video: 5525084584552992937
total  1173319 subs 9168
Trial 30/1000, Params: dpd_1.0_dpg_0.1_ws_30_mg_2.0_sim_10.0, F1@0.50: 54.68
Processing video: 5085344787448740525
Processing video: 5085357672350628540
Processing video: 5090916219025116054
Processing video: 5086465773912997411
Processing video: 5092765202446045704
Processing video: 5097975856769557081
Processing video: 5103182645622502287
Processing video: 5099449889545545450
Processing video: 5146258161124252727
Processing video: 5172231547180314349
Processing video: 5134749367588120522
Processing video: 5173709444596630576Processing video: 5218949624445806415

Processing video: 5366409594815891602
Processing video: 5391892065246550398
Processing video: 5525084584552992937
total  1173319 subs 9168
Trial 31/1000, Params: dpd_2.0_dpg_0.1_ws_30_mg_10.0_sim_20.0, F1@0.50: 56.32
Processing video: 5085344787448740525
Processing video: 5086465773912997411Processing video: 5085357672350628540

Processing video: 5090916219025116054
Processing video: 5092765202446045704
Processing video: 5097975856769557081
Processing video: 5099449889545545450
Processing video: 5103182645622502287
Processing video: 5134749367588120522
Processing video: 5146258161124252727
Processing video: 5172231547180314349
Processing video: 5173709444596630576
Processing video: 5218949624445806415
Processing video: 5366409594815891602
Processing video: 5391892065246550398
Processing video: 5525084584552992937
total  1173319 subs 9168
Trial 32/1000, Params: dpd_0.1_dpg_0.8_ws_30_mg_4.0_sim_1.0, F1@0.50: 50.63
Processing video: 5085344787448740525
Processing video: 5085357672350628540
Processing video: 5086465773912997411
Processing video: 5090916219025116054
Processing video: 5092765202446045704
Processing video: 5097975856769557081
Processing video: 5099449889545545450
Processing video: 5103182645622502287
Processing video: 5134749367588120522
Processing video: 5146258161124252727
Processing video: 5172231547180314349
Processing video: 5218949624445806415
Processing video: 5173709444596630576
Processing video: 5391892065246550398
Processing video: 5366409594815891602
Processing video: 5525084584552992937
total  1173319 subs 9168
Trial 33/1000, Params: dpd_100.0_dpg_5.0_ws_30_mg_8.0_sim_5.0, F1@0.50: 34.19
Processing video: 5085344787448740525
Processing video: 5085357672350628540
Processing video: 5090916219025116054
Processing video: 5086465773912997411
Processing video: 5092765202446045704
Processing video: 5097975856769557081
Processing video: 5099449889545545450
Processing video: 5103182645622502287
Processing video: 5134749367588120522
Processing video: 5146258161124252727
Processing video: 5172231547180314349
Processing video: 5391892065246550398
Processing video: 5173709444596630576
Processing video: 5525084584552992937Processing video: 5218949624445806415

Processing video: 5366409594815891602
total  1173319 subs 9168
Trial 34/1000, Params: dpd_0.1_dpg_0.0_ws_50_mg_10.0_sim_5.0, F1@0.50: 52.11
Processing video: 5085344787448740525
Processing video: 5085357672350628540
Processing video: 5086465773912997411
Processing video: 5090916219025116054
Processing video: 5092765202446045704
Processing video: 5097975856769557081
Processing video: 5099449889545545450
Processing video: 5134749367588120522
Processing video: 5172231547180314349
Processing video: 5103182645622502287
Processing video: 5218949624445806415Processing video: 5366409594815891602

Processing video: 5173709444596630576Processing video: 5146258161124252727Processing video: 5391892065246550398


Processing video: 5525084584552992937
total  1173319 subs 9168
Trial 35/1000, Params: dpd_10.0_dpg_0.5_ws_40_mg_8.0_sim_5.0, F1@0.50: 49.75
Processing video: 5085344787448740525
Processing video: 5090916219025116054Processing video: 5085357672350628540

Processing video: 5086465773912997411
Processing video: 5092765202446045704
Processing video: 5097975856769557081
Processing video: 5099449889545545450
Processing video: 5103182645622502287
Processing video: 5134749367588120522
Processing video: 5146258161124252727
Processing video: 5173709444596630576
Processing video: 5172231547180314349
Processing video: 5218949624445806415
Processing video: 5366409594815891602
Processing video: 5391892065246550398
Processing video: 5525084584552992937
total  1173319 subs 9168
Trial 36/1000, Params: dpd_100.0_dpg_0.8_ws_30_mg_8.0_sim_30.0, F1@0.50: 40.03
Processing video: 5085344787448740525
Processing video: 5085357672350628540
Processing video: 5086465773912997411
Processing video: 5090916219025116054
Processing video: 5092765202446045704
Processing video: 5097975856769557081
Processing video: 5099449889545545450
Processing video: 5103182645622502287
Processing video: 5134749367588120522
Processing video: 5146258161124252727
Processing video: 5172231547180314349
Processing video: 5218949624445806415
Processing video: 5525084584552992937
Processing video: 5173709444596630576
Processing video: 5366409594815891602
Processing video: 5391892065246550398
total  1173319 subs 9168
Trial 37/1000, Params: dpd_2.0_dpg_100.0_ws_30_mg_6.0_sim_10.0, F1@0.50: 44.16
Processing video: 5085344787448740525
Processing video: 5085357672350628540
Processing video: 5086465773912997411
Processing video: 5090916219025116054
Processing video: 5097975856769557081
Processing video: 5092765202446045704
Processing video: 5099449889545545450
Processing video: 5103182645622502287
Processing video: 5134749367588120522
Processing video: 5146258161124252727
Processing video: 5172231547180314349
Processing video: 5173709444596630576
Processing video: 5218949624445806415
Processing video: 5366409594815891602
Processing video: 5391892065246550398
Processing video: 5525084584552992937
total  1173319 subs 9168
Trial 38/1000, Params: dpd_0.1_dpg_1.0_ws_40_mg_10.0_sim_0.5, F1@0.50: 50.5
Processing video: 5085344787448740525
Processing video: 5085357672350628540
Processing video: 5086465773912997411
Processing video: 5090916219025116054
Processing video: 5092765202446045704
Processing video: 5097975856769557081
Processing video: 5099449889545545450
Processing video: 5103182645622502287
Processing video: 5134749367588120522
Processing video: 5172231547180314349
Processing video: 5173709444596630576
Processing video: 5366409594815891602
Processing video: 5391892065246550398
Processing video: 5146258161124252727
Processing video: 5218949624445806415Processing video: 5525084584552992937

total  1173319 subs 9168
Trial 39/1000, Params: dpd_0.1_dpg_10.0_ws_40_mg_8.0_sim_0.0, F1@0.50: 48.5
Processing video: 5085344787448740525
Processing video: 5085357672350628540
Processing video: 5090916219025116054
Processing video: 5092765202446045704
Processing video: 5086465773912997411
Processing video: 5097975856769557081
Processing video: 5099449889545545450
Processing video: 5103182645622502287Processing video: 5134749367588120522

Processing video: 5146258161124252727
Processing video: 5173709444596630576
Processing video: 5172231547180314349
Processing video: 5218949624445806415
Processing video: 5366409594815891602
Processing video: 5391892065246550398
Processing video: 5525084584552992937
total  1173319 subs 9168
Trial 40/1000, Params: dpd_1.0_dpg_2.0_ws_40_mg_2.0_sim_1.0, F1@0.50: 51.56
Processing video: 5085344787448740525
Processing video: 5085357672350628540
Processing video: 5086465773912997411
Processing video: 5097975856769557081
Processing video: 5090916219025116054
Processing video: 5103182645622502287
Processing video: 5099449889545545450Processing video: 5092765202446045704Processing video: 5134749367588120522


Processing video: 5146258161124252727
Processing video: 5172231547180314349
Processing video: 5218949624445806415
Processing video: 5173709444596630576
Processing video: 5366409594815891602
Processing video: 5525084584552992937
Processing video: 5391892065246550398
total  1173319 subs 9168
Trial 41/1000, Params: dpd_5.0_dpg_10.0_ws_30_mg_10.0_sim_5.0, F1@0.50: 53.76
Processing video: 5085344787448740525
Processing video: 5090916219025116054
Processing video: 5086465773912997411
Processing video: 5085357672350628540
Processing video: 5092765202446045704
Processing video: 5097975856769557081
Processing video: 5099449889545545450
Processing video: 5103182645622502287
Processing video: 5134749367588120522
Processing video: 5146258161124252727
Processing video: 5172231547180314349Processing video: 5173709444596630576

Processing video: 5218949624445806415
Processing video: 5366409594815891602
Processing video: 5391892065246550398
Processing video: 5525084584552992937
total  1173319 subs 9168
Trial 42/1000, Params: dpd_1.0_dpg_20.0_ws_30_mg_4.0_sim_0.5, F1@0.50: 48.65
Processing video: 5085344787448740525
Processing video: 5085357672350628540
Processing video: 5086465773912997411
Processing video: 5090916219025116054
Processing video: 5092765202446045704
Processing video: 5097975856769557081
Processing video: 5099449889545545450
Processing video: 5103182645622502287
Processing video: 5146258161124252727Processing video: 5173709444596630576Processing video: 5172231547180314349


Processing video: 5134749367588120522
Processing video: 5218949624445806415
Processing video: 5366409594815891602
Processing video: 5391892065246550398
Processing video: 5525084584552992937
total  1173319 subs 9168
Trial 43/1000, Params: dpd_10.0_dpg_0.8_ws_20_mg_8.0_sim_2.0, F1@0.50: 46.66
Processing video: 5085344787448740525
Processing video: 5085357672350628540
Processing video: 5090916219025116054
Processing video: 5086465773912997411
Processing video: 5092765202446045704
Processing video: 5097975856769557081
Processing video: 5099449889545545450
Processing video: 5103182645622502287
Processing video: 5134749367588120522
Processing video: 5146258161124252727
Processing video: 5172231547180314349
Processing video: 5173709444596630576
Processing video: 5218949624445806415
Processing video: 5366409594815891602
Processing video: 5391892065246550398
Processing video: 5525084584552992937
total  1173319 subs 9168
Trial 44/1000, Params: dpd_20.0_dpg_0.0_ws_40_mg_4.0_sim_10.0, F1@0.50: 47.79
Processing video: 5085344787448740525
Processing video: 5085357672350628540
Processing video: 5086465773912997411
Processing video: 5090916219025116054
Processing video: 5092765202446045704
Processing video: 5097975856769557081
Processing video: 5099449889545545450
Processing video: 5103182645622502287
Processing video: 5134749367588120522
Processing video: 5173709444596630576
Processing video: 5218949624445806415
Processing video: 5366409594815891602
Processing video: 5146258161124252727
Processing video: 5391892065246550398
Processing video: 5525084584552992937
Processing video: 5172231547180314349
total  1173319 subs 9168
Trial 45/1000, Params: dpd_5.0_dpg_20.0_ws_50_mg_6.0_sim_30.0, F1@0.50: 58.07
New best found!
New Best F1@0.50: 58.07 with parameters: dp_duration_penalty_weight=5.0, dp_gap_penalty_weight=20.0, dp_window_size=50, dp_max_gap=6.0, similarity_weight=30.0
Processing video: 5085344787448740525
Processing video: 5090916219025116054Processing video: 5086465773912997411

Processing video: 5085357672350628540
Processing video: 5092765202446045704
Processing video: 5097975856769557081
Processing video: 5099449889545545450
Processing video: 5103182645622502287
Processing video: 5134749367588120522
Processing video: 5146258161124252727
Processing video: 5172231547180314349
Processing video: 5173709444596630576
Processing video: 5218949624445806415
Processing video: 5366409594815891602
Processing video: 5525084584552992937
Processing video: 5391892065246550398
total  1173319 subs 9168
Trial 46/1000, Params: dpd_100.0_dpg_5.0_ws_50_mg_2.0_sim_2.0, F1@0.50: 32.22
Processing video: 5085344787448740525
Processing video: 5085357672350628540
Processing video: 5086465773912997411
Processing video: 5090916219025116054
Processing video: 5092765202446045704
Processing video: 5097975856769557081
Processing video: 5099449889545545450
Processing video: 5103182645622502287
Processing video: 5134749367588120522
Processing video: 5146258161124252727
Processing video: 5172231547180314349
Processing video: 5173709444596630576
Processing video: 5218949624445806415
Processing video: 5366409594815891602
Processing video: 5391892065246550398
Processing video: 5525084584552992937
total  1173319 subs 9168
Trial 47/1000, Params: dpd_1.0_dpg_0.8_ws_40_mg_4.0_sim_20.0, F1@0.50: 55.94
Processing video: 5085344787448740525
Processing video: 5085357672350628540
Processing video: 5086465773912997411
Processing video: 5092765202446045704
Processing video: 5097975856769557081
Processing video: 5134749367588120522
Processing video: 5090916219025116054
Processing video: 5173709444596630576
Processing video: 5146258161124252727
Processing video: 5099449889545545450Processing video: 5172231547180314349

Processing video: 5103182645622502287
Processing video: 5218949624445806415
Processing video: 5391892065246550398
Processing video: 5366409594815891602
Processing video: 5525084584552992937
total  1173319 subs 9168
Trial 48/1000, Params: dpd_0.1_dpg_0.8_ws_50_mg_8.0_sim_1.0, F1@0.50: 50.74
Processing video: 5085344787448740525
Processing video: 5085357672350628540
Processing video: 5090916219025116054
Processing video: 5086465773912997411
Processing video: 5092765202446045704
Processing video: 5097975856769557081
Processing video: 5099449889545545450
Processing video: 5103182645622502287
Processing video: 5134749367588120522
Processing video: 5146258161124252727
Processing video: 5172231547180314349
Processing video: 5173709444596630576
Processing video: 5218949624445806415
Processing video: 5391892065246550398
Processing video: 5366409594815891602
Processing video: 5525084584552992937
total  1173319 subs 9168
Trial 49/1000, Params: dpd_2.0_dpg_1.0_ws_50_mg_6.0_sim_30.0, F1@0.50: 55.69
Processing video: 5085344787448740525
Processing video: 5085357672350628540
Processing video: 5086465773912997411
Processing video: 5090916219025116054
Processing video: 5092765202446045704
Processing video: 5097975856769557081
Processing video: 5099449889545545450
Processing video: 5103182645622502287
Processing video: 5134749367588120522
Processing video: 5146258161124252727
Processing video: 5172231547180314349
Processing video: 5173709444596630576
Processing video: 5218949624445806415
Processing video: 5366409594815891602
Processing video: 5391892065246550398
Processing video: 5525084584552992937
total  1173319 subs 9168
Trial 50/1000, Params: dpd_0.5_dpg_0.1_ws_50_mg_2.0_sim_2.0, F1@0.50: 51.23
Processing video: 5085344787448740525
Processing video: 5085357672350628540
Processing video: 5086465773912997411
Processing video: 5090916219025116054
Processing video: 5092765202446045704
Processing video: 5134749367588120522Processing video: 5097975856769557081
Processing video: 5103182645622502287

Processing video: 5146258161124252727
Processing video: 5172231547180314349
Processing video: 5099449889545545450
Processing video: 5173709444596630576
Processing video: 5218949624445806415
Processing video: 5366409594815891602
Processing video: 5391892065246550398
Processing video: 5525084584552992937
total  1173319 subs 9168
Trial 51/1000, Params: dpd_0.5_dpg_5.0_ws_40_mg_2.0_sim_30.0, F1@0.50: 52.56
Processing video: 5085344787448740525
Processing video: 5085357672350628540
Processing video: 5090916219025116054
Processing video: 5086465773912997411
Processing video: 5092765202446045704
Processing video: 5097975856769557081
Processing video: 5099449889545545450
Processing video: 5103182645622502287
Processing video: 5134749367588120522
Processing video: 5146258161124252727
Processing video: 5172231547180314349
Processing video: 5173709444596630576
Processing video: 5218949624445806415
Processing video: 5366409594815891602
Processing video: 5525084584552992937
Processing video: 5391892065246550398
total  1173319 subs 9168
Trial 52/1000, Params: dpd_5.0_dpg_0.8_ws_50_mg_2.0_sim_1.0, F1@0.50: 50.59
Processing video: 5085344787448740525
Processing video: 5085357672350628540
Processing video: 5086465773912997411
Processing video: 5090916219025116054
Processing video: 5092765202446045704
Processing video: 5097975856769557081
Processing video: 5099449889545545450
Processing video: 5103182645622502287
Processing video: 5134749367588120522
Processing video: 5146258161124252727
Processing video: 5172231547180314349
Processing video: 5173709444596630576
Processing video: 5218949624445806415
Processing video: 5366409594815891602
Processing video: 5391892065246550398
Processing video: 5525084584552992937
total  1173319 subs 9168
Trial 53/1000, Params: dpd_5.0_dpg_0.5_ws_20_mg_4.0_sim_0.0, F1@0.50: 47.12
Processing video: 5085344787448740525
Processing video: 5085357672350628540Processing video: 5086465773912997411

Processing video: 5090916219025116054
Processing video: 5092765202446045704
Processing video: 5097975856769557081
Processing video: 5099449889545545450
Processing video: 5103182645622502287
Processing video: 5134749367588120522
Processing video: 5146258161124252727
Processing video: 5172231547180314349
Processing video: 5173709444596630576
Processing video: 5218949624445806415
Processing video: 5366409594815891602
Processing video: 5391892065246550398
Processing video: 5525084584552992937
total  1173319 subs 9168
Trial 54/1000, Params: dpd_5.0_dpg_0.5_ws_40_mg_4.0_sim_10.0, F1@0.50: 54.18
Processing video: 5085344787448740525
Processing video: 5085357672350628540
Processing video: 5086465773912997411
Processing video: 5090916219025116054
Processing video: 5092765202446045704
Processing video: 5097975856769557081
Processing video: 5099449889545545450
Processing video: 5103182645622502287
Processing video: 5134749367588120522
Processing video: 5146258161124252727
Processing video: 5172231547180314349
Processing video: 5173709444596630576
Processing video: 5218949624445806415
Processing video: 5366409594815891602
Processing video: 5391892065246550398
Processing video: 5525084584552992937
total  1173319 subs 9168
Trial 55/1000, Params: dpd_0.5_dpg_5.0_ws_20_mg_8.0_sim_2.0, F1@0.50: 49.81
Processing video: 5085344787448740525
Processing video: 5085357672350628540
Processing video: 5086465773912997411
Processing video: 5090916219025116054
Processing video: 5092765202446045704
Processing video: 5097975856769557081
Processing video: 5099449889545545450
Processing video: 5103182645622502287
Processing video: 5146258161124252727Processing video: 5172231547180314349

Processing video: 5134749367588120522
Processing video: 5173709444596630576
Processing video: 5218949624445806415
Processing video: 5366409594815891602
Processing video: 5391892065246550398
Processing video: 5525084584552992937
total  1173319 subs 9168
Trial 56/1000, Params: dpd_100.0_dpg_0.1_ws_50_mg_2.0_sim_10.0, F1@0.50: 33.98
Processing video: 5085344787448740525
Processing video: 5085357672350628540
Processing video: 5086465773912997411
Processing video: 5090916219025116054
Processing video: 5092765202446045704
Processing video: 5097975856769557081
Processing video: 5099449889545545450
Processing video: 5103182645622502287Processing video: 5134749367588120522

Processing video: 5146258161124252727
Processing video: 5172231547180314349
Processing video: 5173709444596630576
Processing video: 5218949624445806415
Processing video: 5366409594815891602
Processing video: 5391892065246550398
Processing video: 5525084584552992937
total  1173319 subs 9168
Trial 57/1000, Params: dpd_5.0_dpg_10.0_ws_50_mg_8.0_sim_5.0, F1@0.50: 54.49
Processing video: 5085344787448740525
Processing video: 5085357672350628540
Processing video: 5086465773912997411
Processing video: 5090916219025116054
Processing video: 5092765202446045704
Processing video: 5097975856769557081
Processing video: 5099449889545545450
Processing video: 5103182645622502287
Processing video: 5134749367588120522
Processing video: 5146258161124252727
Processing video: 5172231547180314349
Processing video: 5173709444596630576
Processing video: 5218949624445806415
Processing video: 5366409594815891602
Processing video: 5391892065246550398
Processing video: 5525084584552992937
total  1173319 subs 9168
Trial 58/1000, Params: dpd_0.0_dpg_0.5_ws_30_mg_6.0_sim_0.0, F1@0.50: 49.75
Processing video: 5086465773912997411
Processing video: 5090916219025116054
Processing video: 5085344787448740525
Processing video: 5097975856769557081
Processing video: 5099449889545545450
Processing video: 5085357672350628540Processing video: 5092765202446045704

Processing video: 5103182645622502287
Processing video: 5134749367588120522
Processing video: 5146258161124252727
Processing video: 5172231547180314349
Processing video: 5173709444596630576
Processing video: 5218949624445806415
Processing video: 5366409594815891602
Processing video: 5391892065246550398
Processing video: 5525084584552992937
total  1173319 subs 9168
Trial 59/1000, Params: dpd_0.8_dpg_0.5_ws_20_mg_4.0_sim_10.0, F1@0.50: 53.2
Processing video: 5085344787448740525
Processing video: 5085357672350628540
Processing video: 5090916219025116054
Processing video: 5086465773912997411
Processing video: 5092765202446045704
Processing video: 5097975856769557081
Processing video: 5099449889545545450
Processing video: 5103182645622502287
Processing video: 5134749367588120522
Processing video: 5146258161124252727
Processing video: 5172231547180314349
Processing video: 5173709444596630576
Processing video: 5218949624445806415
Processing video: 5366409594815891602
Processing video: 5391892065246550398
Processing video: 5525084584552992937
total  1173319 subs 9168
Trial 60/1000, Params: dpd_2.0_dpg_1.0_ws_20_mg_2.0_sim_20.0, F1@0.50: 56.18
Processing video: 5085344787448740525
Processing video: 5085357672350628540
Processing video: 5086465773912997411
Processing video: 5090916219025116054
Processing video: 5092765202446045704
Processing video: 5097975856769557081
Processing video: 5099449889545545450
Processing video: 5146258161124252727
Processing video: 5172231547180314349
Processing video: 5218949624445806415
Processing video: 5391892065246550398
Processing video: 5103182645622502287Processing video: 5173709444596630576Processing video: 5366409594815891602Processing video: 5525084584552992937
Processing video: 5134749367588120522



total  1173319 subs 9168
Trial 61/1000, Params: dpd_0.8_dpg_0.5_ws_40_mg_4.0_sim_50.0, F1@0.50: 46.8
Processing video: 5085344787448740525
Processing video: 5085357672350628540
Processing video: 5086465773912997411
Processing video: 5090916219025116054
Processing video: 5097975856769557081
Processing video: 5092765202446045704
Processing video: 5099449889545545450Processing video: 5103182645622502287

Processing video: 5134749367588120522
Processing video: 5146258161124252727
Processing video: 5172231547180314349
Processing video: 5173709444596630576
Processing video: 5218949624445806415
Processing video: 5366409594815891602
Processing video: 5391892065246550398
Processing video: 5525084584552992937
total  1173319 subs 9168
Trial 62/1000, Params: dpd_0.8_dpg_5.0_ws_50_mg_8.0_sim_10.0, F1@0.50: 55.45
Processing video: 5085344787448740525
Processing video: 5085357672350628540
Processing video: 5086465773912997411
Processing video: 5092765202446045704
Processing video: 5090916219025116054
Processing video: 5172231547180314349
Processing video: 5099449889545545450Processing video: 5146258161124252727Processing video: 5097975856769557081
Processing video: 5134749367588120522


Processing video: 5173709444596630576
Processing video: 5103182645622502287
Processing video: 5366409594815891602
Processing video: 5218949624445806415
Processing video: 5391892065246550398
Processing video: 5525084584552992937
total  1173319 subs 9168
Trial 63/1000, Params: dpd_0.5_dpg_100.0_ws_20_mg_8.0_sim_10.0, F1@0.50: 41.74
Processing video: 5085344787448740525
Processing video: 5085357672350628540
Processing video: 5090916219025116054Processing video: 5086465773912997411

Processing video: 5092765202446045704
Processing video: 5097975856769557081
Processing video: 5099449889545545450
Processing video: 5103182645622502287
Processing video: 5134749367588120522
Processing video: 5146258161124252727
Processing video: 5172231547180314349
Processing video: 5173709444596630576
Processing video: 5218949624445806415
Processing video: 5366409594815891602
Processing video: 5391892065246550398
Processing video: 5525084584552992937
total  1173319 subs 9168
Trial 64/1000, Params: dpd_0.1_dpg_5.0_ws_40_mg_4.0_sim_20.0, F1@0.50: 52.95
Processing video: 5085344787448740525
Processing video: 5085357672350628540
Processing video: 5086465773912997411
Processing video: 5090916219025116054
Processing video: 5092765202446045704
Processing video: 5097975856769557081
Processing video: 5099449889545545450
Processing video: 5103182645622502287
Processing video: 5172231547180314349
Processing video: 5134749367588120522
Processing video: 5218949624445806415
Processing video: 5146258161124252727
Processing video: 5366409594815891602
Processing video: 5391892065246550398
Processing video: 5525084584552992937
Processing video: 5173709444596630576
total  1173319 subs 9168
Trial 65/1000, Params: dpd_10.0_dpg_0.0_ws_40_mg_6.0_sim_100.0, F1@0.50: 53.88
Processing video: 5085344787448740525
Processing video: 5086465773912997411Processing video: 5085357672350628540

Processing video: 5097975856769557081
Processing video: 5099449889545545450
Processing video: 5090916219025116054
Processing video: 5092765202446045704
Processing video: 5103182645622502287
Processing video: 5134749367588120522
Processing video: 5146258161124252727
Processing video: 5172231547180314349
Processing video: 5173709444596630576
Processing video: 5218949624445806415
Processing video: 5366409594815891602
Processing video: 5525084584552992937
Processing video: 5391892065246550398
total  1173319 subs 9168
Trial 66/1000, Params: dpd_2.0_dpg_1.0_ws_20_mg_4.0_sim_0.0, F1@0.50: 49.2
Processing video: 5085357672350628540
Processing video: 5090916219025116054
Processing video: 5085344787448740525
Processing video: 5092765202446045704
Processing video: 5097975856769557081
Processing video: 5086465773912997411
Processing video: 5099449889545545450
Processing video: 5103182645622502287
Processing video: 5134749367588120522
Processing video: 5146258161124252727
Processing video: 5172231547180314349
Processing video: 5173709444596630576
Processing video: 5218949624445806415
Processing video: 5366409594815891602
Processing video: 5391892065246550398
Processing video: 5525084584552992937
total  1173319 subs 9168
Trial 67/1000, Params: dpd_0.8_dpg_2.0_ws_30_mg_8.0_sim_2.0, F1@0.50: 51.68
Processing video: 5085344787448740525
Processing video: 5086465773912997411
Processing video: 5090916219025116054Processing video: 5092765202446045704

Processing video: 5097975856769557081
Processing video: 5099449889545545450
Processing video: 5085357672350628540
Processing video: 5103182645622502287
Processing video: 5134749367588120522
Processing video: 5146258161124252727
Processing video: 5172231547180314349
Processing video: 5173709444596630576
Processing video: 5218949624445806415
Processing video: 5366409594815891602
Processing video: 5391892065246550398
Processing video: 5525084584552992937
total  1173319 subs 9168
Trial 68/1000, Params: dpd_20.0_dpg_0.8_ws_30_mg_6.0_sim_1.0, F1@0.50: 43.52
Processing video: 5085344787448740525
Processing video: 5085357672350628540
Processing video: 5086465773912997411
Processing video: 5090916219025116054
Processing video: 5092765202446045704
Processing video: 5097975856769557081
Processing video: 5099449889545545450
Processing video: 5103182645622502287
Processing video: 5134749367588120522
Processing video: 5146258161124252727
Processing video: 5172231547180314349
Processing video: 5173709444596630576
Processing video: 5218949624445806415
Processing video: 5366409594815891602
Processing video: 5391892065246550398Processing video: 5525084584552992937

total  1173319 subs 9168
Trial 69/1000, Params: dpd_10.0_dpg_1.0_ws_50_mg_8.0_sim_50.0, F1@0.50: 56.18
Processing video: 5085344787448740525
Processing video: 5085357672350628540
Processing video: 5086465773912997411
Processing video: 5090916219025116054
Processing video: 5092765202446045704
Processing video: 5097975856769557081
Processing video: 5099449889545545450
Processing video: 5103182645622502287
Processing video: 5134749367588120522
Processing video: 5146258161124252727
Processing video: 5173709444596630576
Processing video: 5218949624445806415
Processing video: 5172231547180314349Processing video: 5525084584552992937

Processing video: 5366409594815891602Processing video: 5391892065246550398

total  1173319 subs 9168
Trial 70/1000, Params: dpd_0.0_dpg_0.8_ws_30_mg_10.0_sim_30.0, F1@0.50: 47.1
Processing video: 5085344787448740525
Processing video: 5085357672350628540
Processing video: 5086465773912997411
Processing video: 5090916219025116054
Processing video: 5092765202446045704
Processing video: 5097975856769557081
Processing video: 5099449889545545450
Processing video: 5103182645622502287
Processing video: 5134749367588120522
Processing video: 5146258161124252727
Processing video: 5172231547180314349
Processing video: 5173709444596630576
Processing video: 5218949624445806415
Processing video: 5366409594815891602
Processing video: 5391892065246550398
Processing video: 5525084584552992937
total  1173319 subs 9168
Trial 71/1000, Params: dpd_20.0_dpg_2.0_ws_30_mg_10.0_sim_2.0, F1@0.50: 44.23
Processing video: 5085344787448740525
Processing video: 5085357672350628540
Processing video: 5086465773912997411
Processing video: 5090916219025116054
Processing video: 5092765202446045704
Processing video: 5097975856769557081
Processing video: 5099449889545545450
Processing video: 5103182645622502287
Processing video: 5134749367588120522
Processing video: 5146258161124252727
Processing video: 5173709444596630576
Processing video: 5525084584552992937
Processing video: 5391892065246550398
Processing video: 5218949624445806415Processing video: 5172231547180314349

Processing video: 5366409594815891602
total  1173319 subs 9168
Trial 72/1000, Params: dpd_2.0_dpg_2.0_ws_30_mg_6.0_sim_5.0, F1@0.50: 53.5
Processing video: 5085344787448740525
Processing video: 5085357672350628540
Processing video: 5086465773912997411
Processing video: 5090916219025116054
Processing video: 5092765202446045704
Processing video: 5097975856769557081
Processing video: 5099449889545545450
Processing video: 5134749367588120522
Processing video: 5103182645622502287
Processing video: 5146258161124252727
Processing video: 5172231547180314349
Processing video: 5173709444596630576
Processing video: 5218949624445806415
Processing video: 5366409594815891602
Processing video: 5391892065246550398
Processing video: 5525084584552992937
total  1173319 subs 9168
Trial 73/1000, Params: dpd_0.8_dpg_1.0_ws_50_mg_6.0_sim_5.0, F1@0.50: 53.31
Processing video: 5086465773912997411
Processing video: 5085344787448740525
Processing video: 5092765202446045704
Processing video: 5097975856769557081Processing video: 5090916219025116054Processing video: 5085357672350628540


Processing video: 5099449889545545450
Processing video: 5103182645622502287
Processing video: 5134749367588120522
Processing video: 5146258161124252727
Processing video: 5173709444596630576
Processing video: 5218949624445806415
Processing video: 5366409594815891602
Processing video: 5172231547180314349
Processing video: 5525084584552992937
Processing video: 5391892065246550398
total  1173319 subs 9168
Trial 74/1000, Params: dpd_100.0_dpg_10.0_ws_20_mg_4.0_sim_0.5, F1@0.50: 30.52
Processing video: 5085344787448740525
Processing video: 5085357672350628540Processing video: 5086465773912997411

Processing video: 5090916219025116054
Processing video: 5092765202446045704Processing video: 5099449889545545450

Processing video: 5097975856769557081
Processing video: 5103182645622502287
Processing video: 5134749367588120522
Processing video: 5146258161124252727
Processing video: 5173709444596630576
Processing video: 5172231547180314349
Processing video: 5366409594815891602
Processing video: 5218949624445806415
Processing video: 5525084584552992937
Processing video: 5391892065246550398
total  1173319 subs 9168
Trial 75/1000, Params: dpd_2.0_dpg_0.1_ws_40_mg_4.0_sim_20.0, F1@0.50: 56.93
Processing video: 5085344787448740525
Processing video: 5085357672350628540
Processing video: 5086465773912997411
Processing video: 5090916219025116054
Processing video: 5092765202446045704
Processing video: 5097975856769557081
Processing video: 5099449889545545450
Processing video: 5103182645622502287
Processing video: 5134749367588120522
Processing video: 5146258161124252727
Processing video: 5172231547180314349
Processing video: 5173709444596630576
Processing video: 5391892065246550398
Processing video: 5218949624445806415
Processing video: 5525084584552992937
Processing video: 5366409594815891602
total  1173319 subs 9168
Trial 76/1000, Params: dpd_20.0_dpg_100.0_ws_50_mg_8.0_sim_10.0, F1@0.50: 48.43
Processing video: 5085344787448740525
Processing video: 5086465773912997411Processing video: 5085357672350628540

Processing video: 5090916219025116054
Processing video: 5099449889545545450
Processing video: 5103182645622502287
Processing video: 5092765202446045704
Processing video: 5097975856769557081
Processing video: 5146258161124252727
Processing video: 5172231547180314349
Processing video: 5134749367588120522
Processing video: 5366409594815891602
Processing video: 5173709444596630576
Processing video: 5218949624445806415
Processing video: 5391892065246550398
Processing video: 5525084584552992937
total  1173319 subs 9168
Trial 77/1000, Params: dpd_100.0_dpg_0.0_ws_50_mg_8.0_sim_20.0, F1@0.50: 36.68
Processing video: 5085344787448740525
Processing video: 5085357672350628540
Processing video: 5086465773912997411
Processing video: 5090916219025116054
Processing video: 5092765202446045704
Processing video: 5097975856769557081
Processing video: 5099449889545545450
Processing video: 5103182645622502287
Processing video: 5134749367588120522
Processing video: 5146258161124252727
Processing video: 5172231547180314349
Processing video: 5173709444596630576
Processing video: 5218949624445806415
Processing video: 5366409594815891602
Processing video: 5391892065246550398
Processing video: 5525084584552992937
total  1173319 subs 9168
Trial 78/1000, Params: dpd_10.0_dpg_10.0_ws_50_mg_8.0_sim_30.0, F1@0.50: 57.47
Processing video: 5085344787448740525
Processing video: 5085357672350628540
Processing video: 5086465773912997411
Processing video: 5090916219025116054
Processing video: 5092765202446045704
Processing video: 5097975856769557081
Processing video: 5099449889545545450
Processing video: 5103182645622502287
Processing video: 5134749367588120522
Processing video: 5173709444596630576
Processing video: 5146258161124252727Processing video: 5172231547180314349

Processing video: 5366409594815891602
Processing video: 5218949624445806415
Processing video: 5525084584552992937
Processing video: 5391892065246550398
total  1173319 subs 9168
Trial 79/1000, Params: dpd_2.0_dpg_2.0_ws_50_mg_2.0_sim_5.0, F1@0.50: 54.11
Processing video: 5085344787448740525
Processing video: 5085357672350628540
Processing video: 5086465773912997411
Processing video: 5090916219025116054
Processing video: 5092765202446045704
Processing video: 5099449889545545450
Processing video: 5097975856769557081
Processing video: 5103182645622502287
Processing video: 5146258161124252727
Processing video: 5134749367588120522
Processing video: 5172231547180314349
Processing video: 5173709444596630576Processing video: 5366409594815891602

Processing video: 5218949624445806415
Processing video: 5391892065246550398
Processing video: 5525084584552992937
total  1173319 subs 9168
Trial 80/1000, Params: dpd_0.1_dpg_100.0_ws_50_mg_4.0_sim_10.0, F1@0.50: 37.62
Processing video: 5085344787448740525
Processing video: 5085357672350628540
Processing video: 5086465773912997411
Processing video: 5090916219025116054
Processing video: 5092765202446045704
Processing video: 5097975856769557081
Processing video: 5099449889545545450
Processing video: 5103182645622502287
Processing video: 5134749367588120522
Processing video: 5146258161124252727
Processing video: 5172231547180314349
Processing video: 5173709444596630576
Processing video: 5218949624445806415
Processing video: 5366409594815891602
Processing video: 5391892065246550398
Processing video: 5525084584552992937
total  1173319 subs 9168
Trial 81/1000, Params: dpd_2.0_dpg_10.0_ws_30_mg_10.0_sim_100.0, F1@0.50: 47.5
Processing video: 5085344787448740525
Processing video: 5085357672350628540
Processing video: 5086465773912997411
Processing video: 5090916219025116054
Processing video: 5092765202446045704
Processing video: 5097975856769557081
Processing video: 5099449889545545450
Processing video: 5103182645622502287
Processing video: 5134749367588120522
Processing video: 5146258161124252727
Processing video: 5172231547180314349
Processing video: 5173709444596630576
Processing video: 5366409594815891602Processing video: 5218949624445806415

Processing video: 5391892065246550398Processing video: 5525084584552992937

total  1173319 subs 9168
Trial 82/1000, Params: dpd_0.1_dpg_1.0_ws_20_mg_6.0_sim_0.0, F1@0.50: 48.52
Processing video: 5085344787448740525
Processing video: 5086465773912997411
Processing video: 5085357672350628540
Processing video: 5090916219025116054
Processing video: 5092765202446045704
Processing video: 5097975856769557081
Processing video: 5099449889545545450
Processing video: 5103182645622502287
Processing video: 5134749367588120522
Processing video: 5146258161124252727
Processing video: 5172231547180314349
Processing video: 5173709444596630576
Processing video: 5218949624445806415
Processing video: 5366409594815891602
Processing video: 5391892065246550398
Processing video: 5525084584552992937
total  1173319 subs 9168
Trial 83/1000, Params: dpd_0.8_dpg_10.0_ws_20_mg_8.0_sim_20.0, F1@0.50: 54.3
Processing video: 5085344787448740525
Processing video: 5085357672350628540
Processing video: 5086465773912997411
Processing video: 5090916219025116054
Processing video: 5092765202446045704
Processing video: 5097975856769557081
Processing video: 5099449889545545450
Processing video: 5134749367588120522
Processing video: 5172231547180314349
Processing video: 5366409594815891602
Processing video: 5103182645622502287
Processing video: 5391892065246550398
Processing video: 5146258161124252727
Processing video: 5173709444596630576
Processing video: 5218949624445806415
Processing video: 5525084584552992937
total  1173319 subs 9168
Trial 84/1000, Params: dpd_0.8_dpg_0.8_ws_50_mg_2.0_sim_5.0, F1@0.50: 53.22
Processing video: 5085344787448740525
Processing video: 5085357672350628540
Processing video: 5090916219025116054
Processing video: 5086465773912997411
Processing video: 5092765202446045704
Processing video: 5097975856769557081
Processing video: 5099449889545545450
Processing video: 5103182645622502287
Processing video: 5134749367588120522
Processing video: 5146258161124252727
Processing video: 5172231547180314349
Processing video: 5173709444596630576
Processing video: 5218949624445806415
Processing video: 5366409594815891602
Processing video: 5391892065246550398Processing video: 5525084584552992937

total  1173319 subs 9168
Trial 85/1000, Params: dpd_0.5_dpg_20.0_ws_30_mg_2.0_sim_1.0, F1@0.50: 48.03
Processing video: 5085344787448740525
Processing video: 5085357672350628540
Processing video: 5086465773912997411
Processing video: 5090916219025116054
Processing video: 5092765202446045704
Processing video: 5097975856769557081
Processing video: 5099449889545545450
Processing video: 5103182645622502287
Processing video: 5134749367588120522
Processing video: 5173709444596630576
Processing video: 5218949624445806415
Processing video: 5146258161124252727
Processing video: 5525084584552992937
Processing video: 5391892065246550398Processing video: 5366409594815891602

Processing video: 5172231547180314349
total  1173319 subs 9168
Trial 86/1000, Params: dpd_1.0_dpg_0.1_ws_40_mg_8.0_sim_100.0, F1@0.50: 40.15
Processing video: 5085344787448740525
Processing video: 5085357672350628540Processing video: 5090916219025116054

Processing video: 5086465773912997411
Processing video: 5092765202446045704
Processing video: 5097975856769557081
Processing video: 5099449889545545450
Processing video: 5103182645622502287
Processing video: 5134749367588120522
Processing video: 5146258161124252727
Processing video: 5172231547180314349
Processing video: 5173709444596630576
Processing video: 5218949624445806415
Processing video: 5366409594815891602
Processing video: 5525084584552992937Processing video: 5391892065246550398

total  1173319 subs 9168
Trial 87/1000, Params: dpd_5.0_dpg_0.0_ws_40_mg_8.0_sim_0.5, F1@0.50: 49.7
Processing video: 5085344787448740525
Processing video: 5085357672350628540
Processing video: 5086465773912997411
Processing video: 5090916219025116054
Processing video: 5092765202446045704
Processing video: 5099449889545545450
Processing video: 5097975856769557081
Processing video: 5134749367588120522Processing video: 5103182645622502287

Processing video: 5146258161124252727
Processing video: 5172231547180314349
Processing video: 5173709444596630576
Processing video: 5218949624445806415
Processing video: 5525084584552992937
Processing video: 5391892065246550398
Processing video: 5366409594815891602
total  1173319 subs 9168
Trial 88/1000, Params: dpd_10.0_dpg_0.1_ws_30_mg_6.0_sim_10.0, F1@0.50: 51.49
Processing video: 5085344787448740525
Processing video: 5085357672350628540
Processing video: 5086465773912997411
Processing video: 5090916219025116054
Processing video: 5092765202446045704
Processing video: 5097975856769557081
Processing video: 5099449889545545450
Processing video: 5103182645622502287
Processing video: 5134749367588120522
Processing video: 5146258161124252727
Processing video: 5172231547180314349
Processing video: 5173709444596630576Processing video: 5366409594815891602

Processing video: 5218949624445806415
Processing video: 5391892065246550398
Processing video: 5525084584552992937
total  1173319 subs 9168
Trial 89/1000, Params: dpd_10.0_dpg_5.0_ws_30_mg_4.0_sim_0.5, F1@0.50: 48.27
Processing video: 5085344787448740525
Processing video: 5085357672350628540
Processing video: 5086465773912997411
Processing video: 5090916219025116054
Processing video: 5092765202446045704
Processing video: 5097975856769557081
Processing video: 5099449889545545450
Processing video: 5103182645622502287
Processing video: 5134749367588120522
Processing video: 5146258161124252727
Processing video: 5172231547180314349
Processing video: 5173709444596630576
Processing video: 5218949624445806415
Processing video: 5366409594815891602
Processing video: 5391892065246550398
Processing video: 5525084584552992937
total  1173319 subs 9168
Trial 90/1000, Params: dpd_0.5_dpg_100.0_ws_20_mg_8.0_sim_0.5, F1@0.50: 32.96
Processing video: 5085344787448740525
Processing video: 5085357672350628540
Processing video: 5086465773912997411
Processing video: 5090916219025116054
Processing video: 5092765202446045704
Processing video: 5097975856769557081
Processing video: 5099449889545545450
Processing video: 5103182645622502287
Processing video: 5134749367588120522
Processing video: 5146258161124252727
Processing video: 5218949624445806415
Processing video: 5172231547180314349
Processing video: 5366409594815891602
Processing video: 5391892065246550398
Processing video: 5173709444596630576
Processing video: 5525084584552992937
total  1173319 subs 9168
Trial 91/1000, Params: dpd_0.0_dpg_1.0_ws_20_mg_2.0_sim_30.0, F1@0.50: 49.75
Processing video: 5085344787448740525
Processing video: 5086465773912997411Processing video: 5085357672350628540

Processing video: 5092765202446045704
Processing video: 5090916219025116054
Processing video: 5097975856769557081
Processing video: 5099449889545545450
Processing video: 5134749367588120522
Processing video: 5103182645622502287
Processing video: 5146258161124252727
Processing video: 5218949624445806415
Processing video: 5172231547180314349
Processing video: 5173709444596630576
Processing video: 5391892065246550398
Processing video: 5366409594815891602
Processing video: 5525084584552992937
total  1173319 subs 9168
Trial 92/1000, Params: dpd_100.0_dpg_10.0_ws_40_mg_4.0_sim_100.0, F1@0.50: 46.34
Processing video: 5085344787448740525
Processing video: 5085357672350628540
Processing video: 5086465773912997411
Processing video: 5090916219025116054
Processing video: 5092765202446045704
Processing video: 5103182645622502287Processing video: 5099449889545545450Processing video: 5097975856769557081


Processing video: 5134749367588120522
Processing video: 5146258161124252727
Processing video: 5172231547180314349
Processing video: 5173709444596630576
Processing video: 5366409594815891602
Processing video: 5218949624445806415
Processing video: 5525084584552992937
Processing video: 5391892065246550398
total  1173319 subs 9168
Trial 93/1000, Params: dpd_0.5_dpg_1.0_ws_50_mg_8.0_sim_50.0, F1@0.50: 45.02
Processing video: 5085344787448740525
Processing video: 5086465773912997411
Processing video: 5090916219025116054
Processing video: 5085357672350628540
Processing video: 5092765202446045704
Processing video: 5097975856769557081
Processing video: 5099449889545545450
Processing video: 5103182645622502287
Processing video: 5134749367588120522
Processing video: 5146258161124252727
Processing video: 5172231547180314349
Processing video: 5173709444596630576
Processing video: 5366409594815891602
Processing video: 5218949624445806415
Processing video: 5391892065246550398
Processing video: 5525084584552992937
total  1173319 subs 9168
Trial 94/1000, Params: dpd_1.0_dpg_0.8_ws_20_mg_4.0_sim_30.0, F1@0.50: 53.48
Processing video: 5085344787448740525
Processing video: 5085357672350628540
Processing video: 5086465773912997411
Processing video: 5090916219025116054
Processing video: 5092765202446045704
Processing video: 5097975856769557081
Processing video: 5099449889545545450
Processing video: 5103182645622502287
Processing video: 5134749367588120522
Processing video: 5146258161124252727
Processing video: 5172231547180314349
Processing video: 5173709444596630576
Processing video: 5218949624445806415
Processing video: 5366409594815891602
Processing video: 5391892065246550398
Processing video: 5525084584552992937
total  1173319 subs 9168
Trial 95/1000, Params: dpd_100.0_dpg_0.0_ws_20_mg_10.0_sim_1.0, F1@0.50: 30.42
Processing video: 5085357672350628540
Processing video: 5090916219025116054Processing video: 5086465773912997411
Processing video: 5085344787448740525

Processing video: 5092765202446045704
Processing video: 5097975856769557081
Processing video: 5099449889545545450
Processing video: 5103182645622502287
Processing video: 5146258161124252727
Processing video: 5134749367588120522
Processing video: 5172231547180314349
Processing video: 5173709444596630576
Processing video: 5218949624445806415
Processing video: 5366409594815891602
Processing video: 5391892065246550398
Processing video: 5525084584552992937
total  1173319 subs 9168
Trial 96/1000, Params: dpd_5.0_dpg_0.1_ws_50_mg_4.0_sim_0.0, F1@0.50: 49.51
Processing video: 5085344787448740525
Processing video: 5086465773912997411
Processing video: 5090916219025116054
Processing video: 5092765202446045704
Processing video: 5097975856769557081
Processing video: 5085357672350628540
Processing video: 5103182645622502287
Processing video: 5099449889545545450
Processing video: 5134749367588120522
Processing video: 5172231547180314349
Processing video: 5146258161124252727
Processing video: 5173709444596630576
Processing video: 5218949624445806415
Processing video: 5366409594815891602
Processing video: 5391892065246550398
Processing video: 5525084584552992937
total  1173319 subs 9168
Trial 97/1000, Params: dpd_0.0_dpg_100.0_ws_40_mg_10.0_sim_100.0, F1@0.50: 42.57
Processing video: 5085344787448740525
Processing video: 5085357672350628540Processing video: 5090916219025116054Processing video: 5086465773912997411


Processing video: 5092765202446045704
Processing video: 5097975856769557081
Processing video: 5099449889545545450
Processing video: 5103182645622502287
Processing video: 5134749367588120522Processing video: 5146258161124252727

Processing video: 5172231547180314349
Processing video: 5173709444596630576
Processing video: 5218949624445806415
Processing video: 5391892065246550398
Processing video: 5525084584552992937
Processing video: 5366409594815891602
total  1173319 subs 9168
Trial 98/1000, Params: dpd_2.0_dpg_10.0_ws_50_mg_4.0_sim_2.0, F1@0.50: 52.72
Processing video: 5085344787448740525
Processing video: 5085357672350628540
Processing video: 5086465773912997411
Processing video: 5090916219025116054
Processing video: 5092765202446045704
Processing video: 5097975856769557081
Processing video: 5103182645622502287
Processing video: 5099449889545545450
Processing video: 5134749367588120522
Processing video: 5172231547180314349
Processing video: 5146258161124252727
Processing video: 5173709444596630576
Processing video: 5218949624445806415
Processing video: 5391892065246550398
Processing video: 5366409594815891602
Processing video: 5525084584552992937
total  1173319 subs 9168
Trial 99/1000, Params: dpd_100.0_dpg_1.0_ws_50_mg_2.0_sim_2.0, F1@0.50: 31.97
Processing video: 5085344787448740525
Processing video: 5085357672350628540
Processing video: 5086465773912997411
Processing video: 5090916219025116054
Processing video: 5092765202446045704
Processing video: 5097975856769557081
Processing video: 5103182645622502287
Processing video: 5099449889545545450
Processing video: 5134749367588120522
Processing video: 5146258161124252727
Processing video: 5173709444596630576
Processing video: 5172231547180314349
Processing video: 5218949624445806415
Processing video: 5366409594815891602
Processing video: 5525084584552992937
Processing video: 5391892065246550398
total  1173319 subs 9168
Trial 100/1000, Params: dpd_0.1_dpg_0.1_ws_50_mg_4.0_sim_0.5, F1@0.50: 50.04
Processing video: 5085344787448740525
Processing video: 5085357672350628540
Processing video: 5086465773912997411
Processing video: 5090916219025116054
Processing video: 5092765202446045704
Processing video: 5099449889545545450
Processing video: 5097975856769557081
Processing video: 5103182645622502287
Processing video: 5134749367588120522
Processing video: 5146258161124252727
Processing video: 5173709444596630576
Processing video: 5218949624445806415
Processing video: 5172231547180314349
Processing video: 5391892065246550398
Processing video: 5366409594815891602
Processing video: 5525084584552992937
total  1173319 subs 9168
Trial 101/1000, Params: dpd_100.0_dpg_100.0_ws_40_mg_6.0_sim_1.0, F1@0.50: 40.46
Processing video: 5085344787448740525
Processing video: 5085357672350628540
Processing video: 5086465773912997411
Processing video: 5090916219025116054
Processing video: 5092765202446045704
Processing video: 5097975856769557081
Processing video: 5103182645622502287
Processing video: 5099449889545545450
Processing video: 5134749367588120522
Processing video: 5146258161124252727
Processing video: 5172231547180314349
Processing video: 5173709444596630576
Processing video: 5366409594815891602
Processing video: 5218949624445806415
Processing video: 5391892065246550398
Processing video: 5525084584552992937
total  1173319 subs 9168
Trial 102/1000, Params: dpd_0.1_dpg_100.0_ws_20_mg_6.0_sim_50.0, F1@0.50: 46.69
Processing video: 5085357672350628540
Processing video: 5085344787448740525
Processing video: 5086465773912997411
Processing video: 5090916219025116054
Processing video: 5092765202446045704
Processing video: 5097975856769557081
Processing video: 5099449889545545450
Processing video: 5103182645622502287
Processing video: 5134749367588120522
Processing video: 5172231547180314349
Processing video: 5173709444596630576
Processing video: 5146258161124252727
Processing video: 5366409594815891602
Processing video: 5391892065246550398
Processing video: 5218949624445806415
Processing video: 5525084584552992937
total  1173319 subs 9168
Trial 103/1000, Params: dpd_20.0_dpg_1.0_ws_40_mg_6.0_sim_10.0, F1@0.50: 47.94
Processing video: 5085344787448740525
Processing video: 5085357672350628540Processing video: 5086465773912997411Processing video: 5090916219025116054

Processing video: 5092765202446045704

Processing video: 5097975856769557081
Processing video: 5099449889545545450
Processing video: 5103182645622502287
Processing video: 5134749367588120522Processing video: 5146258161124252727

Processing video: 5172231547180314349
Processing video: 5173709444596630576Processing video: 5218949624445806415

Processing video: 5366409594815891602
Processing video: 5391892065246550398
Processing video: 5525084584552992937
total  1173319 subs 9168
Trial 104/1000, Params: dpd_10.0_dpg_0.1_ws_30_mg_2.0_sim_2.0, F1@0.50: 47.91
Processing video: 5085344787448740525
Processing video: 5085357672350628540
Processing video: 5086465773912997411
Processing video: 5090916219025116054
Processing video: 5092765202446045704
Processing video: 5097975856769557081
Processing video: 5099449889545545450
Processing video: 5103182645622502287
Processing video: 5134749367588120522
Processing video: 5146258161124252727
Processing video: 5172231547180314349
Processing video: 5218949624445806415
Processing video: 5173709444596630576
Processing video: 5366409594815891602
Processing video: 5391892065246550398
Processing video: 5525084584552992937
total  1173319 subs 9168
Trial 105/1000, Params: dpd_10.0_dpg_100.0_ws_40_mg_4.0_sim_1.0, F1@0.50: 44.89
Processing video: 5085357672350628540
Processing video: 5085344787448740525Processing video: 5086465773912997411

Processing video: 5090916219025116054
Processing video: 5092765202446045704
Processing video: 5097975856769557081
Processing video: 5099449889545545450
Processing video: 5134749367588120522
Processing video: 5103182645622502287
Processing video: 5146258161124252727
Processing video: 5172231547180314349
Processing video: 5173709444596630576
Processing video: 5218949624445806415
Processing video: 5366409594815891602
Processing video: 5525084584552992937
Processing video: 5391892065246550398
total  1173319 subs 9168
Trial 106/1000, Params: dpd_0.1_dpg_0.5_ws_20_mg_6.0_sim_30.0, F1@0.50: 49.0
Processing video: 5085344787448740525
Processing video: 5086465773912997411Processing video: 5085357672350628540

Processing video: 5090916219025116054
Processing video: 5092765202446045704
Processing video: 5097975856769557081
Processing video: 5099449889545545450
Processing video: 5103182645622502287
Processing video: 5134749367588120522
Processing video: 5146258161124252727
Processing video: 5172231547180314349
Processing video: 5173709444596630576
Processing video: 5366409594815891602
Processing video: 5218949624445806415
Processing video: 5391892065246550398
Processing video: 5525084584552992937
total  1173319 subs 9168
Trial 107/1000, Params: dpd_2.0_dpg_0.8_ws_20_mg_2.0_sim_0.0, F1@0.50: 49.18
Processing video: 5085344787448740525
Processing video: 5086465773912997411
Processing video: 5085357672350628540
Processing video: 5090916219025116054
Processing video: 5092765202446045704
Processing video: 5097975856769557081
Processing video: 5099449889545545450
Processing video: 5103182645622502287
Processing video: 5146258161124252727
Processing video: 5134749367588120522
Processing video: 5173709444596630576
Processing video: 5172231547180314349
Processing video: 5218949624445806415Processing video: 5391892065246550398

Processing video: 5366409594815891602
Processing video: 5525084584552992937
total  1173319 subs 9168
Trial 108/1000, Params: dpd_5.0_dpg_2.0_ws_30_mg_4.0_sim_100.0, F1@0.50: 51.02
Processing video: 5085344787448740525
Processing video: 5085357672350628540
Processing video: 5086465773912997411
Processing video: 5090916219025116054
Processing video: 5092765202446045704
Processing video: 5099449889545545450
Processing video: 5097975856769557081
Processing video: 5103182645622502287
Processing video: 5172231547180314349
Processing video: 5134749367588120522
Processing video: 5146258161124252727
Processing video: 5173709444596630576
Processing video: 5366409594815891602
Processing video: 5218949624445806415
Processing video: 5391892065246550398
Processing video: 5525084584552992937
total  1173319 subs 9168
Trial 109/1000, Params: dpd_0.1_dpg_1.0_ws_50_mg_4.0_sim_0.0, F1@0.50: 50.29
Processing video: 5085344787448740525
Processing video: 5085357672350628540
Processing video: 5086465773912997411
Processing video: 5090916219025116054
Processing video: 5099449889545545450
Processing video: 5092765202446045704
Processing video: 5097975856769557081
Processing video: 5103182645622502287Processing video: 5146258161124252727

Processing video: 5134749367588120522
Processing video: 5172231547180314349
Processing video: 5366409594815891602
Processing video: 5173709444596630576
Processing video: 5218949624445806415
Processing video: 5525084584552992937
Processing video: 5391892065246550398
total  1173319 subs 9168
Trial 110/1000, Params: dpd_1.0_dpg_0.8_ws_40_mg_4.0_sim_2.0, F1@0.50: 51.83
Processing video: 5085344787448740525
Processing video: 5085357672350628540
Processing video: 5086465773912997411
Processing video: 5090916219025116054
Processing video: 5092765202446045704
Processing video: 5099449889545545450
Processing video: 5097975856769557081
Processing video: 5103182645622502287
Processing video: 5146258161124252727
Processing video: 5134749367588120522
Processing video: 5173709444596630576
Processing video: 5172231547180314349
Processing video: 5366409594815891602
Processing video: 5218949624445806415
Processing video: 5391892065246550398
Processing video: 5525084584552992937
total  1173319 subs 9168
Trial 111/1000, Params: dpd_1.0_dpg_100.0_ws_40_mg_10.0_sim_5.0, F1@0.50: 38.92
Processing video: 5085344787448740525
Processing video: 5085357672350628540
Processing video: 5086465773912997411
Processing video: 5090916219025116054
Processing video: 5092765202446045704
Processing video: 5099449889545545450
Processing video: 5097975856769557081
Processing video: 5103182645622502287
Processing video: 5172231547180314349
Processing video: 5134749367588120522
Processing video: 5146258161124252727
Processing video: 5173709444596630576
Processing video: 5218949624445806415
Processing video: 5366409594815891602
Processing video: 5391892065246550398
Processing video: 5525084584552992937
total  1173319 subs 9168
Trial 112/1000, Params: dpd_5.0_dpg_0.0_ws_50_mg_10.0_sim_0.5, F1@0.50: 49.76
Processing video: 5085344787448740525
Processing video: 5090916219025116054
Processing video: 5086465773912997411Processing video: 5085357672350628540

Processing video: 5092765202446045704
Processing video: 5099449889545545450
Processing video: 5097975856769557081
Processing video: 5134749367588120522
Processing video: 5103182645622502287
Processing video: 5146258161124252727
Processing video: 5172231547180314349
Processing video: 5173709444596630576
Processing video: 5218949624445806415
Processing video: 5366409594815891602
Processing video: 5391892065246550398
Processing video: 5525084584552992937
total  1173319 subs 9168
Trial 113/1000, Params: dpd_0.0_dpg_100.0_ws_50_mg_4.0_sim_10.0, F1@0.50: 37.16
Processing video: 5085357672350628540
Processing video: 5085344787448740525
Processing video: 5086465773912997411
Processing video: 5090916219025116054
Processing video: 5092765202446045704
Processing video: 5097975856769557081
Processing video: 5103182645622502287
Processing video: 5099449889545545450
Processing video: 5134749367588120522
Processing video: 5172231547180314349
Processing video: 5146258161124252727
Processing video: 5173709444596630576
Processing video: 5366409594815891602
Processing video: 5218949624445806415
Processing video: 5525084584552992937
Processing video: 5391892065246550398
total  1173319 subs 9168
Trial 114/1000, Params: dpd_100.0_dpg_20.0_ws_20_mg_8.0_sim_2.0, F1@0.50: 32.93
Processing video: 5085344787448740525
Processing video: 5085357672350628540
Processing video: 5086465773912997411
Processing video: 5092765202446045704
Processing video: 5090916219025116054
Processing video: 5097975856769557081
Processing video: 5099449889545545450Processing video: 5103182645622502287

Processing video: 5134749367588120522
Processing video: 5146258161124252727
Processing video: 5173709444596630576
Processing video: 5172231547180314349
Processing video: 5366409594815891602
Processing video: 5218949624445806415
Processing video: 5391892065246550398
Processing video: 5525084584552992937
total  1173319 subs 9168
Trial 115/1000, Params: dpd_0.1_dpg_10.0_ws_30_mg_6.0_sim_50.0, F1@0.50: 47.56
Processing video: 5085344787448740525
Processing video: 5085357672350628540
Processing video: 5086465773912997411
Processing video: 5090916219025116054
Processing video: 5092765202446045704
Processing video: 5099449889545545450
Processing video: 5097975856769557081
Processing video: 5103182645622502287
Processing video: 5146258161124252727
Processing video: 5134749367588120522
Processing video: 5172231547180314349
Processing video: 5173709444596630576
Processing video: 5218949624445806415
Processing video: 5366409594815891602
Processing video: 5391892065246550398
Processing video: 5525084584552992937
total  1173319 subs 9168
Trial 116/1000, Params: dpd_20.0_dpg_2.0_ws_50_mg_4.0_sim_100.0, F1@0.50: 54.67
Processing video: 5085344787448740525
Processing video: 5086465773912997411
Processing video: 5085357672350628540Processing video: 5090916219025116054

Processing video: 5092765202446045704
Processing video: 5099449889545545450
Processing video: 5103182645622502287Processing video: 5097975856769557081

Processing video: 5134749367588120522Processing video: 5146258161124252727

Processing video: 5172231547180314349
Processing video: 5218949624445806415
Processing video: 5173709444596630576
Processing video: 5366409594815891602
Processing video: 5391892065246550398
Processing video: 5525084584552992937
total  1173319 subs 9168
Trial 117/1000, Params: dpd_0.8_dpg_0.8_ws_20_mg_8.0_sim_1.0, F1@0.50: 49.35
Processing video: 5085344787448740525
Processing video: 5085357672350628540
Processing video: 5086465773912997411
Processing video: 5090916219025116054
Processing video: 5092765202446045704
Processing video: 5099449889545545450
Processing video: 5097975856769557081
Processing video: 5103182645622502287
Processing video: 5134749367588120522
Processing video: 5146258161124252727
Processing video: 5173709444596630576
Processing video: 5172231547180314349
Processing video: 5218949624445806415
Processing video: 5391892065246550398
Processing video: 5366409594815891602
Processing video: 5525084584552992937
total  1173319 subs 9168
Trial 118/1000, Params: dpd_1.0_dpg_0.1_ws_50_mg_10.0_sim_2.0, F1@0.50: 51.09
Processing video: 5085344787448740525
Processing video: 5085357672350628540
Processing video: 5086465773912997411
Processing video: 5090916219025116054
Processing video: 5092765202446045704
Processing video: 5103182645622502287
Processing video: 5097975856769557081
Processing video: 5099449889545545450
Processing video: 5134749367588120522Processing video: 5146258161124252727

Processing video: 5173709444596630576
Processing video: 5172231547180314349
Processing video: 5218949624445806415
Processing video: 5366409594815891602
Processing video: 5391892065246550398
Processing video: 5525084584552992937
total  1173319 subs 9168
Trial 119/1000, Params: dpd_1.0_dpg_10.0_ws_30_mg_6.0_sim_5.0, F1@0.50: 53.06
Processing video: 5085357672350628540
Processing video: 5085344787448740525
Processing video: 5086465773912997411
Processing video: 5090916219025116054
Processing video: 5092765202446045704
Processing video: 5097975856769557081
Processing video: 5099449889545545450
Processing video: 5103182645622502287
Processing video: 5146258161124252727
Processing video: 5134749367588120522
Processing video: 5173709444596630576
Processing video: 5172231547180314349
Processing video: 5218949624445806415
Processing video: 5391892065246550398
Processing video: 5366409594815891602
Processing video: 5525084584552992937
total  1173319 subs 9168
Trial 120/1000, Params: dpd_5.0_dpg_0.1_ws_50_mg_4.0_sim_0.0, F1@0.50: 49.51
Processing video: 5085344787448740525
Processing video: 5090916219025116054Processing video: 5086465773912997411

Processing video: 5085357672350628540
Processing video: 5092765202446045704
Processing video: 5097975856769557081
Processing video: 5099449889545545450
Processing video: 5134749367588120522
Processing video: 5103182645622502287
Processing video: 5172231547180314349Processing video: 5146258161124252727

Processing video: 5173709444596630576
Processing video: 5218949624445806415
Processing video: 5366409594815891602
Processing video: 5391892065246550398
Processing video: 5525084584552992937
total  1173319 subs 9168
Trial 121/1000, Params: dpd_10.0_dpg_2.0_ws_20_mg_10.0_sim_50.0, F1@0.50: 55.14
Processing video: 5085344787448740525
Processing video: 5085357672350628540
Processing video: 5086465773912997411
Processing video: 5090916219025116054
Processing video: 5092765202446045704Processing video: 5097975856769557081

Processing video: 5103182645622502287
Processing video: 5099449889545545450
Processing video: 5134749367588120522
Processing video: 5172231547180314349
Processing video: 5218949624445806415
Processing video: 5366409594815891602
Processing video: 5173709444596630576
Processing video: 5146258161124252727
Processing video: 5391892065246550398
Processing video: 5525084584552992937
total  1173319 subs 9168
Trial 122/1000, Params: dpd_0.0_dpg_2.0_ws_50_mg_4.0_sim_10.0, F1@0.50: 54.02
Processing video: 5085357672350628540Processing video: 5085344787448740525

Processing video: 5086465773912997411
Processing video: 5090916219025116054
Processing video: 5092765202446045704
Processing video: 5097975856769557081
Processing video: 5103182645622502287
Processing video: 5099449889545545450
Processing video: 5172231547180314349Processing video: 5146258161124252727Processing video: 5134749367588120522


Processing video: 5173709444596630576
Processing video: 5366409594815891602
Processing video: 5391892065246550398
Processing video: 5218949624445806415
Processing video: 5525084584552992937
total  1173319 subs 9168
Trial 123/1000, Params: dpd_0.0_dpg_0.1_ws_30_mg_2.0_sim_50.0, F1@0.50: 44.18
Processing video: 5085344787448740525
Processing video: 5085357672350628540
Processing video: 5086465773912997411
Processing video: 5090916219025116054
Processing video: 5092765202446045704
Processing video: 5099449889545545450
Processing video: 5097975856769557081
Processing video: 5103182645622502287
Processing video: 5134749367588120522
Processing video: 5172231547180314349
Processing video: 5146258161124252727
Processing video: 5173709444596630576
Processing video: 5218949624445806415
Processing video: 5366409594815891602
Processing video: 5525084584552992937
Processing video: 5391892065246550398
total  1173319 subs 9168
Trial 124/1000, Params: dpd_0.1_dpg_0.8_ws_20_mg_8.0_sim_30.0, F1@0.50: 49.31
Processing video: 5085344787448740525Processing video: 5085357672350628540

Processing video: 5086465773912997411
Processing video: 5090916219025116054
Processing video: 5092765202446045704
Processing video: 5097975856769557081
Processing video: 5134749367588120522Processing video: 5099449889545545450

Processing video: 5103182645622502287
Processing video: 5146258161124252727
Processing video: 5172231547180314349
Processing video: 5173709444596630576Processing video: 5366409594815891602

Processing video: 5218949624445806415
Processing video: 5391892065246550398
Processing video: 5525084584552992937
total  1173319 subs 9168
Trial 125/1000, Params: dpd_0.0_dpg_0.0_ws_30_mg_6.0_sim_0.5, F1@0.50: 49.47
Processing video: 5085344787448740525
Processing video: 5092765202446045704
Processing video: 5090916219025116054Processing video: 5085357672350628540Processing video: 5086465773912997411Processing video: 5097975856769557081Processing video: 5099449889545545450




Processing video: 5103182645622502287
Processing video: 5134749367588120522
Processing video: 5146258161124252727
Processing video: 5172231547180314349
Processing video: 5173709444596630576
Processing video: 5366409594815891602
Processing video: 5218949624445806415
Processing video: 5391892065246550398
Processing video: 5525084584552992937
total  1173319 subs 9168
Trial 126/1000, Params: dpd_0.8_dpg_10.0_ws_50_mg_6.0_sim_1.0, F1@0.50: 50.97
Processing video: 5085344787448740525
Processing video: 5085357672350628540
Processing video: 5086465773912997411
Processing video: 5090916219025116054
Processing video: 5092765202446045704
Processing video: 5097975856769557081
Processing video: 5103182645622502287
Processing video: 5099449889545545450
Processing video: 5134749367588120522
Processing video: 5146258161124252727
Processing video: 5173709444596630576
Processing video: 5172231547180314349
Processing video: 5218949624445806415
Processing video: 5366409594815891602
Processing video: 5391892065246550398
Processing video: 5525084584552992937
total  1173319 subs 9168
Trial 127/1000, Params: dpd_2.0_dpg_0.1_ws_30_mg_2.0_sim_5.0, F1@0.50: 52.76
Processing video: 5085344787448740525
Processing video: 5085357672350628540
Processing video: 5086465773912997411
Processing video: 5090916219025116054
Processing video: 5092765202446045704
Processing video: 5099449889545545450
Processing video: 5097975856769557081
Processing video: 5103182645622502287
Processing video: 5134749367588120522
Processing video: 5172231547180314349
Processing video: 5173709444596630576
Processing video: 5146258161124252727
Processing video: 5366409594815891602
Processing video: 5391892065246550398Processing video: 5218949624445806415

Processing video: 5525084584552992937
total  1173319 subs 9168
Trial 128/1000, Params: dpd_0.1_dpg_0.8_ws_20_mg_10.0_sim_50.0, F1@0.50: 46.52
Processing video: 5085357672350628540
Processing video: 5085344787448740525
Processing video: 5086465773912997411
Processing video: 5090916219025116054
Processing video: 5092765202446045704
Processing video: 5097975856769557081
Processing video: 5103182645622502287
Processing video: 5099449889545545450
Processing video: 5134749367588120522
Processing video: 5146258161124252727
Processing video: 5172231547180314349
Processing video: 5173709444596630576
Processing video: 5218949624445806415
Processing video: 5366409594815891602
Processing video: 5391892065246550398
Processing video: 5525084584552992937
total  1173319 subs 9168
Trial 129/1000, Params: dpd_0.1_dpg_0.0_ws_40_mg_8.0_sim_5.0, F1@0.50: 51.84
Processing video: 5085344787448740525
Processing video: 5085357672350628540
Processing video: 5086465773912997411
Processing video: 5090916219025116054
Processing video: 5092765202446045704
Processing video: 5097975856769557081
Processing video: 5099449889545545450Processing video: 5103182645622502287

Processing video: 5134749367588120522
Processing video: 5146258161124252727
Processing video: 5172231547180314349
Processing video: 5173709444596630576
Processing video: 5218949624445806415
Processing video: 5366409594815891602
Processing video: 5391892065246550398
Processing video: 5525084584552992937
total  1173319 subs 9168
Trial 130/1000, Params: dpd_0.5_dpg_20.0_ws_40_mg_6.0_sim_2.0, F1@0.50: 48.95
Processing video: 5085344787448740525
Processing video: 5085357672350628540
Processing video: 5086465773912997411
Processing video: 5090916219025116054
Processing video: 5092765202446045704
Processing video: 5097975856769557081
Processing video: 5099449889545545450
Processing video: 5103182645622502287
Processing video: 5146258161124252727
Processing video: 5134749367588120522
Processing video: 5172231547180314349
Processing video: 5173709444596630576
Processing video: 5366409594815891602
Processing video: 5218949624445806415
Processing video: 5391892065246550398
Processing video: 5525084584552992937
total  1173319 subs 9168
Trial 131/1000, Params: dpd_100.0_dpg_10.0_ws_30_mg_10.0_sim_0.5, F1@0.50: 32.03
Processing video: 5085344787448740525
Processing video: 5085357672350628540
Processing video: 5092765202446045704
Processing video: 5086465773912997411
Processing video: 5090916219025116054
Processing video: 5099449889545545450
Processing video: 5097975856769557081
Processing video: 5103182645622502287
Processing video: 5172231547180314349
Processing video: 5146258161124252727
Processing video: 5134749367588120522
Processing video: 5173709444596630576
Processing video: 5366409594815891602
Processing video: 5218949624445806415
Processing video: 5525084584552992937
Processing video: 5391892065246550398
total  1173319 subs 9168
Trial 132/1000, Params: dpd_2.0_dpg_20.0_ws_20_mg_10.0_sim_0.5, F1@0.50: 47.55
Processing video: 5085344787448740525
Processing video: 5086465773912997411
Processing video: 5085357672350628540
Processing video: 5090916219025116054
Processing video: 5092765202446045704
Processing video: 5097975856769557081
Processing video: 5099449889545545450
Processing video: 5103182645622502287
Processing video: 5134749367588120522
Processing video: 5146258161124252727
Processing video: 5172231547180314349
Processing video: 5218949624445806415
Processing video: 5366409594815891602
Processing video: 5173709444596630576
Processing video: 5391892065246550398
Processing video: 5525084584552992937
total  1173319 subs 9168
Trial 133/1000, Params: dpd_10.0_dpg_10.0_ws_30_mg_4.0_sim_2.0, F1@0.50: 50.64
Processing video: 5085344787448740525
Processing video: 5085357672350628540
Processing video: 5086465773912997411
Processing video: 5090916219025116054
Processing video: 5092765202446045704
Processing video: 5103182645622502287
Processing video: 5097975856769557081
Processing video: 5099449889545545450
Processing video: 5134749367588120522
Processing video: 5173709444596630576
Processing video: 5146258161124252727
Processing video: 5172231547180314349
Processing video: 5218949624445806415
Processing video: 5366409594815891602
Processing video: 5391892065246550398
Processing video: 5525084584552992937
total  1173319 subs 9168
Trial 134/1000, Params: dpd_1.0_dpg_100.0_ws_50_mg_2.0_sim_50.0, F1@0.50: 45.17
Processing video: 5085344787448740525
Processing video: 5085357672350628540
Processing video: 5086465773912997411
Processing video: 5090916219025116054
Processing video: 5092765202446045704
Processing video: 5097975856769557081
Processing video: 5099449889545545450
Processing video: 5134749367588120522
Processing video: 5103182645622502287
Processing video: 5146258161124252727
Processing video: 5172231547180314349
Processing video: 5173709444596630576
Processing video: 5218949624445806415
Processing video: 5366409594815891602
Processing video: 5525084584552992937Processing video: 5391892065246550398

total  1173319 subs 9168
Trial 135/1000, Params: dpd_5.0_dpg_0.1_ws_40_mg_8.0_sim_50.0, F1@0.50: 55.85
Processing video: 5085344787448740525
Processing video: 5085357672350628540
Processing video: 5086465773912997411
Processing video: 5090916219025116054
Processing video: 5092765202446045704
Processing video: 5099449889545545450
Processing video: 5097975856769557081
Processing video: 5103182645622502287
Processing video: 5134749367588120522
Processing video: 5146258161124252727Processing video: 5172231547180314349

Processing video: 5173709444596630576
Processing video: 5366409594815891602
Processing video: 5218949624445806415
Processing video: 5391892065246550398
Processing video: 5525084584552992937
total  1173319 subs 9168
Trial 136/1000, Params: dpd_0.8_dpg_2.0_ws_50_mg_4.0_sim_10.0, F1@0.50: 55.57
Processing video: 5085344787448740525
Processing video: 5086465773912997411
Processing video: 5085357672350628540
Processing video: 5090916219025116054
Processing video: 5092765202446045704
Processing video: 5097975856769557081
Processing video: 5099449889545545450Processing video: 5134749367588120522

Processing video: 5103182645622502287
Processing video: 5146258161124252727
Processing video: 5172231547180314349
Processing video: 5218949624445806415
Processing video: 5173709444596630576
Processing video: 5525084584552992937
Processing video: 5366409594815891602
Processing video: 5391892065246550398
total  1173319 subs 9168
Trial 137/1000, Params: dpd_100.0_dpg_0.5_ws_40_mg_6.0_sim_0.5, F1@0.50: 31.72
Processing video: 5085344787448740525
Processing video: 5085357672350628540
Processing video: 5086465773912997411
Processing video: 5090916219025116054
Processing video: 5092765202446045704
Processing video: 5097975856769557081
Processing video: 5103182645622502287
Processing video: 5099449889545545450
Processing video: 5134749367588120522
Processing video: 5172231547180314349
Processing video: 5146258161124252727
Processing video: 5173709444596630576
Processing video: 5366409594815891602
Processing video: 5218949624445806415
Processing video: 5391892065246550398
Processing video: 5525084584552992937
total  1173319 subs 9168
Trial 138/1000, Params: dpd_0.8_dpg_2.0_ws_20_mg_4.0_sim_1.0, F1@0.50: 50.1
Processing video: 5085344787448740525
Processing video: 5085357672350628540
Processing video: 5086465773912997411
Processing video: 5090916219025116054
Processing video: 5092765202446045704
Processing video: 5097975856769557081
Processing video: 5099449889545545450
Processing video: 5134749367588120522
Processing video: 5103182645622502287
Processing video: 5146258161124252727
Processing video: 5172231547180314349
Processing video: 5218949624445806415
Processing video: 5173709444596630576
Processing video: 5366409594815891602
Processing video: 5391892065246550398
Processing video: 5525084584552992937
total  1173319 subs 9168
Trial 139/1000, Params: dpd_10.0_dpg_0.0_ws_50_mg_2.0_sim_30.0, F1@0.50: 55.4
Processing video: 5085344787448740525
Processing video: 5085357672350628540
Processing video: 5086465773912997411
Processing video: 5090916219025116054
Processing video: 5092765202446045704
Processing video: 5097975856769557081
Processing video: 5134749367588120522
Processing video: 5099449889545545450
Processing video: 5103182645622502287
Processing video: 5146258161124252727
Processing video: 5172231547180314349
Processing video: 5173709444596630576
Processing video: 5366409594815891602
Processing video: 5391892065246550398
Processing video: 5218949624445806415
Processing video: 5525084584552992937
total  1173319 subs 9168
Trial 140/1000, Params: dpd_20.0_dpg_1.0_ws_20_mg_10.0_sim_2.0, F1@0.50: 42.97
Processing video: 5085344787448740525
Processing video: 5085357672350628540
Processing video: 5086465773912997411
Processing video: 5090916219025116054
Processing video: 5092765202446045704
Processing video: 5099449889545545450
Processing video: 5097975856769557081
Processing video: 5146258161124252727
Processing video: 5103182645622502287
Processing video: 5134749367588120522
Processing video: 5173709444596630576
Processing video: 5218949624445806415
Processing video: 5172231547180314349
Processing video: 5366409594815891602Processing video: 5391892065246550398

Processing video: 5525084584552992937
total  1173319 subs 9168
Trial 141/1000, Params: dpd_0.1_dpg_0.8_ws_30_mg_10.0_sim_50.0, F1@0.50: 44.03
Processing video: 5085344787448740525
Processing video: 5086465773912997411
Processing video: 5085357672350628540
Processing video: 5090916219025116054
Processing video: 5092765202446045704
Processing video: 5097975856769557081
Processing video: 5103182645622502287
Processing video: 5099449889545545450
Processing video: 5134749367588120522
Processing video: 5146258161124252727
Processing video: 5172231547180314349
Processing video: 5218949624445806415
Processing video: 5173709444596630576
Processing video: 5366409594815891602
Processing video: 5391892065246550398
Processing video: 5525084584552992937
total  1173319 subs 9168
Trial 142/1000, Params: dpd_0.0_dpg_20.0_ws_50_mg_6.0_sim_30.0, F1@0.50: 48.7
Processing video: 5085344787448740525
Processing video: 5085357672350628540
Processing video: 5086465773912997411
Processing video: 5090916219025116054
Processing video: 5092765202446045704
Processing video: 5099449889545545450
Processing video: 5097975856769557081
Processing video: 5103182645622502287
Processing video: 5134749367588120522
Processing video: 5146258161124252727
Processing video: 5172231547180314349Processing video: 5218949624445806415

Processing video: 5173709444596630576
Processing video: 5366409594815891602
Processing video: 5391892065246550398
Processing video: 5525084584552992937
total  1173319 subs 9168
Trial 143/1000, Params: dpd_100.0_dpg_0.1_ws_30_mg_2.0_sim_0.5, F1@0.50: 32.01
Processing video: 5085357672350628540
Processing video: 5085344787448740525
Processing video: 5086465773912997411
Processing video: 5090916219025116054
Processing video: 5092765202446045704
Processing video: 5099449889545545450
Processing video: 5097975856769557081
Processing video: 5103182645622502287
Processing video: 5146258161124252727
Processing video: 5134749367588120522
Processing video: 5173709444596630576
Processing video: 5172231547180314349
Processing video: 5391892065246550398
Processing video: 5366409594815891602
Processing video: 5218949624445806415
Processing video: 5525084584552992937
total  1173319 subs 9168
Trial 144/1000, Params: dpd_1.0_dpg_2.0_ws_50_mg_6.0_sim_5.0, F1@0.50: 53.65
Processing video: 5085344787448740525
Processing video: 5085357672350628540
Processing video: 5086465773912997411
Processing video: 5090916219025116054
Processing video: 5092765202446045704
Processing video: 5099449889545545450
Processing video: 5097975856769557081
Processing video: 5134749367588120522
Processing video: 5103182645622502287
Processing video: 5146258161124252727
Processing video: 5172231547180314349
Processing video: 5173709444596630576
Processing video: 5218949624445806415
Processing video: 5366409594815891602
Processing video: 5391892065246550398
Processing video: 5525084584552992937
total  1173319 subs 9168
Trial 145/1000, Params: dpd_5.0_dpg_1.0_ws_50_mg_4.0_sim_30.0, F1@0.50: 57.79
Processing video: 5085344787448740525
Processing video: 5085357672350628540
Processing video: 5086465773912997411
Processing video: 5090916219025116054
Processing video: 5092765202446045704
Processing video: 5097975856769557081Processing video: 5099449889545545450

Processing video: 5103182645622502287
Processing video: 5134749367588120522
Processing video: 5146258161124252727
Processing video: 5172231547180314349
Processing video: 5173709444596630576
Processing video: 5218949624445806415
Processing video: 5366409594815891602Processing video: 5391892065246550398

Processing video: 5525084584552992937
total  1173319 subs 9168
Trial 146/1000, Params: dpd_10.0_dpg_0.0_ws_20_mg_4.0_sim_20.0, F1@0.50: 52.64
Processing video: 5085344787448740525
Processing video: 5086465773912997411
Processing video: 5085357672350628540
Processing video: 5090916219025116054
Processing video: 5092765202446045704
Processing video: 5097975856769557081
Processing video: 5099449889545545450
Processing video: 5103182645622502287
Processing video: 5134749367588120522
Processing video: 5146258161124252727
Processing video: 5172231547180314349
Processing video: 5173709444596630576
Processing video: 5218949624445806415
Processing video: 5366409594815891602
Processing video: 5391892065246550398
Processing video: 5525084584552992937
total  1173319 subs 9168
Trial 147/1000, Params: dpd_20.0_dpg_5.0_ws_30_mg_10.0_sim_50.0, F1@0.50: 54.05
Processing video: 5085344787448740525
Processing video: 5085357672350628540
Processing video: 5086465773912997411
Processing video: 5090916219025116054
Processing video: 5092765202446045704
Processing video: 5097975856769557081
Processing video: 5103182645622502287
Processing video: 5099449889545545450
Processing video: 5146258161124252727
Processing video: 5134749367588120522
Processing video: 5173709444596630576
Processing video: 5172231547180314349
Processing video: 5218949624445806415
Processing video: 5366409594815891602
Processing video: 5525084584552992937
Processing video: 5391892065246550398
total  1173319 subs 9168
Trial 148/1000, Params: dpd_100.0_dpg_10.0_ws_40_mg_2.0_sim_10.0, F1@0.50: 35.85
Processing video: 5085344787448740525
Processing video: 5086465773912997411
Processing video: 5085357672350628540
Processing video: 5090916219025116054
Processing video: 5092765202446045704
Processing video: 5099449889545545450
Processing video: 5097975856769557081
Processing video: 5103182645622502287
Processing video: 5134749367588120522
Processing video: 5146258161124252727
Processing video: 5172231547180314349
Processing video: 5218949624445806415
Processing video: 5173709444596630576
Processing video: 5366409594815891602
Processing video: 5525084584552992937
Processing video: 5391892065246550398
total  1173319 subs 9168
Trial 149/1000, Params: dpd_20.0_dpg_2.0_ws_50_mg_8.0_sim_1.0, F1@0.50: 44.5
Processing video: 5085344787448740525
Processing video: 5086465773912997411
Processing video: 5085357672350628540
Processing video: 5090916219025116054
Processing video: 5092765202446045704
Processing video: 5097975856769557081
Processing video: 5099449889545545450
Processing video: 5103182645622502287
Processing video: 5172231547180314349
Processing video: 5134749367588120522
Processing video: 5146258161124252727
Processing video: 5173709444596630576
Processing video: 5366409594815891602
Processing video: 5391892065246550398
Processing video: 5218949624445806415
Processing video: 5525084584552992937
total  1173319 subs 9168
Trial 150/1000, Params: dpd_0.8_dpg_100.0_ws_50_mg_8.0_sim_100.0, F1@0.50: 43.16
Processing video: 5085344787448740525
Processing video: 5085357672350628540
Processing video: 5086465773912997411
Processing video: 5090916219025116054
Processing video: 5092765202446045704
Processing video: 5099449889545545450
Processing video: 5097975856769557081
Processing video: 5103182645622502287
Processing video: 5134749367588120522
Processing video: 5146258161124252727
Processing video: 5172231547180314349
Processing video: 5218949624445806415
Processing video: 5173709444596630576
Processing video: 5366409594815891602
Processing video: 5391892065246550398
Processing video: 5525084584552992937
total  1173319 subs 9168
Trial 151/1000, Params: dpd_0.0_dpg_2.0_ws_40_mg_6.0_sim_20.0, F1@0.50: 51.1
Processing video: 5085344787448740525
Processing video: 5085357672350628540
Processing video: 5086465773912997411
Processing video: 5090916219025116054
Processing video: 5092765202446045704
Processing video: 5097975856769557081
Processing video: 5099449889545545450
Processing video: 5103182645622502287
Processing video: 5134749367588120522
Processing video: 5146258161124252727
Processing video: 5172231547180314349
Processing video: 5173709444596630576
Processing video: 5218949624445806415
Processing video: 5366409594815891602
Processing video: 5391892065246550398
Processing video: 5525084584552992937
total  1173319 subs 9168
Trial 152/1000, Params: dpd_10.0_dpg_100.0_ws_20_mg_4.0_sim_10.0, F1@0.50: 48.16
Processing video: 5085357672350628540
Processing video: 5086465773912997411
Processing video: 5085344787448740525
Processing video: 5090916219025116054
Processing video: 5092765202446045704
Processing video: 5097975856769557081
Processing video: 5099449889545545450
Processing video: 5103182645622502287
Processing video: 5134749367588120522
Processing video: 5146258161124252727
Processing video: 5172231547180314349
Processing video: 5173709444596630576
Processing video: 5218949624445806415
Processing video: 5366409594815891602
Processing video: 5391892065246550398
Processing video: 5525084584552992937
total  1173319 subs 9168
Trial 153/1000, Params: dpd_2.0_dpg_20.0_ws_50_mg_2.0_sim_2.0, F1@0.50: 51.25
Processing video: 5085344787448740525
Processing video: 5085357672350628540
Processing video: 5086465773912997411
Processing video: 5092765202446045704
Processing video: 5097975856769557081
Processing video: 5134749367588120522
Processing video: 5146258161124252727
Processing video: 5173709444596630576
Processing video: 5172231547180314349Processing video: 5103182645622502287Processing video: 5090916219025116054Processing video: 5099449889545545450



Processing video: 5366409594815891602
Processing video: 5391892065246550398
Processing video: 5218949624445806415
Processing video: 5525084584552992937
total  1173319 subs 9168
Trial 154/1000, Params: dpd_20.0_dpg_20.0_ws_40_mg_6.0_sim_10.0, F1@0.50: 51.61
Processing video: 5085344787448740525
Processing video: 5085357672350628540
Processing video: 5086465773912997411
Processing video: 5092765202446045704
Processing video: 5090916219025116054Processing video: 5097975856769557081

Processing video: 5099449889545545450
Processing video: 5103182645622502287
Processing video: 5134749367588120522
Processing video: 5146258161124252727
Processing video: 5172231547180314349
Processing video: 5173709444596630576
Processing video: 5218949624445806415
Processing video: 5366409594815891602
Processing video: 5391892065246550398
Processing video: 5525084584552992937
total  1173319 subs 9168
Trial 155/1000, Params: dpd_10.0_dpg_0.5_ws_30_mg_10.0_sim_5.0, F1@0.50: 49.41
Processing video: 5085344787448740525
Processing video: 5085357672350628540
Processing video: 5086465773912997411
Processing video: 5090916219025116054Processing video: 5092765202446045704

Processing video: 5097975856769557081
Processing video: 5099449889545545450
Processing video: 5103182645622502287
Processing video: 5146258161124252727
Processing video: 5134749367588120522
Processing video: 5172231547180314349
Processing video: 5173709444596630576
Processing video: 5218949624445806415
Processing video: 5391892065246550398
Processing video: 5366409594815891602
Processing video: 5525084584552992937
total  1173319 subs 9168
Trial 156/1000, Params: dpd_20.0_dpg_100.0_ws_20_mg_8.0_sim_10.0, F1@0.50: 48.87
Processing video: 5085344787448740525
Processing video: 5086465773912997411
Processing video: 5085357672350628540
Processing video: 5090916219025116054
Processing video: 5092765202446045704
Processing video: 5097975856769557081
Processing video: 5099449889545545450
Processing video: 5134749367588120522
Processing video: 5103182645622502287
Processing video: 5173709444596630576
Processing video: 5146258161124252727
Processing video: 5172231547180314349
Processing video: 5218949624445806415
Processing video: 5391892065246550398
Processing video: 5366409594815891602
Processing video: 5525084584552992937
total  1173319 subs 9168
Trial 157/1000, Params: dpd_20.0_dpg_2.0_ws_30_mg_4.0_sim_1.0, F1@0.50: 43.68
Processing video: 5085344787448740525
Processing video: 5085357672350628540
Processing video: 5086465773912997411
Processing video: 5090916219025116054
Processing video: 5092765202446045704
Processing video: 5099449889545545450
Processing video: 5097975856769557081
Processing video: 5103182645622502287
Processing video: 5134749367588120522
Processing video: 5146258161124252727
Processing video: 5172231547180314349
Processing video: 5173709444596630576
Processing video: 5218949624445806415
Processing video: 5391892065246550398
Processing video: 5366409594815891602
Processing video: 5525084584552992937
total  1173319 subs 9168
Trial 158/1000, Params: dpd_2.0_dpg_10.0_ws_40_mg_4.0_sim_1.0, F1@0.50: 51.95
Processing video: 5085344787448740525
Processing video: 5085357672350628540
Processing video: 5086465773912997411
Processing video: 5090916219025116054
Processing video: 5092765202446045704
Processing video: 5097975856769557081
Processing video: 5103182645622502287Processing video: 5099449889545545450
Processing video: 5134749367588120522

Processing video: 5146258161124252727
Processing video: 5172231547180314349
Processing video: 5173709444596630576
Processing video: 5218949624445806415
Processing video: 5366409594815891602
Processing video: 5391892065246550398
Processing video: 5525084584552992937
total  1173319 subs 9168
Trial 159/1000, Params: dpd_10.0_dpg_20.0_ws_20_mg_4.0_sim_50.0, F1@0.50: 56.57
Processing video: 5085344787448740525
Processing video: 5085357672350628540
Processing video: 5086465773912997411
Processing video: 5090916219025116054
Processing video: 5092765202446045704
Processing video: 5097975856769557081
Processing video: 5099449889545545450
Processing video: 5103182645622502287
Processing video: 5134749367588120522
Processing video: 5146258161124252727
Processing video: 5172231547180314349
Processing video: 5173709444596630576
Processing video: 5218949624445806415
Processing video: 5366409594815891602
Processing video: 5391892065246550398
Processing video: 5525084584552992937
total  1173319 subs 9168
Trial 160/1000, Params: dpd_5.0_dpg_0.5_ws_30_mg_2.0_sim_1.0, F1@0.50: 50.06
Processing video: 5085344787448740525
Processing video: 5085357672350628540
Processing video: 5086465773912997411
Processing video: 5097975856769557081
Processing video: 5099449889545545450
Processing video: 5090916219025116054
Processing video: 5146258161124252727
Processing video: 5172231547180314349
Processing video: 5103182645622502287
Processing video: 5134749367588120522
Processing video: 5092765202446045704
Processing video: 5173709444596630576
Processing video: 5218949624445806415
Processing video: 5366409594815891602
Processing video: 5391892065246550398
Processing video: 5525084584552992937
total  1173319 subs 9168
Trial 161/1000, Params: dpd_10.0_dpg_2.0_ws_30_mg_4.0_sim_10.0, F1@0.50: 52.1
Processing video: 5085344787448740525
Processing video: 5085357672350628540
Processing video: 5090916219025116054
Processing video: 5086465773912997411
Processing video: 5092765202446045704
Processing video: 5097975856769557081
Processing video: 5099449889545545450
Processing video: 5103182645622502287
Processing video: 5134749367588120522
Processing video: 5146258161124252727
Processing video: 5172231547180314349
Processing video: 5173709444596630576
Processing video: 5218949624445806415
Processing video: 5366409594815891602
Processing video: 5391892065246550398
Processing video: 5525084584552992937
total  1173319 subs 9168
Trial 162/1000, Params: dpd_2.0_dpg_0.1_ws_40_mg_4.0_sim_10.0, F1@0.50: 55.2
Processing video: 5085344787448740525
Processing video: 5085357672350628540
Processing video: 5086465773912997411
Processing video: 5090916219025116054
Processing video: 5092765202446045704
Processing video: 5097975856769557081
Processing video: 5103182645622502287
Processing video: 5134749367588120522
Processing video: 5099449889545545450
Processing video: 5172231547180314349
Processing video: 5173709444596630576
Processing video: 5366409594815891602
Processing video: 5525084584552992937
Processing video: 5146258161124252727Processing video: 5391892065246550398

Processing video: 5218949624445806415
total  1173319 subs 9168
Trial 163/1000, Params: dpd_100.0_dpg_2.0_ws_20_mg_2.0_sim_10.0, F1@0.50: 38.37
Processing video: 5085344787448740525
Processing video: 5085357672350628540
Processing video: 5090916219025116054
Processing video: 5086465773912997411
Processing video: 5092765202446045704
Processing video: 5097975856769557081
Processing video: 5099449889545545450
Processing video: 5103182645622502287
Processing video: 5134749367588120522
Processing video: 5146258161124252727
Processing video: 5172231547180314349
Processing video: 5173709444596630576
Processing video: 5218949624445806415
Processing video: 5366409594815891602
Processing video: 5391892065246550398
Processing video: 5525084584552992937
total  1173319 subs 9168
Trial 164/1000, Params: dpd_0.1_dpg_0.5_ws_50_mg_8.0_sim_0.0, F1@0.50: 50.05
Processing video: 5085344787448740525
Processing video: 5085357672350628540
Processing video: 5086465773912997411
Processing video: 5099449889545545450
Processing video: 5090916219025116054
Processing video: 5134749367588120522
Processing video: 5092765202446045704
Processing video: 5097975856769557081
Processing video: 5103182645622502287
Processing video: 5172231547180314349
Processing video: 5146258161124252727
Processing video: 5366409594815891602
Processing video: 5173709444596630576
Processing video: 5218949624445806415
Processing video: 5525084584552992937
Processing video: 5391892065246550398
total  1173319 subs 9168
Trial 165/1000, Params: dpd_1.0_dpg_0.5_ws_50_mg_2.0_sim_50.0, F1@0.50: 47.83
Processing video: 5085344787448740525
Processing video: 5085357672350628540
Processing video: 5086465773912997411
Processing video: 5090916219025116054
Processing video: 5092765202446045704
Processing video: 5097975856769557081
Processing video: 5099449889545545450
Processing video: 5103182645622502287
Processing video: 5134749367588120522
Processing video: 5146258161124252727
Processing video: 5173709444596630576
Processing video: 5172231547180314349
Processing video: 5218949624445806415
Processing video: 5366409594815891602
Processing video: 5391892065246550398
Processing video: 5525084584552992937
total  1173319 subs 9168
Trial 166/1000, Params: dpd_10.0_dpg_0.0_ws_30_mg_2.0_sim_50.0, F1@0.50: 56.21
Processing video: 5085344787448740525
Processing video: 5085357672350628540
Processing video: 5086465773912997411
Processing video: 5090916219025116054
Processing video: 5092765202446045704
Processing video: 5097975856769557081
Processing video: 5099449889545545450
Processing video: 5103182645622502287
Processing video: 5134749367588120522
Processing video: 5146258161124252727
Processing video: 5172231547180314349
Processing video: 5218949624445806415
Processing video: 5366409594815891602
Processing video: 5525084584552992937
Processing video: 5173709444596630576
Processing video: 5391892065246550398
total  1173319 subs 9168
Trial 167/1000, Params: dpd_0.5_dpg_0.5_ws_20_mg_8.0_sim_1.0, F1@0.50: 48.99
Processing video: 5085344787448740525
Processing video: 5086465773912997411
Processing video: 5090916219025116054
Processing video: 5085357672350628540
Processing video: 5092765202446045704
Processing video: 5097975856769557081
Processing video: 5099449889545545450
Processing video: 5134749367588120522Processing video: 5103182645622502287

Processing video: 5146258161124252727
Processing video: 5172231547180314349
Processing video: 5173709444596630576
Processing video: 5218949624445806415
Processing video: 5366409594815891602
Processing video: 5391892065246550398
Processing video: 5525084584552992937
total  1173319 subs 9168
Trial 168/1000, Params: dpd_0.5_dpg_20.0_ws_50_mg_4.0_sim_20.0, F1@0.50: 52.94
Processing video: 5085344787448740525
Processing video: 5085357672350628540
Processing video: 5086465773912997411
Processing video: 5090916219025116054
Processing video: 5092765202446045704
Processing video: 5097975856769557081
Processing video: 5099449889545545450
Processing video: 5103182645622502287
Processing video: 5134749367588120522
Processing video: 5146258161124252727
Processing video: 5172231547180314349
Processing video: 5173709444596630576
Processing video: 5218949624445806415
Processing video: 5366409594815891602
Processing video: 5391892065246550398
Processing video: 5525084584552992937
total  1173319 subs 9168
Trial 169/1000, Params: dpd_0.8_dpg_100.0_ws_50_mg_8.0_sim_0.5, F1@0.50: 34.97
Processing video: 5085344787448740525
Processing video: 5085357672350628540
Processing video: 5086465773912997411
Processing video: 5090916219025116054
Processing video: 5092765202446045704
Processing video: 5097975856769557081
Processing video: 5146258161124252727
Processing video: 5103182645622502287Processing video: 5099449889545545450

Processing video: 5172231547180314349
Processing video: 5173709444596630576
Processing video: 5218949624445806415
Processing video: 5366409594815891602
Processing video: 5134749367588120522
Processing video: 5391892065246550398
Processing video: 5525084584552992937
total  1173319 subs 9168
Trial 170/1000, Params: dpd_2.0_dpg_2.0_ws_30_mg_2.0_sim_20.0, F1@0.50: 58.02
Processing video: 5085344787448740525
Processing video: 5085357672350628540
Processing video: 5090916219025116054
Processing video: 5092765202446045704
Processing video: 5086465773912997411
Processing video: 5097975856769557081
Processing video: 5099449889545545450
Processing video: 5103182645622502287
Processing video: 5134749367588120522
Processing video: 5146258161124252727
Processing video: 5173709444596630576
Processing video: 5172231547180314349Processing video: 5218949624445806415

Processing video: 5366409594815891602
Processing video: 5391892065246550398
Processing video: 5525084584552992937
total  1173319 subs 9168
Trial 171/1000, Params: dpd_0.8_dpg_10.0_ws_50_mg_10.0_sim_100.0, F1@0.50: 42.56
Processing video: 5085344787448740525
Processing video: 5085357672350628540
Processing video: 5086465773912997411
Processing video: 5090916219025116054
Processing video: 5092765202446045704
Processing video: 5097975856769557081
Processing video: 5099449889545545450
Processing video: 5103182645622502287
Processing video: 5134749367588120522
Processing video: 5146258161124252727
Processing video: 5172231547180314349
Processing video: 5218949624445806415
Processing video: 5366409594815891602
Processing video: 5173709444596630576
Processing video: 5525084584552992937
Processing video: 5391892065246550398
total  1173319 subs 9168
Trial 172/1000, Params: dpd_2.0_dpg_0.8_ws_50_mg_4.0_sim_1.0, F1@0.50: 51.47
Processing video: 5085344787448740525
Processing video: 5085357672350628540
Processing video: 5086465773912997411
Processing video: 5090916219025116054
Processing video: 5092765202446045704
Processing video: 5097975856769557081
Processing video: 5099449889545545450
Processing video: 5103182645622502287
Processing video: 5146258161124252727
Processing video: 5134749367588120522
Processing video: 5172231547180314349
Processing video: 5173709444596630576
Processing video: 5366409594815891602
Processing video: 5218949624445806415
Processing video: 5391892065246550398
Processing video: 5525084584552992937
total  1173319 subs 9168
Trial 173/1000, Params: dpd_2.0_dpg_1.0_ws_20_mg_4.0_sim_20.0, F1@0.50: 56.01
Processing video: 5085344787448740525
Processing video: 5085357672350628540
Processing video: 5086465773912997411
Processing video: 5090916219025116054
Processing video: 5092765202446045704
Processing video: 5097975856769557081
Processing video: 5103182645622502287
Processing video: 5099449889545545450
Processing video: 5134749367588120522
Processing video: 5172231547180314349
Processing video: 5146258161124252727
Processing video: 5173709444596630576
Processing video: 5366409594815891602
Processing video: 5218949624445806415
Processing video: 5525084584552992937
Processing video: 5391892065246550398
total  1173319 subs 9168
Trial 174/1000, Params: dpd_1.0_dpg_0.5_ws_20_mg_10.0_sim_2.0, F1@0.50: 49.72
Processing video: 5085344787448740525
Processing video: 5085357672350628540
Processing video: 5086465773912997411
Processing video: 5090916219025116054
Processing video: 5092765202446045704
Processing video: 5134749367588120522
Processing video: 5097975856769557081
Processing video: 5146258161124252727Processing video: 5103182645622502287

Processing video: 5172231547180314349Processing video: 5099449889545545450

Processing video: 5173709444596630576
Processing video: 5218949624445806415
Processing video: 5366409594815891602
Processing video: 5391892065246550398
Processing video: 5525084584552992937
total  1173319 subs 9168
Trial 175/1000, Params: dpd_100.0_dpg_0.1_ws_40_mg_8.0_sim_10.0, F1@0.50: 34.93
Processing video: 5085344787448740525
Processing video: 5085357672350628540
Processing video: 5086465773912997411
Processing video: 5090916219025116054
Processing video: 5099449889545545450
Processing video: 5092765202446045704
Processing video: 5097975856769557081
Processing video: 5103182645622502287
Processing video: 5134749367588120522
Processing video: 5146258161124252727
Processing video: 5172231547180314349
Processing video: 5173709444596630576
Processing video: 5218949624445806415
Processing video: 5366409594815891602
Processing video: 5391892065246550398
Processing video: 5525084584552992937
total  1173319 subs 9168
Trial 176/1000, Params: dpd_2.0_dpg_0.5_ws_50_mg_8.0_sim_50.0, F1@0.50: 50.66
Processing video: 5085344787448740525
Processing video: 5085357672350628540
Processing video: 5086465773912997411
Processing video: 5090916219025116054
Processing video: 5092765202446045704
Processing video: 5097975856769557081
Processing video: 5099449889545545450
Processing video: 5103182645622502287
Processing video: 5146258161124252727Processing video: 5134749367588120522
Processing video: 5172231547180314349Processing video: 5218949624445806415Processing video: 5366409594815891602



Processing video: 5173709444596630576
Processing video: 5525084584552992937
Processing video: 5391892065246550398
total  1173319 subs 9168
Trial 177/1000, Params: dpd_5.0_dpg_2.0_ws_40_mg_8.0_sim_2.0, F1@0.50: 51.53
Processing video: 5085344787448740525
Processing video: 5086465773912997411
Processing video: 5090916219025116054
Processing video: 5085357672350628540
Processing video: 5092765202446045704
Processing video: 5097975856769557081
Processing video: 5099449889545545450
Processing video: 5103182645622502287
Processing video: 5134749367588120522
Processing video: 5146258161124252727
Processing video: 5172231547180314349
Processing video: 5173709444596630576
Processing video: 5218949624445806415
Processing video: 5366409594815891602
Processing video: 5391892065246550398Processing video: 5525084584552992937

total  1173319 subs 9168
Trial 178/1000, Params: dpd_0.8_dpg_100.0_ws_40_mg_10.0_sim_20.0, F1@0.50: 43.11
Processing video: 5085344787448740525
Processing video: 5085357672350628540
Processing video: 5086465773912997411
Processing video: 5090916219025116054
Processing video: 5092765202446045704
Processing video: 5097975856769557081
Processing video: 5099449889545545450
Processing video: 5103182645622502287
Processing video: 5134749367588120522
Processing video: 5146258161124252727
Processing video: 5172231547180314349
Processing video: 5173709444596630576
Processing video: 5218949624445806415
Processing video: 5366409594815891602
Processing video: 5391892065246550398
Processing video: 5525084584552992937
total  1173319 subs 9168
Trial 179/1000, Params: dpd_0.8_dpg_20.0_ws_30_mg_8.0_sim_30.0, F1@0.50: 53.09
Processing video: 5085344787448740525
Processing video: 5085357672350628540
Processing video: 5086465773912997411
Processing video: 5090916219025116054
Processing video: 5092765202446045704
Processing video: 5097975856769557081
Processing video: 5099449889545545450
Processing video: 5103182645622502287
Processing video: 5134749367588120522
Processing video: 5146258161124252727
Processing video: 5172231547180314349
Processing video: 5173709444596630576
Processing video: 5218949624445806415
Processing video: 5366409594815891602
Processing video: 5391892065246550398
Processing video: 5525084584552992937
total  1173319 subs 9168
Trial 180/1000, Params: dpd_0.1_dpg_10.0_ws_30_mg_8.0_sim_30.0, F1@0.50: 50.88
Processing video: 5085344787448740525
Processing video: 5085357672350628540
Processing video: 5086465773912997411
Processing video: 5092765202446045704
Processing video: 5097975856769557081
Processing video: 5103182645622502287
Processing video: 5090916219025116054Processing video: 5099449889545545450

Processing video: 5134749367588120522
Processing video: 5172231547180314349
Processing video: 5146258161124252727
Processing video: 5173709444596630576
Processing video: 5218949624445806415
Processing video: 5366409594815891602
Processing video: 5391892065246550398
Processing video: 5525084584552992937
total  1173319 subs 9168
Trial 181/1000, Params: dpd_0.5_dpg_5.0_ws_40_mg_4.0_sim_10.0, F1@0.50: 55.14
Processing video: 5085344787448740525
Processing video: 5085357672350628540
Processing video: 5086465773912997411
Processing video: 5090916219025116054
Processing video: 5092765202446045704
Processing video: 5097975856769557081
Processing video: 5099449889545545450
Processing video: 5146258161124252727
Processing video: 5172231547180314349Processing video: 5103182645622502287

Processing video: 5391892065246550398
Processing video: 5525084584552992937
Processing video: 5134749367588120522Processing video: 5173709444596630576Processing video: 5218949624445806415
Processing video: 5366409594815891602


total  1173319 subs 9168
Trial 182/1000, Params: dpd_0.5_dpg_100.0_ws_20_mg_6.0_sim_5.0, F1@0.50: 38.77
Processing video: 5085344787448740525
Processing video: 5085357672350628540
Processing video: 5090916219025116054
Processing video: 5086465773912997411
Processing video: 5092765202446045704
Processing video: 5097975856769557081
Processing video: 5099449889545545450
Processing video: 5103182645622502287
Processing video: 5134749367588120522
Processing video: 5146258161124252727
Processing video: 5218949624445806415
Processing video: 5366409594815891602
Processing video: 5173709444596630576Processing video: 5172231547180314349

Processing video: 5525084584552992937
Processing video: 5391892065246550398
total  1173319 subs 9168
Trial 183/1000, Params: dpd_0.0_dpg_0.5_ws_50_mg_2.0_sim_5.0, F1@0.50: 52.81
Processing video: 5085344787448740525
Processing video: 5085357672350628540
Processing video: 5086465773912997411
Processing video: 5090916219025116054
Processing video: 5092765202446045704
Processing video: 5097975856769557081
Processing video: 5099449889545545450
Processing video: 5103182645622502287
Processing video: 5134749367588120522
Processing video: 5146258161124252727
Processing video: 5172231547180314349
Processing video: 5173709444596630576
Processing video: 5218949624445806415
Processing video: 5366409594815891602
Processing video: 5391892065246550398
Processing video: 5525084584552992937
total  1173319 subs 9168
Trial 184/1000, Params: dpd_0.5_dpg_20.0_ws_20_mg_2.0_sim_1.0, F1@0.50: 46.93
Processing video: 5085344787448740525
Processing video: 5085357672350628540
Processing video: 5086465773912997411
Processing video: 5090916219025116054
Processing video: 5092765202446045704
Processing video: 5097975856769557081
Processing video: 5099449889545545450
Processing video: 5103182645622502287
Processing video: 5134749367588120522
Processing video: 5146258161124252727
Processing video: 5173709444596630576
Processing video: 5172231547180314349
Processing video: 5366409594815891602
Processing video: 5218949624445806415
Processing video: 5391892065246550398
Processing video: 5525084584552992937
total  1173319 subs 9168
Trial 185/1000, Params: dpd_5.0_dpg_0.0_ws_40_mg_4.0_sim_10.0, F1@0.50: 54.04
Processing video: 5085344787448740525
Processing video: 5085357672350628540
Processing video: 5086465773912997411
Processing video: 5090916219025116054
Processing video: 5092765202446045704
Processing video: 5097975856769557081
Processing video: 5099449889545545450
Processing video: 5103182645622502287
Processing video: 5134749367588120522
Processing video: 5146258161124252727Processing video: 5173709444596630576

Processing video: 5366409594815891602
Processing video: 5525084584552992937
Processing video: 5391892065246550398Processing video: 5172231547180314349Processing video: 5218949624445806415


total  1173319 subs 9168
Trial 186/1000, Params: dpd_100.0_dpg_2.0_ws_20_mg_8.0_sim_0.5, F1@0.50: 29.9
Processing video: 5085344787448740525
Processing video: 5090916219025116054
Processing video: 5086465773912997411
Processing video: 5085357672350628540
Processing video: 5092765202446045704
Processing video: 5097975856769557081
Processing video: 5099449889545545450
Processing video: 5103182645622502287
Processing video: 5134749367588120522
Processing video: 5146258161124252727
Processing video: 5172231547180314349
Processing video: 5173709444596630576
Processing video: 5218949624445806415
Processing video: 5366409594815891602
Processing video: 5391892065246550398
Processing video: 5525084584552992937
total  1173319 subs 9168
Trial 187/1000, Params: dpd_100.0_dpg_0.0_ws_50_mg_10.0_sim_20.0, F1@0.50: 36.67
Processing video: 5085344787448740525
Processing video: 5085357672350628540
Processing video: 5086465773912997411
Processing video: 5090916219025116054
Processing video: 5092765202446045704
Processing video: 5097975856769557081
Processing video: 5099449889545545450
Processing video: 5103182645622502287
Processing video: 5134749367588120522
Processing video: 5146258161124252727
Processing video: 5172231547180314349
Processing video: 5173709444596630576
Processing video: 5366409594815891602
Processing video: 5391892065246550398
Processing video: 5218949624445806415
Processing video: 5525084584552992937
total  1173319 subs 9168
Trial 188/1000, Params: dpd_5.0_dpg_0.1_ws_50_mg_8.0_sim_10.0, F1@0.50: 53.91
Processing video: 5085344787448740525
Processing video: 5085357672350628540
Processing video: 5086465773912997411
Processing video: 5090916219025116054
Processing video: 5092765202446045704
Processing video: 5097975856769557081
Processing video: 5099449889545545450
Processing video: 5172231547180314349Processing video: 5134749367588120522

Processing video: 5103182645622502287Processing video: 5146258161124252727

Processing video: 5173709444596630576
Processing video: 5218949624445806415
Processing video: 5366409594815891602
Processing video: 5391892065246550398
Processing video: 5525084584552992937
total  1173319 subs 9168
Trial 189/1000, Params: dpd_0.8_dpg_0.1_ws_20_mg_2.0_sim_1.0, F1@0.50: 49.6
Processing video: 5085344787448740525
Processing video: 5085357672350628540
Processing video: 5092765202446045704Processing video: 5097975856769557081Processing video: 5090916219025116054Processing video: 5086465773912997411



Processing video: 5099449889545545450
Processing video: 5103182645622502287
Processing video: 5134749367588120522
Processing video: 5146258161124252727
Processing video: 5172231547180314349
Processing video: 5173709444596630576
Processing video: 5218949624445806415
Processing video: 5366409594815891602
Processing video: 5391892065246550398
Processing video: 5525084584552992937
total  1173319 subs 9168
Trial 190/1000, Params: dpd_100.0_dpg_0.0_ws_40_mg_10.0_sim_0.5, F1@0.50: 31.75
Processing video: 5085344787448740525
Processing video: 5085357672350628540
Processing video: 5086465773912997411
Processing video: 5090916219025116054
Processing video: 5092765202446045704
Processing video: 5097975856769557081
Processing video: 5099449889545545450
Processing video: 5103182645622502287
Processing video: 5134749367588120522
Processing video: 5146258161124252727
Processing video: 5172231547180314349
Processing video: 5173709444596630576
Processing video: 5366409594815891602Processing video: 5218949624445806415

Processing video: 5391892065246550398
Processing video: 5525084584552992937
total  1173319 subs 9168
Trial 191/1000, Params: dpd_1.0_dpg_0.1_ws_50_mg_8.0_sim_50.0, F1@0.50: 46.8
Processing video: 5085344787448740525
Processing video: 5086465773912997411
Processing video: 5085357672350628540
Processing video: 5090916219025116054
Processing video: 5092765202446045704
Processing video: 5097975856769557081
Processing video: 5099449889545545450
Processing video: 5103182645622502287
Processing video: 5134749367588120522
Processing video: 5146258161124252727
Processing video: 5172231547180314349
Processing video: 5218949624445806415Processing video: 5366409594815891602Processing video: 5173709444596630576


Processing video: 5391892065246550398
Processing video: 5525084584552992937
total  1173319 subs 9168
Trial 192/1000, Params: dpd_100.0_dpg_5.0_ws_40_mg_8.0_sim_2.0, F1@0.50: 32.91
Processing video: 5085344787448740525
Processing video: 5086465773912997411
Processing video: 5090916219025116054
Processing video: 5085357672350628540
Processing video: 5092765202446045704
Processing video: 5097975856769557081
Processing video: 5099449889545545450
Processing video: 5103182645622502287
Processing video: 5134749367588120522
Processing video: 5146258161124252727
Processing video: 5172231547180314349
Processing video: 5173709444596630576
Processing video: 5218949624445806415
Processing video: 5366409594815891602
Processing video: 5391892065246550398
Processing video: 5525084584552992937
total  1173319 subs 9168
Trial 193/1000, Params: dpd_0.0_dpg_5.0_ws_20_mg_8.0_sim_0.5, F1@0.50: 48.02
Processing video: 5085357672350628540
Processing video: 5086465773912997411Processing video: 5090916219025116054Processing video: 5085344787448740525


Processing video: 5092765202446045704
Processing video: 5097975856769557081
Processing video: 5099449889545545450
Processing video: 5134749367588120522
Processing video: 5103182645622502287
Processing video: 5172231547180314349Processing video: 5173709444596630576

Processing video: 5146258161124252727
Processing video: 5218949624445806415
Processing video: 5366409594815891602
Processing video: 5525084584552992937
Processing video: 5391892065246550398
total  1173319 subs 9168
Trial 194/1000, Params: dpd_1.0_dpg_1.0_ws_50_mg_10.0_sim_30.0, F1@0.50: 52.94
Processing video: 5085344787448740525
Processing video: 5086465773912997411
Processing video: 5090916219025116054
Processing video: 5085357672350628540
Processing video: 5092765202446045704
Processing video: 5097975856769557081
Processing video: 5099449889545545450
Processing video: 5103182645622502287
Processing video: 5134749367588120522
Processing video: 5146258161124252727
Processing video: 5172231547180314349
Processing video: 5173709444596630576
Processing video: 5218949624445806415
Processing video: 5366409594815891602
Processing video: 5391892065246550398
Processing video: 5525084584552992937
total  1173319 subs 9168
Trial 195/1000, Params: dpd_2.0_dpg_0.1_ws_30_mg_6.0_sim_0.0, F1@0.50: 49.78
Processing video: 5085344787448740525
Processing video: 5085357672350628540
Processing video: 5086465773912997411
Processing video: 5090916219025116054
Processing video: 5092765202446045704
Processing video: 5097975856769557081
Processing video: 5099449889545545450
Processing video: 5103182645622502287
Processing video: 5134749367588120522
Processing video: 5146258161124252727
Processing video: 5172231547180314349
Processing video: 5173709444596630576
Processing video: 5218949624445806415
Processing video: 5366409594815891602
Processing video: 5391892065246550398
Processing video: 5525084584552992937
total  1173319 subs 9168
Trial 196/1000, Params: dpd_0.8_dpg_20.0_ws_30_mg_8.0_sim_1.0, F1@0.50: 48.9
Processing video: 5085344787448740525
Processing video: 5085357672350628540
Processing video: 5086465773912997411
Processing video: 5090916219025116054
Processing video: 5092765202446045704
Processing video: 5097975856769557081
Processing video: 5099449889545545450
Processing video: 5103182645622502287
Processing video: 5134749367588120522
Processing video: 5146258161124252727
Processing video: 5172231547180314349
Processing video: 5173709444596630576
Processing video: 5218949624445806415
Processing video: 5366409594815891602
Processing video: 5391892065246550398
Processing video: 5525084584552992937
total  1173319 subs 9168
Trial 197/1000, Params: dpd_0.1_dpg_100.0_ws_20_mg_4.0_sim_20.0, F1@0.50: 43.92
Processing video: 5085344787448740525
Processing video: 5085357672350628540
Processing video: 5086465773912997411
Processing video: 5090916219025116054
Processing video: 5092765202446045704
Processing video: 5097975856769557081
Processing video: 5099449889545545450
Processing video: 5103182645622502287
Processing video: 5134749367588120522
Processing video: 5172231547180314349
Processing video: 5173709444596630576
Processing video: 5218949624445806415
Processing video: 5366409594815891602
Processing video: 5146258161124252727
Processing video: 5391892065246550398
Processing video: 5525084584552992937
total  1173319 subs 9168
Trial 198/1000, Params: dpd_100.0_dpg_2.0_ws_30_mg_10.0_sim_0.5, F1@0.50: 31.59
Processing video: 5085344787448740525
Processing video: 5085357672350628540
Processing video: 5086465773912997411
Processing video: 5090916219025116054
Processing video: 5092765202446045704
Processing video: 5097975856769557081
Processing video: 5099449889545545450
Processing video: 5103182645622502287
Processing video: 5146258161124252727
Processing video: 5218949624445806415
Processing video: 5525084584552992937Processing video: 5366409594815891602

Processing video: 5134749367588120522Processing video: 5173709444596630576

Processing video: 5391892065246550398
Processing video: 5172231547180314349
total  1173319 subs 9168
Trial 199/1000, Params: dpd_5.0_dpg_1.0_ws_20_mg_8.0_sim_50.0, F1@0.50: 55.01
Processing video: 5085344787448740525
Processing video: 5085357672350628540
Processing video: 5086465773912997411
Processing video: 5090916219025116054
Processing video: 5092765202446045704
Processing video: 5097975856769557081
Processing video: 5099449889545545450
Processing video: 5146258161124252727Processing video: 5134749367588120522

Processing video: 5172231547180314349
Processing video: 5103182645622502287
Processing video: 5218949624445806415
Processing video: 5173709444596630576
Processing video: 5391892065246550398
Processing video: 5525084584552992937Processing video: 5366409594815891602

total  1173319 subs 9168
Trial 200/1000, Params: dpd_5.0_dpg_5.0_ws_40_mg_2.0_sim_2.0, F1@0.50: 52.25
Processing video: 5085344787448740525
Processing video: 5086465773912997411
Processing video: 5085357672350628540
Processing video: 5090916219025116054
Processing video: 5092765202446045704
Processing video: 5097975856769557081
Processing video: 5099449889545545450
Processing video: 5103182645622502287
Processing video: 5134749367588120522
Processing video: 5146258161124252727
Processing video: 5172231547180314349
Processing video: 5173709444596630576
Processing video: 5218949624445806415
Processing video: 5366409594815891602
Processing video: 5391892065246550398
Processing video: 5525084584552992937
total  1173319 subs 9168
Trial 201/1000, Params: dpd_0.0_dpg_0.0_ws_40_mg_2.0_sim_20.0, F1@0.50: 49.72
Processing video: 5085357672350628540
Processing video: 5086465773912997411
Processing video: 5085344787448740525
Processing video: 5090916219025116054
Processing video: 5092765202446045704
Processing video: 5097975856769557081
Processing video: 5099449889545545450
Processing video: 5103182645622502287
Processing video: 5172231547180314349
Processing video: 5173709444596630576
Processing video: 5134749367588120522Processing video: 5146258161124252727

Processing video: 5218949624445806415
Processing video: 5366409594815891602
Processing video: 5391892065246550398
Processing video: 5525084584552992937
total  1173319 subs 9168
Trial 202/1000, Params: dpd_0.0_dpg_2.0_ws_20_mg_8.0_sim_20.0, F1@0.50: 51.67
Processing video: 5085357672350628540
Processing video: 5085344787448740525
Processing video: 5086465773912997411
Processing video: 5092765202446045704
Processing video: 5099449889545545450
Processing video: 5090916219025116054
Processing video: 5097975856769557081
Processing video: 5103182645622502287
Processing video: 5134749367588120522
Processing video: 5146258161124252727
Processing video: 5172231547180314349
Processing video: 5173709444596630576
Processing video: 5218949624445806415
Processing video: 5366409594815891602
Processing video: 5391892065246550398
Processing video: 5525084584552992937
total  1173319 subs 9168
Trial 203/1000, Params: dpd_2.0_dpg_1.0_ws_50_mg_6.0_sim_2.0, F1@0.50: 52.12
Processing video: 5085344787448740525
Processing video: 5085357672350628540
Processing video: 5086465773912997411
Processing video: 5090916219025116054
Processing video: 5092765202446045704
Processing video: 5097975856769557081
Processing video: 5099449889545545450
Processing video: 5146258161124252727
Processing video: 5103182645622502287
Processing video: 5134749367588120522
Processing video: 5173709444596630576
Processing video: 5172231547180314349
Processing video: 5218949624445806415
Processing video: 5366409594815891602
Processing video: 5525084584552992937
Processing video: 5391892065246550398
total  1173319 subs 9168
Trial 204/1000, Params: dpd_0.0_dpg_10.0_ws_20_mg_8.0_sim_10.0, F1@0.50: 51.47
Processing video: 5085344787448740525
Processing video: 5085357672350628540
Processing video: 5086465773912997411
Processing video: 5090916219025116054
Processing video: 5092765202446045704
Processing video: 5097975856769557081
Processing video: 5099449889545545450
Processing video: 5103182645622502287
Processing video: 5134749367588120522
Processing video: 5146258161124252727
Processing video: 5173709444596630576
Processing video: 5218949624445806415
Processing video: 5172231547180314349
Processing video: 5366409594815891602
Processing video: 5391892065246550398
Processing video: 5525084584552992937
total  1173319 subs 9168
Trial 205/1000, Params: dpd_1.0_dpg_0.1_ws_50_mg_8.0_sim_2.0, F1@0.50: 51.12
Processing video: 5085344787448740525
Processing video: 5086465773912997411
Processing video: 5090916219025116054
Processing video: 5092765202446045704
Processing video: 5097975856769557081
Processing video: 5099449889545545450
Processing video: 5103182645622502287
Processing video: 5134749367588120522
Processing video: 5146258161124252727
Processing video: 5085357672350628540
Processing video: 5172231547180314349
Processing video: 5173709444596630576
Processing video: 5366409594815891602
Processing video: 5525084584552992937
Processing video: 5391892065246550398
Processing video: 5218949624445806415
total  1173319 subs 9168
Trial 206/1000, Params: dpd_0.5_dpg_20.0_ws_50_mg_4.0_sim_1.0, F1@0.50: 48.19
Processing video: 5085344787448740525
Processing video: 5085357672350628540
Processing video: 5090916219025116054
Processing video: 5092765202446045704
Processing video: 5097975856769557081
Processing video: 5099449889545545450
Processing video: 5103182645622502287
Processing video: 5134749367588120522
Processing video: 5086465773912997411Processing video: 5146258161124252727

Processing video: 5172231547180314349
Processing video: 5173709444596630576
Processing video: 5366409594815891602
Processing video: 5525084584552992937
Processing video: 5218949624445806415Processing video: 5391892065246550398

total  1173319 subs 9168
Trial 207/1000, Params: dpd_0.1_dpg_0.5_ws_40_mg_10.0_sim_20.0, F1@0.50: 50.69
Processing video: 5085344787448740525
Processing video: 5086465773912997411
Processing video: 5085357672350628540
Processing video: 5090916219025116054
Processing video: 5092765202446045704
Processing video: 5097975856769557081
Processing video: 5099449889545545450
Processing video: 5103182645622502287
Processing video: 5146258161124252727
Processing video: 5173709444596630576
Processing video: 5218949624445806415
Processing video: 5172231547180314349
Processing video: 5134749367588120522Processing video: 5366409594815891602

Processing video: 5391892065246550398
Processing video: 5525084584552992937
total  1173319 subs 9168
Trial 208/1000, Params: dpd_0.8_dpg_0.0_ws_50_mg_4.0_sim_2.0, F1@0.50: 51.18
Processing video: 5085344787448740525
Processing video: 5085357672350628540
Processing video: 5090916219025116054
Processing video: 5086465773912997411
Processing video: 5092765202446045704
Processing video: 5097975856769557081
Processing video: 5099449889545545450
Processing video: 5103182645622502287
Processing video: 5134749367588120522
Processing video: 5146258161124252727
Processing video: 5172231547180314349
Processing video: 5173709444596630576
Processing video: 5218949624445806415
Processing video: 5366409594815891602
Processing video: 5525084584552992937Processing video: 5391892065246550398

total  1173319 subs 9168
Trial 209/1000, Params: dpd_10.0_dpg_2.0_ws_40_mg_6.0_sim_20.0, F1@0.50: 54.74
Processing video: 5085344787448740525
Processing video: 5085357672350628540
Processing video: 5086465773912997411
Processing video: 5090916219025116054
Processing video: 5092765202446045704
Processing video: 5097975856769557081
Processing video: 5099449889545545450
Processing video: 5103182645622502287
Processing video: 5134749367588120522
Processing video: 5146258161124252727
Processing video: 5172231547180314349
Processing video: 5173709444596630576
Processing video: 5218949624445806415
Processing video: 5366409594815891602
Processing video: 5391892065246550398
Processing video: 5525084584552992937
total  1173319 subs 9168
Trial 210/1000, Params: dpd_2.0_dpg_0.5_ws_40_mg_2.0_sim_10.0, F1@0.50: 55.5
Processing video: 5085344787448740525
Processing video: 5085357672350628540
Processing video: 5086465773912997411
Processing video: 5090916219025116054
Processing video: 5092765202446045704
Processing video: 5097975856769557081
Processing video: 5099449889545545450
Processing video: 5146258161124252727
Processing video: 5172231547180314349
Processing video: 5134749367588120522
Processing video: 5173709444596630576
Processing video: 5218949624445806415
Processing video: 5103182645622502287
Processing video: 5391892065246550398
Processing video: 5366409594815891602
Processing video: 5525084584552992937
total  1173319 subs 9168
Trial 211/1000, Params: dpd_0.0_dpg_0.8_ws_30_mg_4.0_sim_0.5, F1@0.50: 50.39
Processing video: 5085344787448740525
Processing video: 5085357672350628540
Processing video: 5086465773912997411
Processing video: 5090916219025116054
Processing video: 5092765202446045704
Processing video: 5097975856769557081
Processing video: 5099449889545545450
Processing video: 5103182645622502287
Processing video: 5134749367588120522
Processing video: 5146258161124252727
Processing video: 5172231547180314349
Processing video: 5173709444596630576
Processing video: 5218949624445806415
Processing video: 5366409594815891602
Processing video: 5391892065246550398
Processing video: 5525084584552992937
total  1173319 subs 9168
Trial 212/1000, Params: dpd_100.0_dpg_0.8_ws_50_mg_2.0_sim_5.0, F1@0.50: 32.75
Processing video: 5085344787448740525
Processing video: 5085357672350628540
Processing video: 5086465773912997411
Processing video: 5090916219025116054
Processing video: 5092765202446045704
Processing video: 5097975856769557081
Processing video: 5099449889545545450
Processing video: 5103182645622502287
Processing video: 5134749367588120522
Processing video: 5146258161124252727
Processing video: 5172231547180314349
Processing video: 5173709444596630576
Processing video: 5218949624445806415
Processing video: 5366409594815891602
Processing video: 5391892065246550398
Processing video: 5525084584552992937
total  1173319 subs 9168
Trial 213/1000, Params: dpd_0.1_dpg_1.0_ws_40_mg_10.0_sim_30.0, F1@0.50: 47.86
Processing video: 5085344787448740525
Processing video: 5085357672350628540
Processing video: 5086465773912997411
Processing video: 5090916219025116054
Processing video: 5092765202446045704
Processing video: 5097975856769557081
Processing video: 5099449889545545450
Processing video: 5103182645622502287
Processing video: 5134749367588120522
Processing video: 5146258161124252727
Processing video: 5172231547180314349
Processing video: 5173709444596630576
Processing video: 5218949624445806415
Processing video: 5366409594815891602
Processing video: 5391892065246550398
Processing video: 5525084584552992937
total  1173319 subs 9168
Trial 214/1000, Params: dpd_1.0_dpg_5.0_ws_20_mg_6.0_sim_10.0, F1@0.50: 53.83
Processing video: 5085344787448740525
Processing video: 5085357672350628540
Processing video: 5086465773912997411
Processing video: 5090916219025116054
Processing video: 5092765202446045704
Processing video: 5097975856769557081
Processing video: 5099449889545545450
Processing video: 5103182645622502287
Processing video: 5134749367588120522
Processing video: 5146258161124252727
Processing video: 5172231547180314349
Processing video: 5218949624445806415
Processing video: 5391892065246550398
Processing video: 5525084584552992937
Processing video: 5173709444596630576
Processing video: 5366409594815891602
total  1173319 subs 9168
Trial 215/1000, Params: dpd_100.0_dpg_5.0_ws_30_mg_2.0_sim_10.0, F1@0.50: 36.65
Processing video: 5085344787448740525
Processing video: 5085357672350628540
Processing video: 5086465773912997411
Processing video: 5090916219025116054
Processing video: 5092765202446045704
Processing video: 5097975856769557081
Processing video: 5099449889545545450
Processing video: 5103182645622502287
Processing video: 5134749367588120522
Processing video: 5146258161124252727
Processing video: 5172231547180314349
Processing video: 5366409594815891602
Processing video: 5218949624445806415
Processing video: 5173709444596630576
Processing video: 5391892065246550398
Processing video: 5525084584552992937
total  1173319 subs 9168
Trial 216/1000, Params: dpd_0.0_dpg_10.0_ws_50_mg_4.0_sim_5.0, F1@0.50: 51.48
Processing video: 5085344787448740525
Processing video: 5085357672350628540
Processing video: 5086465773912997411
Processing video: 5090916219025116054
Processing video: 5092765202446045704
Processing video: 5097975856769557081
Processing video: 5099449889545545450
Processing video: 5103182645622502287
Processing video: 5134749367588120522
Processing video: 5146258161124252727
Processing video: 5172231547180314349
Processing video: 5173709444596630576
Processing video: 5218949624445806415
Processing video: 5391892065246550398
Processing video: 5525084584552992937Processing video: 5366409594815891602

total  1173319 subs 9168
Trial 217/1000, Params: dpd_0.8_dpg_0.8_ws_40_mg_10.0_sim_0.5, F1@0.50: 50.62
Processing video: 5085344787448740525
Processing video: 5085357672350628540
Processing video: 5090916219025116054
Processing video: 5086465773912997411
Processing video: 5092765202446045704
Processing video: 5097975856769557081
Processing video: 5099449889545545450
Processing video: 5103182645622502287
Processing video: 5134749367588120522
Processing video: 5173709444596630576
Processing video: 5366409594815891602
Processing video: 5525084584552992937
Processing video: 5172231547180314349Processing video: 5218949624445806415Processing video: 5146258161124252727


Processing video: 5391892065246550398
total  1173319 subs 9168
Trial 218/1000, Params: dpd_0.5_dpg_5.0_ws_40_mg_6.0_sim_1.0, F1@0.50: 51.08
Processing video: 5085344787448740525Processing video: 5085357672350628540Processing video: 5086465773912997411


Processing video: 5090916219025116054
Processing video: 5092765202446045704
Processing video: 5097975856769557081
Processing video: 5099449889545545450
Processing video: 5103182645622502287
Processing video: 5134749367588120522
Processing video: 5146258161124252727
Processing video: 5172231547180314349
Processing video: 5173709444596630576
Processing video: 5218949624445806415
Processing video: 5366409594815891602
Processing video: 5391892065246550398
Processing video: 5525084584552992937
total  1173319 subs 9168
Trial 219/1000, Params: dpd_0.8_dpg_0.1_ws_20_mg_4.0_sim_2.0, F1@0.50: 49.82
Processing video: 5085344787448740525
Processing video: 5085357672350628540
Processing video: 5086465773912997411
Processing video: 5090916219025116054
Processing video: 5092765202446045704
Processing video: 5097975856769557081
Processing video: 5099449889545545450
Processing video: 5103182645622502287
Processing video: 5134749367588120522
Processing video: 5146258161124252727
Processing video: 5172231547180314349
Processing video: 5173709444596630576
Processing video: 5366409594815891602
Processing video: 5391892065246550398
Processing video: 5218949624445806415Processing video: 5525084584552992937

total  1173319 subs 9168
Trial 220/1000, Params: dpd_1.0_dpg_1.0_ws_50_mg_4.0_sim_30.0, F1@0.50: 53.05
Processing video: 5085344787448740525
Processing video: 5086465773912997411
Processing video: 5090916219025116054
Processing video: 5092765202446045704
Processing video: 5097975856769557081
Processing video: 5085357672350628540
Processing video: 5099449889545545450
Processing video: 5103182645622502287
Processing video: 5134749367588120522
Processing video: 5146258161124252727
Processing video: 5172231547180314349
Processing video: 5173709444596630576
Processing video: 5218949624445806415
Processing video: 5366409594815891602
Processing video: 5391892065246550398
Processing video: 5525084584552992937
total  1173319 subs 9168
Trial 221/1000, Params: dpd_1.0_dpg_0.0_ws_30_mg_2.0_sim_100.0, F1@0.50: 43.38
Processing video: 5085344787448740525
Processing video: 5085357672350628540
Processing video: 5086465773912997411
Processing video: 5090916219025116054
Processing video: 5092765202446045704
Processing video: 5097975856769557081
Processing video: 5099449889545545450
Processing video: 5103182645622502287
Processing video: 5172231547180314349
Processing video: 5134749367588120522
Processing video: 5218949624445806415
Processing video: 5366409594815891602
Processing video: 5525084584552992937
Processing video: 5173709444596630576Processing video: 5146258161124252727Processing video: 5391892065246550398


total  1173319 subs 9168
Trial 222/1000, Params: dpd_20.0_dpg_0.5_ws_20_mg_2.0_sim_1.0, F1@0.50: 42.22
Processing video: 5085344787448740525
Processing video: 5086465773912997411
Processing video: 5090916219025116054
Processing video: 5092765202446045704
Processing video: 5097975856769557081
Processing video: 5099449889545545450
Processing video: 5103182645622502287
Processing video: 5134749367588120522
Processing video: 5085357672350628540
Processing video: 5146258161124252727
Processing video: 5218949624445806415
Processing video: 5391892065246550398
Processing video: 5173709444596630576Processing video: 5172231547180314349
Processing video: 5366409594815891602

Processing video: 5525084584552992937
total  1173319 subs 9168
Trial 223/1000, Params: dpd_0.5_dpg_0.0_ws_30_mg_4.0_sim_0.0, F1@0.50: 49.54
Processing video: 5085344787448740525
Processing video: 5085357672350628540
Processing video: 5086465773912997411
Processing video: 5090916219025116054
Processing video: 5092765202446045704
Processing video: 5097975856769557081
Processing video: 5099449889545545450
Processing video: 5103182645622502287
Processing video: 5134749367588120522
Processing video: 5146258161124252727
Processing video: 5172231547180314349
Processing video: 5173709444596630576
Processing video: 5218949624445806415
Processing video: 5366409594815891602
Processing video: 5391892065246550398
Processing video: 5525084584552992937
total  1173319 subs 9168
Trial 224/1000, Params: dpd_10.0_dpg_0.1_ws_30_mg_2.0_sim_2.0, F1@0.50: 47.91
Processing video: 5085344787448740525
Processing video: 5085357672350628540
Processing video: 5086465773912997411
Processing video: 5090916219025116054
Processing video: 5092765202446045704
Processing video: 5097975856769557081
Processing video: 5099449889545545450
Processing video: 5103182645622502287
Processing video: 5134749367588120522
Processing video: 5146258161124252727
Processing video: 5172231547180314349
Processing video: 5173709444596630576
Processing video: 5218949624445806415
Processing video: 5366409594815891602
Processing video: 5391892065246550398
Processing video: 5525084584552992937
total  1173319 subs 9168
Trial 225/1000, Params: dpd_10.0_dpg_20.0_ws_40_mg_4.0_sim_2.0, F1@0.50: 52.0
Processing video: 5085344787448740525
Processing video: 5085357672350628540
Processing video: 5086465773912997411
Processing video: 5090916219025116054
Processing video: 5092765202446045704
Processing video: 5097975856769557081
Processing video: 5099449889545545450
Processing video: 5103182645622502287
Processing video: 5134749367588120522
Processing video: 5172231547180314349
Processing video: 5366409594815891602
Processing video: 5173709444596630576
Processing video: 5146258161124252727
Processing video: 5218949624445806415
Processing video: 5525084584552992937
Processing video: 5391892065246550398
total  1173319 subs 9168
Trial 226/1000, Params: dpd_0.1_dpg_0.8_ws_50_mg_6.0_sim_20.0, F1@0.50: 50.86
Processing video: 5085344787448740525
Processing video: 5085357672350628540
Processing video: 5090916219025116054
Processing video: 5086465773912997411
Processing video: 5092765202446045704
Processing video: 5097975856769557081
Processing video: 5099449889545545450
Processing video: 5103182645622502287
Processing video: 5134749367588120522
Processing video: 5146258161124252727
Processing video: 5172231547180314349
Processing video: 5173709444596630576
Processing video: 5366409594815891602
Processing video: 5391892065246550398
Processing video: 5525084584552992937Processing video: 5218949624445806415

total  1173319 subs 9168
Trial 227/1000, Params: dpd_20.0_dpg_0.8_ws_50_mg_6.0_sim_30.0, F1@0.50: 51.92
Processing video: 5085344787448740525
Processing video: 5086465773912997411
Processing video: 5085357672350628540
Processing video: 5090916219025116054
Processing video: 5092765202446045704
Processing video: 5097975856769557081
Processing video: 5099449889545545450
Processing video: 5103182645622502287
Processing video: 5146258161124252727
Processing video: 5134749367588120522
Processing video: 5218949624445806415
Processing video: 5391892065246550398
Processing video: 5366409594815891602
Processing video: 5173709444596630576Processing video: 5525084584552992937Processing video: 5172231547180314349


total  1173319 subs 9168
Trial 228/1000, Params: dpd_0.8_dpg_0.1_ws_20_mg_4.0_sim_0.0, F1@0.50: 48.59
Processing video: 5085344787448740525
Processing video: 5085357672350628540
Processing video: 5090916219025116054
Processing video: 5086465773912997411
Processing video: 5092765202446045704
Processing video: 5097975856769557081
Processing video: 5103182645622502287
Processing video: 5099449889545545450
Processing video: 5173709444596630576
Processing video: 5172231547180314349
Processing video: 5134749367588120522Processing video: 5146258161124252727

Processing video: 5218949624445806415
Processing video: 5366409594815891602
Processing video: 5391892065246550398
Processing video: 5525084584552992937
total  1173319 subs 9168
Trial 229/1000, Params: dpd_0.8_dpg_20.0_ws_40_mg_6.0_sim_1.0, F1@0.50: 49.21
Processing video: 5085344787448740525
Processing video: 5085357672350628540
Processing video: 5086465773912997411
Processing video: 5090916219025116054
Processing video: 5092765202446045704
Processing video: 5097975856769557081
Processing video: 5103182645622502287
Processing video: 5134749367588120522Processing video: 5099449889545545450

Processing video: 5146258161124252727
Processing video: 5172231547180314349
Processing video: 5173709444596630576
Processing video: 5218949624445806415
Processing video: 5366409594815891602
Processing video: 5391892065246550398
Processing video: 5525084584552992937
total  1173319 subs 9168
Trial 230/1000, Params: dpd_0.0_dpg_10.0_ws_20_mg_6.0_sim_5.0, F1@0.50: 50.2
Processing video: 5085344787448740525
Processing video: 5086465773912997411
Processing video: 5085357672350628540
Processing video: 5090916219025116054
Processing video: 5092765202446045704
Processing video: 5097975856769557081
Processing video: 5099449889545545450
Processing video: 5103182645622502287
Processing video: 5172231547180314349
Processing video: 5146258161124252727
Processing video: 5173709444596630576
Processing video: 5134749367588120522
Processing video: 5218949624445806415
Processing video: 5366409594815891602
Processing video: 5391892065246550398
Processing video: 5525084584552992937
total  1173319 subs 9168
Trial 231/1000, Params: dpd_20.0_dpg_0.0_ws_30_mg_4.0_sim_50.0, F1@0.50: 53.54
Processing video: 5085344787448740525
Processing video: 5085357672350628540
Processing video: 5086465773912997411
Processing video: 5090916219025116054
Processing video: 5092765202446045704
Processing video: 5097975856769557081
Processing video: 5099449889545545450
Processing video: 5103182645622502287
Processing video: 5134749367588120522
Processing video: 5146258161124252727
Processing video: 5172231547180314349
Processing video: 5173709444596630576
Processing video: 5218949624445806415
Processing video: 5366409594815891602
Processing video: 5391892065246550398
Processing video: 5525084584552992937
total  1173319 subs 9168
Trial 232/1000, Params: dpd_0.5_dpg_100.0_ws_30_mg_6.0_sim_100.0, F1@0.50: 45.35
Processing video: 5085344787448740525
Processing video: 5085357672350628540
Processing video: 5086465773912997411
Processing video: 5090916219025116054
Processing video: 5092765202446045704
Processing video: 5097975856769557081
Processing video: 5099449889545545450
Processing video: 5103182645622502287
Processing video: 5134749367588120522
Processing video: 5172231547180314349
Processing video: 5173709444596630576
Processing video: 5146258161124252727
Processing video: 5366409594815891602
Processing video: 5525084584552992937
Processing video: 5218949624445806415
Processing video: 5391892065246550398
total  1173319 subs 9168
Trial 233/1000, Params: dpd_20.0_dpg_10.0_ws_20_mg_10.0_sim_100.0, F1@0.50: 55.1
Processing video: 5085344787448740525
Processing video: 5090916219025116054
Processing video: 5086465773912997411
Processing video: 5085357672350628540
Processing video: 5097975856769557081
Processing video: 5092765202446045704
Processing video: 5099449889545545450
Processing video: 5103182645622502287
Processing video: 5134749367588120522
Processing video: 5146258161124252727
Processing video: 5172231547180314349
Processing video: 5173709444596630576
Processing video: 5218949624445806415
Processing video: 5366409594815891602
Processing video: 5525084584552992937
Processing video: 5391892065246550398
total  1173319 subs 9168
Trial 234/1000, Params: dpd_20.0_dpg_1.0_ws_40_mg_10.0_sim_0.0, F1@0.50: 43.59
Processing video: 5085344787448740525
Processing video: 5085357672350628540
Processing video: 5086465773912997411
Processing video: 5090916219025116054
Processing video: 5092765202446045704
Processing video: 5097975856769557081
Processing video: 5099449889545545450
Processing video: 5103182645622502287
Processing video: 5134749367588120522
Processing video: 5146258161124252727
Processing video: 5172231547180314349
Processing video: 5173709444596630576
Processing video: 5391892065246550398Processing video: 5218949624445806415Processing video: 5525084584552992937


Processing video: 5366409594815891602
total  1173319 subs 9168
Trial 235/1000, Params: dpd_2.0_dpg_0.0_ws_40_mg_4.0_sim_100.0, F1@0.50: 43.56
Processing video: 5085344787448740525
Processing video: 5085357672350628540Processing video: 5086465773912997411

Processing video: 5090916219025116054
Processing video: 5092765202446045704
Processing video: 5097975856769557081
Processing video: 5099449889545545450
Processing video: 5103182645622502287
Processing video: 5134749367588120522
Processing video: 5146258161124252727
Processing video: 5172231547180314349
Processing video: 5173709444596630576
Processing video: 5218949624445806415
Processing video: 5391892065246550398
Processing video: 5366409594815891602
Processing video: 5525084584552992937
total  1173319 subs 9168
Trial 236/1000, Params: dpd_2.0_dpg_0.1_ws_30_mg_10.0_sim_30.0, F1@0.50: 55.25
Processing video: 5085344787448740525
Processing video: 5085357672350628540
Processing video: 5086465773912997411Processing video: 5090916219025116054

Processing video: 5092765202446045704
Processing video: 5099449889545545450
Processing video: 5097975856769557081
Processing video: 5103182645622502287
Processing video: 5146258161124252727
Processing video: 5134749367588120522
Processing video: 5172231547180314349
Processing video: 5173709444596630576
Processing video: 5218949624445806415
Processing video: 5366409594815891602
Processing video: 5391892065246550398
Processing video: 5525084584552992937
total  1173319 subs 9168
Trial 237/1000, Params: dpd_2.0_dpg_20.0_ws_20_mg_10.0_sim_30.0, F1@0.50: 54.59
Processing video: 5085344787448740525
Processing video: 5090916219025116054
Processing video: 5085357672350628540
Processing video: 5086465773912997411
Processing video: 5092765202446045704
Processing video: 5099449889545545450
Processing video: 5097975856769557081
Processing video: 5103182645622502287
Processing video: 5134749367588120522
Processing video: 5172231547180314349
Processing video: 5146258161124252727
Processing video: 5173709444596630576
Processing video: 5366409594815891602
Processing video: 5218949624445806415
Processing video: 5391892065246550398
Processing video: 5525084584552992937
total  1173319 subs 9168
Trial 238/1000, Params: dpd_0.1_dpg_0.5_ws_50_mg_8.0_sim_50.0, F1@0.50: 41.79
Processing video: 5085344787448740525
Processing video: 5086465773912997411
Processing video: 5085357672350628540
Processing video: 5090916219025116054
Processing video: 5092765202446045704
Processing video: 5097975856769557081
Processing video: 5099449889545545450
Processing video: 5134749367588120522
Processing video: 5103182645622502287
Processing video: 5146258161124252727
Processing video: 5172231547180314349
Processing video: 5173709444596630576
Processing video: 5366409594815891602
Processing video: 5218949624445806415
Processing video: 5525084584552992937
Processing video: 5391892065246550398
total  1173319 subs 9168
Trial 239/1000, Params: dpd_20.0_dpg_0.8_ws_20_mg_2.0_sim_30.0, F1@0.50: 51.13
Processing video: 5085344787448740525
Processing video: 5085357672350628540
Processing video: 5086465773912997411
Processing video: 5090916219025116054
Processing video: 5092765202446045704
Processing video: 5097975856769557081
Processing video: 5103182645622502287
Processing video: 5099449889545545450
Processing video: 5134749367588120522Processing video: 5172231547180314349

Processing video: 5146258161124252727
Processing video: 5173709444596630576
Processing video: 5391892065246550398Processing video: 5218949624445806415

Processing video: 5525084584552992937
Processing video: 5366409594815891602
total  1173319 subs 9168
Trial 240/1000, Params: dpd_0.8_dpg_1.0_ws_30_mg_2.0_sim_100.0, F1@0.50: 43.17
Processing video: 5085344787448740525
Processing video: 5085357672350628540
Processing video: 5086465773912997411
Processing video: 5090916219025116054
Processing video: 5092765202446045704
Processing video: 5097975856769557081
Processing video: 5099449889545545450
Processing video: 5103182645622502287
Processing video: 5134749367588120522
Processing video: 5146258161124252727
Processing video: 5218949624445806415
Processing video: 5172231547180314349
Processing video: 5173709444596630576
Processing video: 5366409594815891602
Processing video: 5525084584552992937
Processing video: 5391892065246550398
total  1173319 subs 9168
Trial 241/1000, Params: dpd_5.0_dpg_5.0_ws_50_mg_6.0_sim_20.0, F1@0.50: 58.46
New best found!
New Best F1@0.50: 58.46 with parameters: dp_duration_penalty_weight=5.0, dp_gap_penalty_weight=5.0, dp_window_size=50, dp_max_gap=6.0, similarity_weight=20.0
Processing video: 5085344787448740525
Processing video: 5085357672350628540
Processing video: 5086465773912997411
Processing video: 5090916219025116054
Processing video: 5092765202446045704
Processing video: 5099449889545545450
Processing video: 5097975856769557081
Processing video: 5103182645622502287
Processing video: 5134749367588120522
Processing video: 5146258161124252727
Processing video: 5172231547180314349
Processing video: 5173709444596630576
Processing video: 5218949624445806415
Processing video: 5366409594815891602
Processing video: 5391892065246550398
Processing video: 5525084584552992937
total  1173319 subs 9168
Trial 242/1000, Params: dpd_1.0_dpg_10.0_ws_30_mg_8.0_sim_1.0, F1@0.50: 50.78
Processing video: 5085344787448740525
Processing video: 5085357672350628540
Processing video: 5086465773912997411
Processing video: 5090916219025116054
Processing video: 5092765202446045704
Processing video: 5099449889545545450
Processing video: 5097975856769557081
Processing video: 5103182645622502287
Processing video: 5146258161124252727
Processing video: 5134749367588120522
Processing video: 5173709444596630576
Processing video: 5172231547180314349
Processing video: 5218949624445806415
Processing video: 5366409594815891602Processing video: 5391892065246550398

Processing video: 5525084584552992937
total  1173319 subs 9168
Trial 243/1000, Params: dpd_20.0_dpg_0.8_ws_40_mg_10.0_sim_5.0, F1@0.50: 45.99
Processing video: 5085344787448740525
Processing video: 5085357672350628540
Processing video: 5086465773912997411
Processing video: 5090916219025116054
Processing video: 5092765202446045704
Processing video: 5097975856769557081
Processing video: 5099449889545545450
Processing video: 5103182645622502287
Processing video: 5134749367588120522
Processing video: 5146258161124252727
Processing video: 5172231547180314349
Processing video: 5173709444596630576
Processing video: 5218949624445806415
Processing video: 5366409594815891602
Processing video: 5391892065246550398
Processing video: 5525084584552992937
total  1173319 subs 9168
Trial 244/1000, Params: dpd_20.0_dpg_2.0_ws_20_mg_6.0_sim_2.0, F1@0.50: 43.28
Processing video: 5085344787448740525
Processing video: 5085357672350628540
Processing video: 5086465773912997411
Processing video: 5090916219025116054
Processing video: 5092765202446045704
Processing video: 5097975856769557081
Processing video: 5099449889545545450
Processing video: 5103182645622502287
Processing video: 5134749367588120522
Processing video: 5146258161124252727
Processing video: 5218949624445806415
Processing video: 5366409594815891602
Processing video: 5172231547180314349
Processing video: 5525084584552992937Processing video: 5391892065246550398

Processing video: 5173709444596630576
total  1173319 subs 9168
Trial 245/1000, Params: dpd_20.0_dpg_0.0_ws_20_mg_10.0_sim_0.5, F1@0.50: 40.73
Processing video: 5085344787448740525
Processing video: 5085357672350628540
Processing video: 5086465773912997411
Processing video: 5090916219025116054
Processing video: 5097975856769557081
Processing video: 5092765202446045704
Processing video: 5099449889545545450
Processing video: 5134749367588120522
Processing video: 5103182645622502287
Processing video: 5146258161124252727
Processing video: 5173709444596630576
Processing video: 5172231547180314349
Processing video: 5218949624445806415
Processing video: 5366409594815891602
Processing video: 5391892065246550398
Processing video: 5525084584552992937
total  1173319 subs 9168
Trial 246/1000, Params: dpd_5.0_dpg_0.5_ws_20_mg_4.0_sim_2.0, F1@0.50: 49.4
Processing video: 5085344787448740525
Processing video: 5085357672350628540
Processing video: 5086465773912997411
Processing video: 5090916219025116054
Processing video: 5092765202446045704
Processing video: 5097975856769557081
Processing video: 5099449889545545450
Processing video: 5103182645622502287
Processing video: 5134749367588120522
Processing video: 5146258161124252727
Processing video: 5172231547180314349
Processing video: 5173709444596630576
Processing video: 5218949624445806415
Processing video: 5366409594815891602
Processing video: 5391892065246550398
Processing video: 5525084584552992937
total  1173319 subs 9168
Trial 247/1000, Params: dpd_0.5_dpg_0.1_ws_30_mg_6.0_sim_30.0, F1@0.50: 49.78
Processing video: 5085344787448740525
Processing video: 5085357672350628540
Processing video: 5086465773912997411
Processing video: 5090916219025116054
Processing video: 5092765202446045704
Processing video: 5097975856769557081
Processing video: 5099449889545545450
Processing video: 5103182645622502287
Processing video: 5134749367588120522
Processing video: 5146258161124252727
Processing video: 5218949624445806415
Processing video: 5391892065246550398
Processing video: 5172231547180314349
Processing video: 5366409594815891602Processing video: 5173709444596630576

Processing video: 5525084584552992937
total  1173319 subs 9168
Trial 248/1000, Params: dpd_0.0_dpg_5.0_ws_20_mg_6.0_sim_0.0, F1@0.50: 47.33
Processing video: 5085344787448740525
Processing video: 5086465773912997411
Processing video: 5090916219025116054
Processing video: 5092765202446045704
Processing video: 5097975856769557081
Processing video: 5085357672350628540
Processing video: 5099449889545545450
Processing video: 5103182645622502287
Processing video: 5134749367588120522
Processing video: 5146258161124252727
Processing video: 5172231547180314349
Processing video: 5173709444596630576
Processing video: 5218949624445806415
Processing video: 5366409594815891602
Processing video: 5391892065246550398
Processing video: 5525084584552992937
total  1173319 subs 9168
Trial 249/1000, Params: dpd_100.0_dpg_1.0_ws_20_mg_4.0_sim_0.0, F1@0.50: 28.98
Processing video: 5085344787448740525
Processing video: 5085357672350628540
Processing video: 5086465773912997411
Processing video: 5090916219025116054
Processing video: 5092765202446045704
Processing video: 5097975856769557081
Processing video: 5099449889545545450
Processing video: 5103182645622502287
Processing video: 5134749367588120522
Processing video: 5146258161124252727
Processing video: 5172231547180314349
Processing video: 5173709444596630576
Processing video: 5218949624445806415
Processing video: 5391892065246550398
Processing video: 5525084584552992937Processing video: 5366409594815891602

total  1173319 subs 9168
Trial 250/1000, Params: dpd_0.8_dpg_0.1_ws_20_mg_2.0_sim_100.0, F1@0.50: 46.17
Processing video: 5085344787448740525
Processing video: 5085357672350628540
Processing video: 5086465773912997411
Processing video: 5090916219025116054
Processing video: 5092765202446045704
Processing video: 5097975856769557081
Processing video: 5099449889545545450
Processing video: 5134749367588120522
Processing video: 5103182645622502287
Processing video: 5146258161124252727
Processing video: 5173709444596630576
Processing video: 5172231547180314349
Processing video: 5366409594815891602
Processing video: 5218949624445806415
Processing video: 5391892065246550398
Processing video: 5525084584552992937
total  1173319 subs 9168
Trial 251/1000, Params: dpd_0.0_dpg_1.0_ws_30_mg_10.0_sim_30.0, F1@0.50: 47.36
Processing video: 5085344787448740525
Processing video: 5085357672350628540
Processing video: 5090916219025116054
Processing video: 5086465773912997411
Processing video: 5092765202446045704
Processing video: 5097975856769557081
Processing video: 5099449889545545450
Processing video: 5103182645622502287
Processing video: 5134749367588120522
Processing video: 5146258161124252727
Processing video: 5172231547180314349
Processing video: 5173709444596630576
Processing video: 5218949624445806415
Processing video: 5366409594815891602
Processing video: 5391892065246550398
Processing video: 5525084584552992937
total  1173319 subs 9168
Trial 252/1000, Params: dpd_1.0_dpg_2.0_ws_50_mg_6.0_sim_100.0, F1@0.50: 40.72
Processing video: 5085357672350628540
Processing video: 5086465773912997411
Processing video: 5090916219025116054Processing video: 5085344787448740525

Processing video: 5092765202446045704
Processing video: 5097975856769557081
Processing video: 5099449889545545450
Processing video: 5146258161124252727
Processing video: 5103182645622502287
Processing video: 5134749367588120522
Processing video: 5172231547180314349
Processing video: 5218949624445806415
Processing video: 5173709444596630576
Processing video: 5366409594815891602
Processing video: 5391892065246550398
Processing video: 5525084584552992937
total  1173319 subs 9168
Trial 253/1000, Params: dpd_0.0_dpg_0.8_ws_50_mg_8.0_sim_5.0, F1@0.50: 53.08
Processing video: 5085344787448740525
Processing video: 5085357672350628540
Processing video: 5090916219025116054
Processing video: 5086465773912997411
Processing video: 5092765202446045704
Processing video: 5097975856769557081
Processing video: 5099449889545545450
Processing video: 5103182645622502287
Processing video: 5134749367588120522
Processing video: 5146258161124252727
Processing video: 5172231547180314349
Processing video: 5173709444596630576
Processing video: 5218949624445806415
Processing video: 5366409594815891602
Processing video: 5391892065246550398
Processing video: 5525084584552992937
total  1173319 subs 9168
Trial 254/1000, Params: dpd_0.1_dpg_0.0_ws_20_mg_8.0_sim_2.0, F1@0.50: 48.89
Processing video: 5086465773912997411
Processing video: 5090916219025116054
Processing video: 5085344787448740525
Processing video: 5085357672350628540
Processing video: 5097975856769557081
Processing video: 5099449889545545450Processing video: 5092765202446045704

Processing video: 5103182645622502287
Processing video: 5146258161124252727
Processing video: 5134749367588120522
Processing video: 5173709444596630576
Processing video: 5172231547180314349
Processing video: 5218949624445806415
Processing video: 5391892065246550398
Processing video: 5366409594815891602
Processing video: 5525084584552992937
total  1173319 subs 9168
Trial 255/1000, Params: dpd_5.0_dpg_0.5_ws_50_mg_8.0_sim_20.0, F1@0.50: 56.75
Processing video: 5085344787448740525
Processing video: 5086465773912997411
Processing video: 5090916219025116054
Processing video: 5085357672350628540
Processing video: 5092765202446045704
Processing video: 5097975856769557081
Processing video: 5099449889545545450
Processing video: 5103182645622502287
Processing video: 5134749367588120522
Processing video: 5146258161124252727
Processing video: 5172231547180314349
Processing video: 5173709444596630576
Processing video: 5218949624445806415
Processing video: 5366409594815891602
Processing video: 5391892065246550398
Processing video: 5525084584552992937
total  1173319 subs 9168
Trial 256/1000, Params: dpd_0.8_dpg_0.8_ws_20_mg_2.0_sim_1.0, F1@0.50: 49.75
Processing video: 5085344787448740525
Processing video: 5085357672350628540
Processing video: 5086465773912997411
Processing video: 5090916219025116054
Processing video: 5092765202446045704
Processing video: 5097975856769557081
Processing video: 5103182645622502287
Processing video: 5172231547180314349
Processing video: 5099449889545545450
Processing video: 5218949624445806415
Processing video: 5173709444596630576
Processing video: 5146258161124252727
Processing video: 5134749367588120522
Processing video: 5391892065246550398Processing video: 5366409594815891602

Processing video: 5525084584552992937
total  1173319 subs 9168
Trial 257/1000, Params: dpd_1.0_dpg_20.0_ws_20_mg_10.0_sim_0.5, F1@0.50: 46.54
Processing video: 5085344787448740525
Processing video: 5085357672350628540
Processing video: 5090916219025116054
Processing video: 5086465773912997411
Processing video: 5092765202446045704
Processing video: 5097975856769557081
Processing video: 5099449889545545450
Processing video: 5103182645622502287
Processing video: 5134749367588120522
Processing video: 5146258161124252727
Processing video: 5172231547180314349
Processing video: 5173709444596630576
Processing video: 5218949624445806415
Processing video: 5366409594815891602
Processing video: 5391892065246550398
Processing video: 5525084584552992937
total  1173319 subs 9168
Trial 258/1000, Params: dpd_0.0_dpg_100.0_ws_30_mg_10.0_sim_0.0, F1@0.50: 31.28
Processing video: 5085344787448740525
Processing video: 5085357672350628540
Processing video: 5086465773912997411
Processing video: 5090916219025116054
Processing video: 5092765202446045704
Processing video: 5097975856769557081
Processing video: 5099449889545545450
Processing video: 5103182645622502287
Processing video: 5134749367588120522
Processing video: 5146258161124252727
Processing video: 5172231547180314349
Processing video: 5173709444596630576
Processing video: 5218949624445806415
Processing video: 5366409594815891602
Processing video: 5391892065246550398
Processing video: 5525084584552992937
total  1173319 subs 9168
Trial 259/1000, Params: dpd_20.0_dpg_10.0_ws_20_mg_6.0_sim_20.0, F1@0.50: 50.74
Processing video: 5085344787448740525
Processing video: 5085357672350628540
Processing video: 5086465773912997411
Processing video: 5090916219025116054
Processing video: 5092765202446045704
Processing video: 5097975856769557081
Processing video: 5099449889545545450
Processing video: 5103182645622502287
Processing video: 5134749367588120522
Processing video: 5146258161124252727
Processing video: 5218949624445806415Processing video: 5525084584552992937Processing video: 5173709444596630576Processing video: 5391892065246550398Processing video: 5366409594815891602Processing video: 5172231547180314349





total  1173319 subs 9168
Trial 260/1000, Params: dpd_0.5_dpg_5.0_ws_50_mg_8.0_sim_100.0, F1@0.50: 40.58
Processing video: 5085344787448740525
Processing video: 5085357672350628540
Processing video: 5086465773912997411
Processing video: 5090916219025116054
Processing video: 5092765202446045704
Processing video: 5097975856769557081
Processing video: 5099449889545545450
Processing video: 5103182645622502287
Processing video: 5134749367588120522
Processing video: 5146258161124252727
Processing video: 5172231547180314349
Processing video: 5173709444596630576
Processing video: 5218949624445806415Processing video: 5366409594815891602

Processing video: 5391892065246550398
Processing video: 5525084584552992937
total  1173319 subs 9168
Trial 261/1000, Params: dpd_100.0_dpg_0.1_ws_20_mg_8.0_sim_20.0, F1@0.50: 40.54
Processing video: 5085344787448740525
Processing video: 5090916219025116054Processing video: 5085357672350628540Processing video: 5086465773912997411


Processing video: 5092765202446045704
Processing video: 5097975856769557081
Processing video: 5099449889545545450
Processing video: 5103182645622502287
Processing video: 5134749367588120522
Processing video: 5146258161124252727
Processing video: 5172231547180314349
Processing video: 5173709444596630576
Processing video: 5218949624445806415
Processing video: 5366409594815891602
Processing video: 5391892065246550398
Processing video: 5525084584552992937
total  1173319 subs 9168
Trial 262/1000, Params: dpd_100.0_dpg_0.5_ws_40_mg_4.0_sim_1.0, F1@0.50: 31.97
Processing video: 5085344787448740525
Processing video: 5085357672350628540
Processing video: 5090916219025116054
Processing video: 5092765202446045704Processing video: 5086465773912997411

Processing video: 5097975856769557081
Processing video: 5099449889545545450
Processing video: 5103182645622502287
Processing video: 5134749367588120522
Processing video: 5146258161124252727
Processing video: 5172231547180314349
Processing video: 5173709444596630576
Processing video: 5218949624445806415
Processing video: 5366409594815891602
Processing video: 5391892065246550398
Processing video: 5525084584552992937
total  1173319 subs 9168
Trial 263/1000, Params: dpd_1.0_dpg_2.0_ws_20_mg_4.0_sim_0.0, F1@0.50: 49.41
Processing video: 5085344787448740525
Processing video: 5086465773912997411
Processing video: 5085357672350628540
Processing video: 5090916219025116054
Processing video: 5092765202446045704
Processing video: 5097975856769557081
Processing video: 5103182645622502287
Processing video: 5099449889545545450
Processing video: 5134749367588120522
Processing video: 5146258161124252727
Processing video: 5218949624445806415
Processing video: 5172231547180314349
Processing video: 5173709444596630576
Processing video: 5366409594815891602
Processing video: 5391892065246550398
Processing video: 5525084584552992937
total  1173319 subs 9168
Trial 264/1000, Params: dpd_0.5_dpg_2.0_ws_20_mg_6.0_sim_30.0, F1@0.50: 52.23
Processing video: 5085344787448740525
Processing video: 5085357672350628540
Processing video: 5086465773912997411
Processing video: 5092765202446045704
Processing video: 5090916219025116054
Processing video: 5097975856769557081
Processing video: 5099449889545545450Processing video: 5103182645622502287

Processing video: 5134749367588120522
Processing video: 5146258161124252727
Processing video: 5172231547180314349Processing video: 5366409594815891602

Processing video: 5173709444596630576
Processing video: 5218949624445806415
Processing video: 5391892065246550398
Processing video: 5525084584552992937
total  1173319 subs 9168
Trial 265/1000, Params: dpd_20.0_dpg_10.0_ws_30_mg_10.0_sim_10.0, F1@0.50: 49.78
Processing video: 5085344787448740525
Processing video: 5085357672350628540
Processing video: 5086465773912997411
Processing video: 5090916219025116054
Processing video: 5092765202446045704
Processing video: 5097975856769557081
Processing video: 5099449889545545450
Processing video: 5103182645622502287
Processing video: 5172231547180314349
Processing video: 5134749367588120522
Processing video: 5146258161124252727
Processing video: 5173709444596630576
Processing video: 5218949624445806415
Processing video: 5391892065246550398
Processing video: 5366409594815891602
Processing video: 5525084584552992937
total  1173319 subs 9168
Trial 266/1000, Params: dpd_0.1_dpg_10.0_ws_30_mg_10.0_sim_2.0, F1@0.50: 49.96
Processing video: 5085344787448740525
Processing video: 5085357672350628540
Processing video: 5086465773912997411
Processing video: 5090916219025116054
Processing video: 5092765202446045704
Processing video: 5099449889545545450
Processing video: 5097975856769557081
Processing video: 5103182645622502287
Processing video: 5134749367588120522
Processing video: 5146258161124252727
Processing video: 5172231547180314349
Processing video: 5173709444596630576
Processing video: 5218949624445806415
Processing video: 5366409594815891602
Processing video: 5391892065246550398
Processing video: 5525084584552992937
total  1173319 subs 9168
Trial 267/1000, Params: dpd_10.0_dpg_0.0_ws_50_mg_2.0_sim_0.0, F1@0.50: 47.54
Processing video: 5085344787448740525
Processing video: 5085357672350628540
Processing video: 5086465773912997411
Processing video: 5090916219025116054
Processing video: 5092765202446045704
Processing video: 5097975856769557081
Processing video: 5099449889545545450
Processing video: 5103182645622502287
Processing video: 5134749367588120522
Processing video: 5146258161124252727
Processing video: 5172231547180314349
Processing video: 5173709444596630576
Processing video: 5218949624445806415
Processing video: 5366409594815891602
Processing video: 5391892065246550398
Processing video: 5525084584552992937
total  1173319 subs 9168
Trial 268/1000, Params: dpd_2.0_dpg_2.0_ws_30_mg_8.0_sim_10.0, F1@0.50: 55.43
Processing video: 5085344787448740525
Processing video: 5085357672350628540
Processing video: 5086465773912997411
Processing video: 5090916219025116054
Processing video: 5092765202446045704
Processing video: 5097975856769557081
Processing video: 5099449889545545450
Processing video: 5103182645622502287
Processing video: 5134749367588120522
Processing video: 5146258161124252727
Processing video: 5172231547180314349
Processing video: 5173709444596630576
Processing video: 5218949624445806415
Processing video: 5366409594815891602
Processing video: 5391892065246550398
Processing video: 5525084584552992937
total  1173319 subs 9168
Trial 269/1000, Params: dpd_20.0_dpg_2.0_ws_30_mg_10.0_sim_10.0, F1@0.50: 47.84
Processing video: 5085344787448740525
Processing video: 5085357672350628540
Processing video: 5086465773912997411
Processing video: 5090916219025116054
Processing video: 5092765202446045704
Processing video: 5097975856769557081
Processing video: 5099449889545545450
Processing video: 5103182645622502287
Processing video: 5134749367588120522
Processing video: 5146258161124252727
Processing video: 5172231547180314349
Processing video: 5173709444596630576
Processing video: 5218949624445806415
Processing video: 5366409594815891602
Processing video: 5391892065246550398
Processing video: 5525084584552992937
total  1173319 subs 9168
Trial 270/1000, Params: dpd_0.1_dpg_1.0_ws_40_mg_4.0_sim_20.0, F1@0.50: 51.31
Processing video: 5085344787448740525
Processing video: 5085357672350628540
Processing video: 5086465773912997411
Processing video: 5090916219025116054
Processing video: 5092765202446045704
Processing video: 5097975856769557081
Processing video: 5099449889545545450
Processing video: 5103182645622502287
Processing video: 5134749367588120522
Processing video: 5146258161124252727
Processing video: 5172231547180314349
Processing video: 5173709444596630576
Processing video: 5218949624445806415
Processing video: 5366409594815891602
Processing video: 5391892065246550398
Processing video: 5525084584552992937
total  1173319 subs 9168
Trial 271/1000, Params: dpd_1.0_dpg_0.8_ws_30_mg_6.0_sim_2.0, F1@0.50: 51.56
Processing video: 5085344787448740525
Processing video: 5085357672350628540Processing video: 5086465773912997411

Processing video: 5090916219025116054
Processing video: 5092765202446045704
Processing video: 5097975856769557081
Processing video: 5099449889545545450
Processing video: 5103182645622502287
Processing video: 5134749367588120522
Processing video: 5146258161124252727
Processing video: 5172231547180314349
Processing video: 5218949624445806415
Processing video: 5366409594815891602
Processing video: 5391892065246550398
Processing video: 5173709444596630576
Processing video: 5525084584552992937
total  1173319 subs 9168
Trial 272/1000, Params: dpd_1.0_dpg_100.0_ws_50_mg_4.0_sim_20.0, F1@0.50: 43.14
Processing video: 5085357672350628540Processing video: 5085344787448740525

Processing video: 5086465773912997411
Processing video: 5090916219025116054
Processing video: 5092765202446045704
Processing video: 5097975856769557081
Processing video: 5103182645622502287
Processing video: 5099449889545545450
Processing video: 5134749367588120522
Processing video: 5146258161124252727
Processing video: 5172231547180314349
Processing video: 5173709444596630576
Processing video: 5218949624445806415
Processing video: 5366409594815891602
Processing video: 5391892065246550398
Processing video: 5525084584552992937
total  1173319 subs 9168
Trial 273/1000, Params: dpd_0.1_dpg_5.0_ws_20_mg_2.0_sim_2.0, F1@0.50: 49.69
Processing video: 5085344787448740525Processing video: 5085357672350628540

Processing video: 5086465773912997411
Processing video: 5090916219025116054
Processing video: 5092765202446045704
Processing video: 5099449889545545450
Processing video: 5097975856769557081
Processing video: 5103182645622502287
Processing video: 5146258161124252727
Processing video: 5134749367588120522
Processing video: 5172231547180314349
Processing video: 5218949624445806415
Processing video: 5173709444596630576
Processing video: 5366409594815891602
Processing video: 5391892065246550398
Processing video: 5525084584552992937
total  1173319 subs 9168
Trial 274/1000, Params: dpd_0.0_dpg_0.0_ws_20_mg_6.0_sim_0.5, F1@0.50: 48.27
Processing video: 5085344787448740525
Processing video: 5085357672350628540
Processing video: 5086465773912997411
Processing video: 5090916219025116054
Processing video: 5092765202446045704
Processing video: 5097975856769557081
Processing video: 5099449889545545450
Processing video: 5134749367588120522
Processing video: 5103182645622502287
Processing video: 5146258161124252727
Processing video: 5172231547180314349
Processing video: 5173709444596630576
Processing video: 5218949624445806415
Processing video: 5366409594815891602
Processing video: 5391892065246550398
Processing video: 5525084584552992937
total  1173319 subs 9168
Trial 275/1000, Params: dpd_0.1_dpg_10.0_ws_40_mg_10.0_sim_2.0, F1@0.50: 50.25
Processing video: 5085344787448740525
Processing video: 5085357672350628540
Processing video: 5086465773912997411
Processing video: 5090916219025116054
Processing video: 5092765202446045704
Processing video: 5097975856769557081
Processing video: 5134749367588120522
Processing video: 5146258161124252727
Processing video: 5099449889545545450
Processing video: 5218949624445806415
Processing video: 5103182645622502287
Processing video: 5172231547180314349
Processing video: 5366409594815891602
Processing video: 5391892065246550398
Processing video: 5173709444596630576
Processing video: 5525084584552992937
total  1173319 subs 9168
Trial 276/1000, Params: dpd_5.0_dpg_2.0_ws_30_mg_6.0_sim_20.0, F1@0.50: 57.18
Processing video: 5085344787448740525
Processing video: 5085357672350628540
Processing video: 5086465773912997411
Processing video: 5090916219025116054
Processing video: 5092765202446045704
Processing video: 5097975856769557081
Processing video: 5099449889545545450
Processing video: 5103182645622502287
Processing video: 5134749367588120522
Processing video: 5146258161124252727
Processing video: 5172231547180314349
Processing video: 5218949624445806415
Processing video: 5173709444596630576
Processing video: 5391892065246550398
Processing video: 5525084584552992937Processing video: 5366409594815891602

total  1173319 subs 9168
Trial 277/1000, Params: dpd_1.0_dpg_0.0_ws_20_mg_6.0_sim_5.0, F1@0.50: 50.87
Processing video: 5085344787448740525
Processing video: 5085357672350628540
Processing video: 5086465773912997411
Processing video: 5090916219025116054
Processing video: 5092765202446045704
Processing video: 5097975856769557081
Processing video: 5099449889545545450
Processing video: 5103182645622502287
Processing video: 5134749367588120522
Processing video: 5146258161124252727
Processing video: 5172231547180314349
Processing video: 5173709444596630576
Processing video: 5218949624445806415
Processing video: 5391892065246550398
Processing video: 5366409594815891602
Processing video: 5525084584552992937
total  1173319 subs 9168
Trial 278/1000, Params: dpd_5.0_dpg_1.0_ws_50_mg_10.0_sim_30.0, F1@0.50: 57.64
Processing video: 5085344787448740525
Processing video: 5085357672350628540
Processing video: 5086465773912997411
Processing video: 5090916219025116054
Processing video: 5092765202446045704
Processing video: 5097975856769557081
Processing video: 5099449889545545450
Processing video: 5103182645622502287
Processing video: 5134749367588120522
Processing video: 5146258161124252727
Processing video: 5172231547180314349
Processing video: 5173709444596630576
Processing video: 5218949624445806415
Processing video: 5366409594815891602
Processing video: 5391892065246550398
Processing video: 5525084584552992937
total  1173319 subs 9168
Trial 279/1000, Params: dpd_2.0_dpg_0.0_ws_40_mg_6.0_sim_1.0, F1@0.50: 50.79
Processing video: 5085344787448740525
Processing video: 5085357672350628540
Processing video: 5086465773912997411
Processing video: 5090916219025116054
Processing video: 5092765202446045704
Processing video: 5097975856769557081
Processing video: 5099449889545545450
Processing video: 5103182645622502287
Processing video: 5134749367588120522
Processing video: 5146258161124252727
Processing video: 5172231547180314349
Processing video: 5173709444596630576
Processing video: 5218949624445806415
Processing video: 5366409594815891602
Processing video: 5391892065246550398
Processing video: 5525084584552992937
total  1173319 subs 9168
Trial 280/1000, Params: dpd_0.0_dpg_10.0_ws_30_mg_8.0_sim_0.0, F1@0.50: 47.47
Processing video: 5085344787448740525
Processing video: 5085357672350628540
Processing video: 5086465773912997411
Processing video: 5090916219025116054
Processing video: 5092765202446045704
Processing video: 5097975856769557081
Processing video: 5099449889545545450
Processing video: 5103182645622502287
Processing video: 5134749367588120522
Processing video: 5146258161124252727
Processing video: 5172231547180314349
Processing video: 5173709444596630576
Processing video: 5218949624445806415
Processing video: 5366409594815891602
Processing video: 5391892065246550398
Processing video: 5525084584552992937
total  1173319 subs 9168
Trial 281/1000, Params: dpd_2.0_dpg_2.0_ws_30_mg_2.0_sim_0.5, F1@0.50: 51.13
Processing video: 5085344787448740525
Processing video: 5085357672350628540
Processing video: 5086465773912997411
Processing video: 5090916219025116054
Processing video: 5092765202446045704
Processing video: 5097975856769557081
Processing video: 5099449889545545450
Processing video: 5103182645622502287
Processing video: 5134749367588120522
Processing video: 5146258161124252727
Processing video: 5172231547180314349
Processing video: 5173709444596630576
Processing video: 5218949624445806415
Processing video: 5366409594815891602
Processing video: 5391892065246550398
Processing video: 5525084584552992937
total  1173319 subs 9168
Trial 282/1000, Params: dpd_20.0_dpg_2.0_ws_20_mg_4.0_sim_30.0, F1@0.50: 51.09
Processing video: 5085344787448740525
Processing video: 5085357672350628540
Processing video: 5086465773912997411
Processing video: 5090916219025116054
Processing video: 5092765202446045704
Processing video: 5097975856769557081
Processing video: 5099449889545545450
Processing video: 5103182645622502287
Processing video: 5134749367588120522
Processing video: 5218949624445806415Processing video: 5146258161124252727
Processing video: 5172231547180314349Processing video: 5366409594815891602


Processing video: 5173709444596630576Processing video: 5391892065246550398

Processing video: 5525084584552992937
total  1173319 subs 9168
Trial 283/1000, Params: dpd_0.8_dpg_100.0_ws_30_mg_8.0_sim_10.0, F1@0.50: 41.35
Processing video: 5085344787448740525
Processing video: 5086465773912997411
Processing video: 5090916219025116054
Processing video: 5085357672350628540
Processing video: 5092765202446045704
Processing video: 5097975856769557081
Processing video: 5099449889545545450
Processing video: 5103182645622502287
Processing video: 5134749367588120522
Processing video: 5146258161124252727
Processing video: 5172231547180314349
Processing video: 5173709444596630576
Processing video: 5218949624445806415
Processing video: 5366409594815891602
Processing video: 5391892065246550398Processing video: 5525084584552992937

total  1173319 subs 9168
Trial 284/1000, Params: dpd_0.1_dpg_0.0_ws_40_mg_4.0_sim_30.0, F1@0.50: 46.64
Processing video: 5085344787448740525
Processing video: 5085357672350628540
Processing video: 5086465773912997411
Processing video: 5090916219025116054
Processing video: 5092765202446045704
Processing video: 5097975856769557081
Processing video: 5099449889545545450
Processing video: 5103182645622502287
Processing video: 5134749367588120522
Processing video: 5146258161124252727
Processing video: 5172231547180314349
Processing video: 5173709444596630576
Processing video: 5218949624445806415
Processing video: 5366409594815891602
Processing video: 5391892065246550398
Processing video: 5525084584552992937
total  1173319 subs 9168
Trial 285/1000, Params: dpd_0.1_dpg_0.1_ws_40_mg_10.0_sim_10.0, F1@0.50: 53.45
Processing video: 5085344787448740525
Processing video: 5085357672350628540
Processing video: 5086465773912997411
Processing video: 5090916219025116054
Processing video: 5092765202446045704
Processing video: 5097975856769557081
Processing video: 5099449889545545450
Processing video: 5103182645622502287
Processing video: 5172231547180314349Processing video: 5146258161124252727Processing video: 5218949624445806415Processing video: 5134749367588120522Processing video: 5173709444596630576




Processing video: 5366409594815891602
Processing video: 5391892065246550398
Processing video: 5525084584552992937
total  1173319 subs 9168
Trial 286/1000, Params: dpd_0.0_dpg_5.0_ws_50_mg_6.0_sim_10.0, F1@0.50: 53.88
Processing video: 5085344787448740525
Processing video: 5085357672350628540
Processing video: 5090916219025116054
Processing video: 5086465773912997411
Processing video: 5092765202446045704
Processing video: 5097975856769557081
Processing video: 5099449889545545450
Processing video: 5103182645622502287
Processing video: 5134749367588120522
Processing video: 5146258161124252727
Processing video: 5172231547180314349
Processing video: 5173709444596630576
Processing video: 5218949624445806415
Processing video: 5366409594815891602
Processing video: 5391892065246550398
Processing video: 5525084584552992937
total  1173319 subs 9168
Trial 287/1000, Params: dpd_10.0_dpg_2.0_ws_20_mg_2.0_sim_100.0, F1@0.50: 55.14
Processing video: 5085344787448740525
Processing video: 5085357672350628540
Processing video: 5086465773912997411
Processing video: 5090916219025116054
Processing video: 5092765202446045704
Processing video: 5097975856769557081
Processing video: 5099449889545545450
Processing video: 5103182645622502287
Processing video: 5134749367588120522
Processing video: 5173709444596630576
Processing video: 5218949624445806415
Processing video: 5525084584552992937
Processing video: 5146258161124252727
Processing video: 5366409594815891602Processing video: 5172231547180314349

Processing video: 5391892065246550398
total  1173319 subs 9168
Trial 288/1000, Params: dpd_0.0_dpg_10.0_ws_20_mg_10.0_sim_0.0, F1@0.50: 45.67
Processing video: 5085344787448740525
Processing video: 5085357672350628540
Processing video: 5086465773912997411
Processing video: 5090916219025116054
Processing video: 5092765202446045704
Processing video: 5099449889545545450
Processing video: 5097975856769557081
Processing video: 5103182645622502287
Processing video: 5146258161124252727
Processing video: 5134749367588120522
Processing video: 5172231547180314349
Processing video: 5173709444596630576
Processing video: 5218949624445806415
Processing video: 5525084584552992937
Processing video: 5366409594815891602
Processing video: 5391892065246550398
total  1173319 subs 9168
Trial 289/1000, Params: dpd_10.0_dpg_2.0_ws_30_mg_2.0_sim_0.0, F1@0.50: 46.72
Processing video: 5085344787448740525
Processing video: 5085357672350628540
Processing video: 5086465773912997411
Processing video: 5090916219025116054
Processing video: 5097975856769557081
Processing video: 5099449889545545450
Processing video: 5146258161124252727
Processing video: 5103182645622502287
Processing video: 5092765202446045704Processing video: 5134749367588120522

Processing video: 5172231547180314349
Processing video: 5173709444596630576
Processing video: 5218949624445806415
Processing video: 5391892065246550398
Processing video: 5366409594815891602
Processing video: 5525084584552992937
total  1173319 subs 9168
Trial 290/1000, Params: dpd_2.0_dpg_0.1_ws_20_mg_10.0_sim_100.0, F1@0.50: 47.12
Processing video: 5085344787448740525
Processing video: 5086465773912997411
Processing video: 5090916219025116054
Processing video: 5085357672350628540
Processing video: 5092765202446045704
Processing video: 5097975856769557081
Processing video: 5099449889545545450
Processing video: 5103182645622502287
Processing video: 5134749367588120522
Processing video: 5146258161124252727
Processing video: 5172231547180314349
Processing video: 5173709444596630576
Processing video: 5218949624445806415
Processing video: 5366409594815891602
Processing video: 5391892065246550398
Processing video: 5525084584552992937
total  1173319 subs 9168
Trial 291/1000, Params: dpd_1.0_dpg_20.0_ws_40_mg_6.0_sim_5.0, F1@0.50: 51.93
Processing video: 5085344787448740525
Processing video: 5085357672350628540
Processing video: 5090916219025116054
Processing video: 5092765202446045704
Processing video: 5086465773912997411
Processing video: 5146258161124252727Processing video: 5097975856769557081

Processing video: 5172231547180314349Processing video: 5099449889545545450

Processing video: 5103182645622502287
Processing video: 5134749367588120522
Processing video: 5218949624445806415
Processing video: 5366409594815891602
Processing video: 5173709444596630576
Processing video: 5525084584552992937
Processing video: 5391892065246550398
total  1173319 subs 9168
Trial 292/1000, Params: dpd_2.0_dpg_10.0_ws_20_mg_10.0_sim_10.0, F1@0.50: 54.17
Processing video: 5085344787448740525
Processing video: 5085357672350628540
Processing video: 5086465773912997411
Processing video: 5090916219025116054
Processing video: 5092765202446045704
Processing video: 5097975856769557081
Processing video: 5099449889545545450
Processing video: 5103182645622502287
Processing video: 5134749367588120522
Processing video: 5146258161124252727
Processing video: 5218949624445806415
Processing video: 5172231547180314349
Processing video: 5173709444596630576
Processing video: 5391892065246550398
Processing video: 5366409594815891602
Processing video: 5525084584552992937
total  1173319 subs 9168
Trial 293/1000, Params: dpd_2.0_dpg_0.5_ws_40_mg_2.0_sim_0.5, F1@0.50: 50.89
Processing video: 5085344787448740525
Processing video: 5085357672350628540
Processing video: 5086465773912997411
Processing video: 5090916219025116054
Processing video: 5092765202446045704
Processing video: 5099449889545545450
Processing video: 5103182645622502287
Processing video: 5097975856769557081
Processing video: 5134749367588120522
Processing video: 5146258161124252727
Processing video: 5172231547180314349
Processing video: 5173709444596630576
Processing video: 5218949624445806415
Processing video: 5366409594815891602
Processing video: 5391892065246550398
Processing video: 5525084584552992937
total  1173319 subs 9168
Trial 294/1000, Params: dpd_0.1_dpg_5.0_ws_40_mg_8.0_sim_50.0, F1@0.50: 45.74
Processing video: 5085344787448740525
Processing video: 5085357672350628540
Processing video: 5086465773912997411
Processing video: 5090916219025116054
Processing video: 5092765202446045704
Processing video: 5099449889545545450Processing video: 5103182645622502287Processing video: 5134749367588120522Processing video: 5097975856769557081



Processing video: 5146258161124252727
Processing video: 5172231547180314349
Processing video: 5173709444596630576
Processing video: 5218949624445806415
Processing video: 5366409594815891602
Processing video: 5391892065246550398
Processing video: 5525084584552992937
total  1173319 subs 9168
Trial 295/1000, Params: dpd_100.0_dpg_0.0_ws_40_mg_6.0_sim_5.0, F1@0.50: 33.51
Processing video: 5085357672350628540
Processing video: 5085344787448740525
Processing video: 5086465773912997411
Processing video: 5090916219025116054
Processing video: 5092765202446045704
Processing video: 5097975856769557081
Processing video: 5099449889545545450
Processing video: 5103182645622502287
Processing video: 5134749367588120522
Processing video: 5172231547180314349
Processing video: 5146258161124252727
Processing video: 5173709444596630576
Processing video: 5218949624445806415
Processing video: 5391892065246550398
Processing video: 5366409594815891602
Processing video: 5525084584552992937
total  1173319 subs 9168
Trial 296/1000, Params: dpd_0.0_dpg_0.0_ws_30_mg_4.0_sim_10.0, F1@0.50: 52.93
Processing video: 5085344787448740525
Processing video: 5086465773912997411Processing video: 5085357672350628540

Processing video: 5090916219025116054
Processing video: 5099449889545545450
Processing video: 5092765202446045704
Processing video: 5103182645622502287
Processing video: 5134749367588120522
Processing video: 5097975856769557081
Processing video: 5172231547180314349
Processing video: 5146258161124252727
Processing video: 5173709444596630576
Processing video: 5366409594815891602
Processing video: 5218949624445806415
Processing video: 5391892065246550398
Processing video: 5525084584552992937
total  1173319 subs 9168
Trial 297/1000, Params: dpd_5.0_dpg_100.0_ws_20_mg_6.0_sim_50.0, F1@0.50: 51.76
Processing video: 5085344787448740525
Processing video: 5085357672350628540
Processing video: 5086465773912997411
Processing video: 5090916219025116054
Processing video: 5092765202446045704
Processing video: 5097975856769557081
Processing video: 5099449889545545450
Processing video: 5146258161124252727
Processing video: 5103182645622502287
Processing video: 5134749367588120522
Processing video: 5173709444596630576
Processing video: 5172231547180314349
Processing video: 5218949624445806415
Processing video: 5366409594815891602
Processing video: 5391892065246550398
Processing video: 5525084584552992937
total  1173319 subs 9168
Trial 298/1000, Params: dpd_0.0_dpg_0.1_ws_30_mg_8.0_sim_0.5, F1@0.50: 49.55
Processing video: 5085357672350628540
Processing video: 5085344787448740525
Processing video: 5086465773912997411
Processing video: 5092765202446045704
Processing video: 5099449889545545450
Processing video: 5097975856769557081Processing video: 5103182645622502287

Processing video: 5090916219025116054
Processing video: 5134749367588120522
Processing video: 5146258161124252727
Processing video: 5172231547180314349
Processing video: 5173709444596630576
Processing video: 5366409594815891602
Processing video: 5218949624445806415
Processing video: 5391892065246550398
Processing video: 5525084584552992937
total  1173319 subs 9168
Trial 299/1000, Params: dpd_10.0_dpg_10.0_ws_40_mg_2.0_sim_2.0, F1@0.50: 50.98
Processing video: 5085344787448740525
Processing video: 5085357672350628540
Processing video: 5086465773912997411
Processing video: 5090916219025116054
Processing video: 5092765202446045704
Processing video: 5097975856769557081
Processing video: 5099449889545545450
Processing video: 5103182645622502287
Processing video: 5134749367588120522
Processing video: 5146258161124252727
Processing video: 5173709444596630576
Processing video: 5218949624445806415
Processing video: 5172231547180314349
Processing video: 5366409594815891602
Processing video: 5391892065246550398
Processing video: 5525084584552992937
total  1173319 subs 9168
Trial 300/1000, Params: dpd_5.0_dpg_5.0_ws_40_mg_8.0_sim_2.0, F1@0.50: 52.31
Processing video: 5085344787448740525
Processing video: 5085357672350628540
Processing video: 5086465773912997411
Processing video: 5090916219025116054
Processing video: 5092765202446045704
Processing video: 5097975856769557081
Processing video: 5099449889545545450
Processing video: 5103182645622502287
Processing video: 5134749367588120522
Processing video: 5146258161124252727
Processing video: 5172231547180314349
Processing video: 5173709444596630576
Processing video: 5218949624445806415
Processing video: 5366409594815891602
Processing video: 5391892065246550398
Processing video: 5525084584552992937
total  1173319 subs 9168
Trial 301/1000, Params: dpd_0.5_dpg_0.1_ws_40_mg_8.0_sim_2.0, F1@0.50: 50.96
Processing video: 5085344787448740525
Processing video: 5085357672350628540
Processing video: 5086465773912997411
Processing video: 5090916219025116054
Processing video: 5092765202446045704
Processing video: 5097975856769557081
Processing video: 5099449889545545450
Processing video: 5103182645622502287
Processing video: 5134749367588120522
Processing video: 5146258161124252727
Processing video: 5172231547180314349
Processing video: 5173709444596630576
Processing video: 5218949624445806415
Processing video: 5366409594815891602
Processing video: 5391892065246550398
Processing video: 5525084584552992937
total  1173319 subs 9168
Trial 302/1000, Params: dpd_0.8_dpg_5.0_ws_20_mg_4.0_sim_20.0, F1@0.50: 55.1
Processing video: 5085344787448740525
Processing video: 5085357672350628540
Processing video: 5086465773912997411
Processing video: 5090916219025116054
Processing video: 5092765202446045704
Processing video: 5097975856769557081
Processing video: 5103182645622502287
Processing video: 5134749367588120522
Processing video: 5146258161124252727
Processing video: 5099449889545545450
Processing video: 5172231547180314349
Processing video: 5173709444596630576
Processing video: 5218949624445806415
Processing video: 5391892065246550398
Processing video: 5525084584552992937
Processing video: 5366409594815891602
total  1173319 subs 9168
Trial 303/1000, Params: dpd_0.5_dpg_1.0_ws_30_mg_6.0_sim_5.0, F1@0.50: 52.76
Processing video: 5085344787448740525
Processing video: 5085357672350628540
Processing video: 5086465773912997411
Processing video: 5090916219025116054
Processing video: 5092765202446045704
Processing video: 5097975856769557081
Processing video: 5099449889545545450
Processing video: 5103182645622502287
Processing video: 5134749367588120522
Processing video: 5146258161124252727
Processing video: 5172231547180314349
Processing video: 5173709444596630576
Processing video: 5218949624445806415
Processing video: 5366409594815891602
Processing video: 5391892065246550398
Processing video: 5525084584552992937
total  1173319 subs 9168
Trial 304/1000, Params: dpd_100.0_dpg_2.0_ws_30_mg_2.0_sim_10.0, F1@0.50: 36.67
Processing video: 5086465773912997411
Processing video: 5085344787448740525Processing video: 5090916219025116054

Processing video: 5085357672350628540
Processing video: 5092765202446045704
Processing video: 5097975856769557081
Processing video: 5099449889545545450
Processing video: 5103182645622502287
Processing video: 5134749367588120522
Processing video: 5146258161124252727
Processing video: 5173709444596630576
Processing video: 5218949624445806415
Processing video: 5391892065246550398
Processing video: 5525084584552992937
Processing video: 5172231547180314349
Processing video: 5366409594815891602
total  1173319 subs 9168
Trial 305/1000, Params: dpd_2.0_dpg_5.0_ws_50_mg_8.0_sim_0.5, F1@0.50: 51.66
Processing video: 5086465773912997411
Processing video: 5085344787448740525
Processing video: 5090916219025116054
Processing video: 5085357672350628540
Processing video: 5092765202446045704
Processing video: 5097975856769557081
Processing video: 5099449889545545450
Processing video: 5134749367588120522
Processing video: 5103182645622502287
Processing video: 5172231547180314349
Processing video: 5173709444596630576
Processing video: 5146258161124252727
Processing video: 5391892065246550398
Processing video: 5218949624445806415
Processing video: 5366409594815891602
Processing video: 5525084584552992937
total  1173319 subs 9168
Trial 306/1000, Params: dpd_0.0_dpg_20.0_ws_40_mg_2.0_sim_30.0, F1@0.50: 49.36
Processing video: 5085344787448740525
Processing video: 5085357672350628540
Processing video: 5086465773912997411
Processing video: 5090916219025116054
Processing video: 5092765202446045704
Processing video: 5097975856769557081
Processing video: 5099449889545545450
Processing video: 5134749367588120522
Processing video: 5103182645622502287
Processing video: 5172231547180314349
Processing video: 5173709444596630576
Processing video: 5218949624445806415
Processing video: 5366409594815891602
Processing video: 5391892065246550398
Processing video: 5146258161124252727
Processing video: 5525084584552992937
total  1173319 subs 9168
Trial 307/1000, Params: dpd_10.0_dpg_1.0_ws_50_mg_6.0_sim_0.0, F1@0.50: 47.38
Processing video: 5085344787448740525
Processing video: 5085357672350628540
Processing video: 5086465773912997411
Processing video: 5090916219025116054
Processing video: 5092765202446045704
Processing video: 5097975856769557081
Processing video: 5099449889545545450
Processing video: 5103182645622502287
Processing video: 5134749367588120522
Processing video: 5146258161124252727
Processing video: 5172231547180314349
Processing video: 5173709444596630576
Processing video: 5218949624445806415
Processing video: 5366409594815891602
Processing video: 5391892065246550398
Processing video: 5525084584552992937
total  1173319 subs 9168
Trial 308/1000, Params: dpd_10.0_dpg_0.8_ws_30_mg_2.0_sim_50.0, F1@0.50: 56.49
Processing video: 5085344787448740525
Processing video: 5085357672350628540
Processing video: 5086465773912997411
Processing video: 5090916219025116054
Processing video: 5092765202446045704
Processing video: 5097975856769557081
Processing video: 5099449889545545450
Processing video: 5103182645622502287
Processing video: 5134749367588120522
Processing video: 5173709444596630576
Processing video: 5218949624445806415
Processing video: 5366409594815891602
Processing video: 5525084584552992937
Processing video: 5172231547180314349
Processing video: 5391892065246550398
Processing video: 5146258161124252727
total  1173319 subs 9168
Trial 309/1000, Params: dpd_20.0_dpg_5.0_ws_20_mg_4.0_sim_30.0, F1@0.50: 51.64
Processing video: 5085344787448740525
Processing video: 5085357672350628540
Processing video: 5090916219025116054
Processing video: 5086465773912997411
Processing video: 5092765202446045704
Processing video: 5097975856769557081
Processing video: 5099449889545545450
Processing video: 5103182645622502287
Processing video: 5134749367588120522
Processing video: 5146258161124252727
Processing video: 5172231547180314349
Processing video: 5173709444596630576
Processing video: 5366409594815891602
Processing video: 5391892065246550398
Processing video: 5218949624445806415
Processing video: 5525084584552992937
total  1173319 subs 9168
Trial 310/1000, Params: dpd_0.8_dpg_20.0_ws_30_mg_6.0_sim_20.0, F1@0.50: 54.12
Processing video: 5085344787448740525
Processing video: 5085357672350628540
Processing video: 5086465773912997411
Processing video: 5090916219025116054
Processing video: 5092765202446045704
Processing video: 5097975856769557081
Processing video: 5099449889545545450
Processing video: 5103182645622502287
Processing video: 5134749367588120522
Processing video: 5146258161124252727
Processing video: 5172231547180314349
Processing video: 5173709444596630576
Processing video: 5218949624445806415
Processing video: 5366409594815891602
Processing video: 5391892065246550398
Processing video: 5525084584552992937
total  1173319 subs 9168
Trial 311/1000, Params: dpd_100.0_dpg_0.0_ws_20_mg_6.0_sim_20.0, F1@0.50: 40.66
Processing video: 5085344787448740525
Processing video: 5085357672350628540
Processing video: 5086465773912997411
Processing video: 5090916219025116054
Processing video: 5092765202446045704
Processing video: 5097975856769557081
Processing video: 5099449889545545450
Processing video: 5103182645622502287
Processing video: 5134749367588120522
Processing video: 5146258161124252727
Processing video: 5172231547180314349
Processing video: 5173709444596630576
Processing video: 5218949624445806415
Processing video: 5366409594815891602
Processing video: 5391892065246550398
Processing video: 5525084584552992937
total  1173319 subs 9168
Trial 312/1000, Params: dpd_2.0_dpg_2.0_ws_30_mg_10.0_sim_20.0, F1@0.50: 57.81
Processing video: 5085344787448740525
Processing video: 5085357672350628540
Processing video: 5086465773912997411
Processing video: 5090916219025116054
Processing video: 5092765202446045704
Processing video: 5097975856769557081
Processing video: 5099449889545545450
Processing video: 5103182645622502287
Processing video: 5134749367588120522
Processing video: 5146258161124252727
Processing video: 5172231547180314349
Processing video: 5173709444596630576
Processing video: 5218949624445806415
Processing video: 5525084584552992937
Processing video: 5391892065246550398
Processing video: 5366409594815891602
total  1173319 subs 9168
Trial 313/1000, Params: dpd_10.0_dpg_1.0_ws_30_mg_10.0_sim_1.0, F1@0.50: 47.39
Processing video: 5085344787448740525
Processing video: 5086465773912997411
Processing video: 5085357672350628540
Processing video: 5090916219025116054
Processing video: 5092765202446045704
Processing video: 5097975856769557081
Processing video: 5099449889545545450
Processing video: 5103182645622502287
Processing video: 5134749367588120522
Processing video: 5146258161124252727
Processing video: 5172231547180314349
Processing video: 5366409594815891602
Processing video: 5391892065246550398
Processing video: 5525084584552992937
Processing video: 5218949624445806415
Processing video: 5173709444596630576
total  1173319 subs 9168
Trial 314/1000, Params: dpd_0.1_dpg_0.8_ws_30_mg_6.0_sim_50.0, F1@0.50: 44.25
Processing video: 5085344787448740525
Processing video: 5085357672350628540
Processing video: 5086465773912997411
Processing video: 5090916219025116054
Processing video: 5092765202446045704
Processing video: 5097975856769557081
Processing video: 5099449889545545450
Processing video: 5103182645622502287
Processing video: 5134749367588120522
Processing video: 5146258161124252727
Processing video: 5172231547180314349
Processing video: 5173709444596630576
Processing video: 5218949624445806415
Processing video: 5366409594815891602
Processing video: 5391892065246550398
Processing video: 5525084584552992937
total  1173319 subs 9168
Trial 315/1000, Params: dpd_10.0_dpg_0.0_ws_30_mg_2.0_sim_10.0, F1@0.50: 51.7
Processing video: 5085344787448740525
Processing video: 5085357672350628540
Processing video: 5086465773912997411
Processing video: 5090916219025116054
Processing video: 5092765202446045704
Processing video: 5097975856769557081
Processing video: 5099449889545545450
Processing video: 5103182645622502287
Processing video: 5134749367588120522
Processing video: 5173709444596630576Processing video: 5146258161124252727
Processing video: 5172231547180314349Processing video: 5218949624445806415


Processing video: 5366409594815891602
Processing video: 5391892065246550398
Processing video: 5525084584552992937
total  1173319 subs 9168
Trial 316/1000, Params: dpd_0.8_dpg_0.1_ws_40_mg_4.0_sim_20.0, F1@0.50: 54.64
Processing video: 5085344787448740525
Processing video: 5090916219025116054Processing video: 5085357672350628540

Processing video: 5086465773912997411
Processing video: 5092765202446045704
Processing video: 5097975856769557081
Processing video: 5099449889545545450
Processing video: 5103182645622502287
Processing video: 5134749367588120522
Processing video: 5146258161124252727
Processing video: 5172231547180314349
Processing video: 5173709444596630576
Processing video: 5218949624445806415
Processing video: 5366409594815891602
Processing video: 5391892065246550398
Processing video: 5525084584552992937
total  1173319 subs 9168
Trial 317/1000, Params: dpd_1.0_dpg_0.5_ws_30_mg_4.0_sim_1.0, F1@0.50: 50.96
Processing video: 5085344787448740525
Processing video: 5085357672350628540
Processing video: 5086465773912997411
Processing video: 5090916219025116054
Processing video: 5099449889545545450Processing video: 5092765202446045704
Processing video: 5097975856769557081Processing video: 5103182645622502287


Processing video: 5134749367588120522
Processing video: 5146258161124252727
Processing video: 5172231547180314349
Processing video: 5173709444596630576
Processing video: 5218949624445806415
Processing video: 5366409594815891602
Processing video: 5391892065246550398
Processing video: 5525084584552992937
total  1173319 subs 9168
Trial 318/1000, Params: dpd_0.5_dpg_1.0_ws_40_mg_4.0_sim_50.0, F1@0.50: 45.94
Processing video: 5085344787448740525
Processing video: 5086465773912997411Processing video: 5085357672350628540

Processing video: 5090916219025116054
Processing video: 5092765202446045704
Processing video: 5099449889545545450
Processing video: 5103182645622502287
Processing video: 5097975856769557081
Processing video: 5146258161124252727
Processing video: 5134749367588120522
Processing video: 5173709444596630576
Processing video: 5172231547180314349
Processing video: 5366409594815891602
Processing video: 5218949624445806415
Processing video: 5525084584552992937
Processing video: 5391892065246550398
total  1173319 subs 9168
Trial 319/1000, Params: dpd_0.5_dpg_20.0_ws_40_mg_6.0_sim_30.0, F1@0.50: 51.66
Processing video: 5085344787448740525
Processing video: 5085357672350628540
Processing video: 5086465773912997411
Processing video: 5090916219025116054
Processing video: 5092765202446045704
Processing video: 5097975856769557081
Processing video: 5099449889545545450
Processing video: 5103182645622502287
Processing video: 5134749367588120522
Processing video: 5146258161124252727
Processing video: 5172231547180314349
Processing video: 5173709444596630576
Processing video: 5218949624445806415
Processing video: 5366409594815891602
Processing video: 5391892065246550398
Processing video: 5525084584552992937
total  1173319 subs 9168
Trial 320/1000, Params: dpd_0.8_dpg_0.5_ws_20_mg_4.0_sim_100.0, F1@0.50: 45.71
Processing video: 5085344787448740525
Processing video: 5085357672350628540
Processing video: 5086465773912997411
Processing video: 5090916219025116054
Processing video: 5092765202446045704
Processing video: 5097975856769557081
Processing video: 5099449889545545450
Processing video: 5103182645622502287
Processing video: 5134749367588120522
Processing video: 5146258161124252727
Processing video: 5172231547180314349
Processing video: 5173709444596630576
Processing video: 5218949624445806415
Processing video: 5391892065246550398
Processing video: 5366409594815891602
Processing video: 5525084584552992937
total  1173319 subs 9168
Trial 321/1000, Params: dpd_100.0_dpg_20.0_ws_40_mg_8.0_sim_0.0, F1@0.50: 32.56
Processing video: 5085344787448740525
Processing video: 5085357672350628540
Processing video: 5086465773912997411
Processing video: 5090916219025116054
Processing video: 5092765202446045704
Processing video: 5097975856769557081
Processing video: 5103182645622502287
Processing video: 5134749367588120522
Processing video: 5099449889545545450
Processing video: 5146258161124252727
Processing video: 5172231547180314349
Processing video: 5173709444596630576
Processing video: 5218949624445806415
Processing video: 5366409594815891602
Processing video: 5391892065246550398
Processing video: 5525084584552992937
total  1173319 subs 9168
Trial 322/1000, Params: dpd_100.0_dpg_1.0_ws_20_mg_2.0_sim_20.0, F1@0.50: 41.18
Processing video: 5085344787448740525
Processing video: 5085357672350628540
Processing video: 5086465773912997411
Processing video: 5090916219025116054
Processing video: 5092765202446045704
Processing video: 5097975856769557081
Processing video: 5099449889545545450
Processing video: 5103182645622502287
Processing video: 5134749367588120522
Processing video: 5173709444596630576
Processing video: 5172231547180314349Processing video: 5146258161124252727

Processing video: 5218949624445806415
Processing video: 5391892065246550398Processing video: 5366409594815891602

Processing video: 5525084584552992937
total  1173319 subs 9168
Trial 323/1000, Params: dpd_5.0_dpg_0.8_ws_50_mg_6.0_sim_50.0, F1@0.50: 56.01
Processing video: 5085344787448740525
Processing video: 5085357672350628540
Processing video: 5086465773912997411
Processing video: 5090916219025116054
Processing video: 5092765202446045704
Processing video: 5097975856769557081
Processing video: 5099449889545545450
Processing video: 5103182645622502287
Processing video: 5134749367588120522
Processing video: 5146258161124252727
Processing video: 5172231547180314349
Processing video: 5173709444596630576
Processing video: 5218949624445806415
Processing video: 5366409594815891602
Processing video: 5391892065246550398
Processing video: 5525084584552992937
total  1173319 subs 9168
Trial 324/1000, Params: dpd_100.0_dpg_10.0_ws_20_mg_4.0_sim_20.0, F1@0.50: 41.41
Processing video: 5085344787448740525
Processing video: 5085357672350628540
Processing video: 5086465773912997411
Processing video: 5090916219025116054
Processing video: 5092765202446045704
Processing video: 5097975856769557081
Processing video: 5099449889545545450
Processing video: 5103182645622502287
Processing video: 5134749367588120522
Processing video: 5146258161124252727
Processing video: 5173709444596630576
Processing video: 5366409594815891602
Processing video: 5172231547180314349
Processing video: 5525084584552992937
Processing video: 5218949624445806415
Processing video: 5391892065246550398
total  1173319 subs 9168
Trial 325/1000, Params: dpd_5.0_dpg_20.0_ws_30_mg_6.0_sim_2.0, F1@0.50: 52.28
Processing video: 5085344787448740525
Processing video: 5085357672350628540
Processing video: 5090916219025116054
Processing video: 5092765202446045704
Processing video: 5086465773912997411
Processing video: 5097975856769557081
Processing video: 5099449889545545450
Processing video: 5103182645622502287
Processing video: 5146258161124252727
Processing video: 5134749367588120522
Processing video: 5172231547180314349
Processing video: 5218949624445806415
Processing video: 5173709444596630576
Processing video: 5366409594815891602
Processing video: 5391892065246550398
Processing video: 5525084584552992937
total  1173319 subs 9168
Trial 326/1000, Params: dpd_2.0_dpg_5.0_ws_20_mg_4.0_sim_1.0, F1@0.50: 50.42
Processing video: 5085344787448740525
Processing video: 5085357672350628540
Processing video: 5086465773912997411
Processing video: 5090916219025116054
Processing video: 5092765202446045704
Processing video: 5097975856769557081
Processing video: 5099449889545545450
Processing video: 5103182645622502287
Processing video: 5134749367588120522
Processing video: 5146258161124252727
Processing video: 5172231547180314349
Processing video: 5173709444596630576
Processing video: 5218949624445806415
Processing video: 5366409594815891602
Processing video: 5391892065246550398
Processing video: 5525084584552992937
total  1173319 subs 9168
Trial 327/1000, Params: dpd_0.8_dpg_0.0_ws_20_mg_4.0_sim_20.0, F1@0.50: 53.73
Processing video: 5085344787448740525
Processing video: 5085357672350628540
Processing video: 5086465773912997411
Processing video: 5090916219025116054
Processing video: 5092765202446045704
Processing video: 5097975856769557081
Processing video: 5099449889545545450
Processing video: 5103182645622502287
Processing video: 5134749367588120522
Processing video: 5146258161124252727
Processing video: 5218949624445806415
Processing video: 5366409594815891602
Processing video: 5391892065246550398
Processing video: 5172231547180314349
Processing video: 5525084584552992937
Processing video: 5173709444596630576
total  1173319 subs 9168
Trial 328/1000, Params: dpd_0.5_dpg_0.5_ws_40_mg_2.0_sim_0.5, F1@0.50: 50.28
Processing video: 5085344787448740525
Processing video: 5086465773912997411
Processing video: 5090916219025116054
Processing video: 5085357672350628540
Processing video: 5092765202446045704
Processing video: 5097975856769557081
Processing video: 5099449889545545450
Processing video: 5103182645622502287
Processing video: 5134749367588120522
Processing video: 5146258161124252727
Processing video: 5172231547180314349
Processing video: 5173709444596630576
Processing video: 5218949624445806415
Processing video: 5366409594815891602
Processing video: 5391892065246550398
Processing video: 5525084584552992937
total  1173319 subs 9168
Trial 329/1000, Params: dpd_1.0_dpg_10.0_ws_20_mg_4.0_sim_1.0, F1@0.50: 49.53
Processing video: 5085344787448740525
Processing video: 5085357672350628540
Processing video: 5086465773912997411
Processing video: 5092765202446045704
Processing video: 5097975856769557081
Processing video: 5134749367588120522
Processing video: 5090916219025116054
Processing video: 5103182645622502287Processing video: 5099449889545545450

Processing video: 5173709444596630576
Processing video: 5146258161124252727Processing video: 5218949624445806415

Processing video: 5172231547180314349
Processing video: 5391892065246550398
Processing video: 5525084584552992937
Processing video: 5366409594815891602
total  1173319 subs 9168
Trial 330/1000, Params: dpd_20.0_dpg_100.0_ws_50_mg_6.0_sim_10.0, F1@0.50: 48.45
Processing video: 5085344787448740525
Processing video: 5085357672350628540
Processing video: 5090916219025116054
Processing video: 5092765202446045704
Processing video: 5086465773912997411
Processing video: 5097975856769557081
Processing video: 5099449889545545450
Processing video: 5103182645622502287
Processing video: 5134749367588120522
Processing video: 5146258161124252727
Processing video: 5172231547180314349
Processing video: 5173709444596630576
Processing video: 5218949624445806415
Processing video: 5366409594815891602
Processing video: 5391892065246550398
Processing video: 5525084584552992937
total  1173319 subs 9168
Trial 331/1000, Params: dpd_100.0_dpg_0.5_ws_30_mg_8.0_sim_10.0, F1@0.50: 36.33
Processing video: 5085344787448740525
Processing video: 5085357672350628540
Processing video: 5086465773912997411
Processing video: 5090916219025116054
Processing video: 5092765202446045704
Processing video: 5097975856769557081
Processing video: 5099449889545545450
Processing video: 5134749367588120522
Processing video: 5103182645622502287
Processing video: 5146258161124252727
Processing video: 5172231547180314349
Processing video: 5173709444596630576
Processing video: 5218949624445806415
Processing video: 5366409594815891602
Processing video: 5391892065246550398
Processing video: 5525084584552992937
total  1173319 subs 9168
Trial 332/1000, Params: dpd_1.0_dpg_0.5_ws_40_mg_2.0_sim_5.0, F1@0.50: 53.18
Processing video: 5085344787448740525
Processing video: 5085357672350628540
Processing video: 5090916219025116054
Processing video: 5086465773912997411
Processing video: 5092765202446045704
Processing video: 5097975856769557081
Processing video: 5099449889545545450
Processing video: 5103182645622502287
Processing video: 5134749367588120522
Processing video: 5146258161124252727
Processing video: 5173709444596630576
Processing video: 5172231547180314349
Processing video: 5525084584552992937Processing video: 5391892065246550398

Processing video: 5218949624445806415Processing video: 5366409594815891602

total  1173319 subs 9168
Trial 333/1000, Params: dpd_20.0_dpg_100.0_ws_50_mg_8.0_sim_50.0, F1@0.50: 54.16
Processing video: 5085344787448740525
Processing video: 5085357672350628540
Processing video: 5086465773912997411
Processing video: 5090916219025116054
Processing video: 5092765202446045704
Processing video: 5097975856769557081
Processing video: 5099449889545545450
Processing video: 5103182645622502287
Processing video: 5134749367588120522
Processing video: 5146258161124252727
Processing video: 5172231547180314349
Processing video: 5173709444596630576
Processing video: 5218949624445806415
Processing video: 5525084584552992937
Processing video: 5391892065246550398
Processing video: 5366409594815891602
total  1173319 subs 9168
Trial 334/1000, Params: dpd_0.1_dpg_5.0_ws_50_mg_2.0_sim_100.0, F1@0.50: 39.62
Processing video: 5085344787448740525
Processing video: 5085357672350628540
Processing video: 5086465773912997411
Processing video: 5090916219025116054
Processing video: 5092765202446045704
Processing video: 5097975856769557081Processing video: 5099449889545545450

Processing video: 5103182645622502287
Processing video: 5134749367588120522
Processing video: 5146258161124252727
Processing video: 5172231547180314349
Processing video: 5173709444596630576
Processing video: 5218949624445806415
Processing video: 5366409594815891602
Processing video: 5391892065246550398
Processing video: 5525084584552992937
total  1173319 subs 9168
Trial 335/1000, Params: dpd_100.0_dpg_0.1_ws_50_mg_6.0_sim_0.5, F1@0.50: 31.23
Processing video: 5085344787448740525
Processing video: 5085357672350628540
Processing video: 5086465773912997411
Processing video: 5090916219025116054
Processing video: 5092765202446045704
Processing video: 5097975856769557081
Processing video: 5099449889545545450
Processing video: 5103182645622502287
Processing video: 5134749367588120522
Processing video: 5146258161124252727
Processing video: 5172231547180314349
Processing video: 5173709444596630576
Processing video: 5218949624445806415
Processing video: 5391892065246550398
Processing video: 5525084584552992937
Processing video: 5366409594815891602
total  1173319 subs 9168
Trial 336/1000, Params: dpd_10.0_dpg_100.0_ws_50_mg_6.0_sim_2.0, F1@0.50: 45.38
Processing video: 5092765202446045704
Processing video: 5086465773912997411Processing video: 5085357672350628540

Processing video: 5097975856769557081
Processing video: 5085344787448740525Processing video: 5090916219025116054

Processing video: 5099449889545545450
Processing video: 5103182645622502287
Processing video: 5146258161124252727
Processing video: 5134749367588120522
Processing video: 5172231547180314349
Processing video: 5218949624445806415
Processing video: 5173709444596630576Processing video: 5366409594815891602

Processing video: 5391892065246550398
Processing video: 5525084584552992937
total  1173319 subs 9168
Trial 337/1000, Params: dpd_1.0_dpg_0.8_ws_40_mg_6.0_sim_10.0, F1@0.50: 55.5
Processing video: 5085344787448740525
Processing video: 5085357672350628540
Processing video: 5090916219025116054
Processing video: 5086465773912997411
Processing video: 5092765202446045704
Processing video: 5097975856769557081
Processing video: 5134749367588120522
Processing video: 5146258161124252727
Processing video: 5099449889545545450
Processing video: 5103182645622502287
Processing video: 5173709444596630576
Processing video: 5172231547180314349
Processing video: 5218949624445806415
Processing video: 5391892065246550398
Processing video: 5366409594815891602
Processing video: 5525084584552992937
total  1173319 subs 9168
Trial 338/1000, Params: dpd_2.0_dpg_0.1_ws_30_mg_4.0_sim_5.0, F1@0.50: 52.74
Processing video: 5085344787448740525
Processing video: 5085357672350628540
Processing video: 5086465773912997411
Processing video: 5090916219025116054
Processing video: 5092765202446045704
Processing video: 5134749367588120522
Processing video: 5097975856769557081
Processing video: 5146258161124252727
Processing video: 5173709444596630576
Processing video: 5103182645622502287
Processing video: 5172231547180314349
Processing video: 5366409594815891602
Processing video: 5218949624445806415
Processing video: 5391892065246550398
Processing video: 5099449889545545450
Processing video: 5525084584552992937
total  1173319 subs 9168
Trial 339/1000, Params: dpd_20.0_dpg_0.1_ws_30_mg_8.0_sim_2.0, F1@0.50: 44.24
Processing video: 5085344787448740525
Processing video: 5085357672350628540
Processing video: 5086465773912997411
Processing video: 5090916219025116054
Processing video: 5092765202446045704
Processing video: 5097975856769557081
Processing video: 5099449889545545450
Processing video: 5103182645622502287
Processing video: 5134749367588120522
Processing video: 5146258161124252727
Processing video: 5172231547180314349
Processing video: 5173709444596630576
Processing video: 5218949624445806415
Processing video: 5366409594815891602
Processing video: 5391892065246550398
Processing video: 5525084584552992937
total  1173319 subs 9168
Trial 340/1000, Params: dpd_0.8_dpg_0.1_ws_30_mg_4.0_sim_50.0, F1@0.50: 47.08
Processing video: 5085344787448740525
Processing video: 5085357672350628540
Processing video: 5086465773912997411
Processing video: 5090916219025116054
Processing video: 5092765202446045704
Processing video: 5097975856769557081
Processing video: 5099449889545545450
Processing video: 5103182645622502287
Processing video: 5146258161124252727
Processing video: 5172231547180314349
Processing video: 5134749367588120522
Processing video: 5525084584552992937
Processing video: 5391892065246550398
Processing video: 5218949624445806415Processing video: 5366409594815891602Processing video: 5173709444596630576


total  1173319 subs 9168
Trial 341/1000, Params: dpd_0.1_dpg_5.0_ws_40_mg_6.0_sim_5.0, F1@0.50: 52.74
Processing video: 5085344787448740525
Processing video: 5085357672350628540
Processing video: 5090916219025116054
Processing video: 5086465773912997411
Processing video: 5092765202446045704
Processing video: 5097975856769557081
Processing video: 5099449889545545450
Processing video: 5103182645622502287
Processing video: 5134749367588120522
Processing video: 5146258161124252727
Processing video: 5172231547180314349
Processing video: 5173709444596630576
Processing video: 5218949624445806415
Processing video: 5525084584552992937
Processing video: 5366409594815891602
Processing video: 5391892065246550398
total  1173319 subs 9168
Trial 342/1000, Params: dpd_0.1_dpg_1.0_ws_30_mg_8.0_sim_30.0, F1@0.50: 48.19
Processing video: 5085344787448740525
Processing video: 5085357672350628540
Processing video: 5086465773912997411
Processing video: 5090916219025116054
Processing video: 5092765202446045704
Processing video: 5097975856769557081
Processing video: 5099449889545545450
Processing video: 5103182645622502287
Processing video: 5172231547180314349
Processing video: 5173709444596630576
Processing video: 5218949624445806415
Processing video: 5134749367588120522
Processing video: 5525084584552992937
Processing video: 5146258161124252727Processing video: 5366409594815891602
Processing video: 5391892065246550398

total  1173319 subs 9168
Trial 343/1000, Params: dpd_2.0_dpg_5.0_ws_20_mg_4.0_sim_0.5, F1@0.50: 49.92
Processing video: 5085344787448740525
Processing video: 5085357672350628540Processing video: 5086465773912997411

Processing video: 5090916219025116054
Processing video: 5099449889545545450
Processing video: 5103182645622502287Processing video: 5097975856769557081

Processing video: 5092765202446045704
Processing video: 5146258161124252727
Processing video: 5134749367588120522
Processing video: 5172231547180314349
Processing video: 5173709444596630576
Processing video: 5366409594815891602
Processing video: 5218949624445806415
Processing video: 5391892065246550398
Processing video: 5525084584552992937
total  1173319 subs 9168
Trial 344/1000, Params: dpd_100.0_dpg_20.0_ws_50_mg_10.0_sim_20.0, F1@0.50: 37.78
Processing video: 5085344787448740525
Processing video: 5085357672350628540
Processing video: 5086465773912997411
Processing video: 5090916219025116054
Processing video: 5092765202446045704
Processing video: 5097975856769557081
Processing video: 5099449889545545450
Processing video: 5134749367588120522
Processing video: 5146258161124252727
Processing video: 5103182645622502287
Processing video: 5172231547180314349
Processing video: 5173709444596630576
Processing video: 5218949624445806415
Processing video: 5525084584552992937
Processing video: 5391892065246550398Processing video: 5366409594815891602

total  1173319 subs 9168
Trial 345/1000, Params: dpd_0.5_dpg_10.0_ws_30_mg_2.0_sim_50.0, F1@0.50: 48.9
Processing video: 5085344787448740525
Processing video: 5090916219025116054Processing video: 5085357672350628540

Processing video: 5086465773912997411
Processing video: 5092765202446045704
Processing video: 5097975856769557081
Processing video: 5099449889545545450
Processing video: 5103182645622502287
Processing video: 5134749367588120522
Processing video: 5146258161124252727
Processing video: 5172231547180314349
Processing video: 5173709444596630576
Processing video: 5218949624445806415
Processing video: 5366409594815891602
Processing video: 5391892065246550398
Processing video: 5525084584552992937
total  1173319 subs 9168
Trial 346/1000, Params: dpd_1.0_dpg_10.0_ws_30_mg_6.0_sim_0.5, F1@0.50: 50.38
Processing video: 5085344787448740525
Processing video: 5085357672350628540
Processing video: 5086465773912997411
Processing video: 5090916219025116054
Processing video: 5092765202446045704
Processing video: 5097975856769557081
Processing video: 5099449889545545450
Processing video: 5103182645622502287
Processing video: 5134749367588120522
Processing video: 5146258161124252727
Processing video: 5173709444596630576
Processing video: 5366409594815891602
Processing video: 5391892065246550398
Processing video: 5525084584552992937
Processing video: 5172231547180314349
Processing video: 5218949624445806415
total  1173319 subs 9168
Trial 347/1000, Params: dpd_0.0_dpg_5.0_ws_30_mg_8.0_sim_100.0, F1@0.50: 41.86
Processing video: 5085344787448740525
Processing video: 5090916219025116054
Processing video: 5085357672350628540
Processing video: 5086465773912997411
Processing video: 5092765202446045704
Processing video: 5097975856769557081
Processing video: 5099449889545545450
Processing video: 5103182645622502287
Processing video: 5134749367588120522
Processing video: 5146258161124252727
Processing video: 5173709444596630576
Processing video: 5218949624445806415
Processing video: 5172231547180314349
Processing video: 5391892065246550398
Processing video: 5525084584552992937
Processing video: 5366409594815891602
total  1173319 subs 9168
Trial 348/1000, Params: dpd_1.0_dpg_0.0_ws_30_mg_8.0_sim_100.0, F1@0.50: 41.94
Processing video: 5085344787448740525
Processing video: 5085357672350628540
Processing video: 5086465773912997411
Processing video: 5090916219025116054
Processing video: 5092765202446045704
Processing video: 5097975856769557081
Processing video: 5099449889545545450
Processing video: 5103182645622502287
Processing video: 5134749367588120522
Processing video: 5173709444596630576Processing video: 5366409594815891602
Processing video: 5218949624445806415Processing video: 5146258161124252727
Processing video: 5172231547180314349


Processing video: 5391892065246550398
Processing video: 5525084584552992937
total  1173319 subs 9168
Trial 349/1000, Params: dpd_1.0_dpg_20.0_ws_30_mg_8.0_sim_30.0, F1@0.50: 53.61
Processing video: 5085344787448740525
Processing video: 5085357672350628540
Processing video: 5086465773912997411
Processing video: 5090916219025116054
Processing video: 5092765202446045704
Processing video: 5097975856769557081
Processing video: 5099449889545545450
Processing video: 5103182645622502287
Processing video: 5134749367588120522
Processing video: 5146258161124252727
Processing video: 5172231547180314349
Processing video: 5173709444596630576
Processing video: 5218949624445806415
Processing video: 5391892065246550398
Processing video: 5525084584552992937
Processing video: 5366409594815891602
total  1173319 subs 9168
Trial 350/1000, Params: dpd_2.0_dpg_20.0_ws_20_mg_10.0_sim_2.0, F1@0.50: 49.49
Processing video: 5085344787448740525
Processing video: 5085357672350628540
Processing video: 5086465773912997411
Processing video: 5090916219025116054
Processing video: 5092765202446045704
Processing video: 5097975856769557081
Processing video: 5099449889545545450
Processing video: 5103182645622502287
Processing video: 5134749367588120522
Processing video: 5146258161124252727
Processing video: 5173709444596630576
Processing video: 5218949624445806415
Processing video: 5391892065246550398
Processing video: 5172231547180314349Processing video: 5525084584552992937

Processing video: 5366409594815891602
total  1173319 subs 9168
Trial 351/1000, Params: dpd_0.5_dpg_1.0_ws_40_mg_2.0_sim_0.5, F1@0.50: 50.46
Processing video: 5085344787448740525
Processing video: 5085357672350628540
Processing video: 5090916219025116054
Processing video: 5086465773912997411
Processing video: 5092765202446045704
Processing video: 5097975856769557081
Processing video: 5099449889545545450
Processing video: 5103182645622502287
Processing video: 5146258161124252727
Processing video: 5134749367588120522
Processing video: 5172231547180314349
Processing video: 5218949624445806415
Processing video: 5173709444596630576
Processing video: 5366409594815891602
Processing video: 5525084584552992937
Processing video: 5391892065246550398
total  1173319 subs 9168
Trial 352/1000, Params: dpd_0.5_dpg_5.0_ws_50_mg_10.0_sim_2.0, F1@0.50: 51.65
Processing video: 5085344787448740525
Processing video: 5085357672350628540
Processing video: 5086465773912997411
Processing video: 5090916219025116054
Processing video: 5092765202446045704
Processing video: 5097975856769557081
Processing video: 5099449889545545450
Processing video: 5103182645622502287
Processing video: 5134749367588120522
Processing video: 5146258161124252727
Processing video: 5172231547180314349
Processing video: 5173709444596630576
Processing video: 5218949624445806415
Processing video: 5391892065246550398
Processing video: 5525084584552992937
Processing video: 5366409594815891602
total  1173319 subs 9168
Trial 353/1000, Params: dpd_0.0_dpg_0.1_ws_50_mg_6.0_sim_100.0, F1@0.50: 35.96
Processing video: 5085344787448740525
Processing video: 5085357672350628540
Processing video: 5086465773912997411
Processing video: 5090916219025116054
Processing video: 5092765202446045704
Processing video: 5097975856769557081
Processing video: 5099449889545545450
Processing video: 5146258161124252727
Processing video: 5172231547180314349
Processing video: 5366409594815891602
Processing video: 5218949624445806415
Processing video: 5134749367588120522
Processing video: 5103182645622502287
Processing video: 5525084584552992937
Processing video: 5173709444596630576
Processing video: 5391892065246550398
total  1173319 subs 9168
Trial 354/1000, Params: dpd_10.0_dpg_0.8_ws_20_mg_2.0_sim_0.0, F1@0.50: 44.29
Processing video: 5085344787448740525
Processing video: 5090916219025116054Processing video: 5086465773912997411

Processing video: 5085357672350628540
Processing video: 5092765202446045704
Processing video: 5097975856769557081
Processing video: 5099449889545545450
Processing video: 5134749367588120522
Processing video: 5173709444596630576
Processing video: 5146258161124252727Processing video: 5172231547180314349

Processing video: 5103182645622502287
Processing video: 5218949624445806415
Processing video: 5366409594815891602
Processing video: 5525084584552992937
Processing video: 5391892065246550398
total  1173319 subs 9168
Trial 355/1000, Params: dpd_5.0_dpg_100.0_ws_30_mg_10.0_sim_50.0, F1@0.50: 51.77
Processing video: 5085344787448740525
Processing video: 5085357672350628540
Processing video: 5086465773912997411
Processing video: 5090916219025116054
Processing video: 5097975856769557081
Processing video: 5099449889545545450
Processing video: 5092765202446045704Processing video: 5146258161124252727

Processing video: 5134749367588120522
Processing video: 5172231547180314349
Processing video: 5218949624445806415
Processing video: 5173709444596630576Processing video: 5103182645622502287
Processing video: 5366409594815891602

Processing video: 5391892065246550398
Processing video: 5525084584552992937
total  1173319 subs 9168
Trial 356/1000, Params: dpd_5.0_dpg_1.0_ws_30_mg_4.0_sim_50.0, F1@0.50: 56.27
Processing video: 5085344787448740525
Processing video: 5085357672350628540
Processing video: 5086465773912997411
Processing video: 5092765202446045704
Processing video: 5097975856769557081
Processing video: 5103182645622502287
Processing video: 5099449889545545450
Processing video: 5090916219025116054
Processing video: 5134749367588120522
Processing video: 5146258161124252727
Processing video: 5173709444596630576
Processing video: 5172231547180314349
Processing video: 5366409594815891602
Processing video: 5218949624445806415
Processing video: 5391892065246550398
Processing video: 5525084584552992937
total  1173319 subs 9168
Trial 357/1000, Params: dpd_0.5_dpg_2.0_ws_40_mg_2.0_sim_1.0, F1@0.50: 50.81
Processing video: 5085344787448740525
Processing video: 5085357672350628540
Processing video: 5086465773912997411
Processing video: 5090916219025116054
Processing video: 5092765202446045704
Processing video: 5097975856769557081
Processing video: 5099449889545545450
Processing video: 5103182645622502287
Processing video: 5134749367588120522
Processing video: 5146258161124252727
Processing video: 5172231547180314349
Processing video: 5366409594815891602
Processing video: 5391892065246550398
Processing video: 5173709444596630576
Processing video: 5525084584552992937
Processing video: 5218949624445806415
total  1173319 subs 9168
Trial 358/1000, Params: dpd_1.0_dpg_100.0_ws_40_mg_6.0_sim_0.0, F1@0.50: 35.49
Processing video: 5086465773912997411
Processing video: 5085357672350628540Processing video: 5085344787448740525

Processing video: 5090916219025116054
Processing video: 5092765202446045704
Processing video: 5097975856769557081
Processing video: 5099449889545545450
Processing video: 5103182645622502287
Processing video: 5134749367588120522
Processing video: 5146258161124252727
Processing video: 5172231547180314349
Processing video: 5173709444596630576
Processing video: 5218949624445806415
Processing video: 5366409594815891602
Processing video: 5391892065246550398
Processing video: 5525084584552992937
total  1173319 subs 9168
Trial 359/1000, Params: dpd_100.0_dpg_0.1_ws_50_mg_4.0_sim_10.0, F1@0.50: 33.95
Processing video: 5085344787448740525
Processing video: 5090916219025116054Processing video: 5085357672350628540

Processing video: 5086465773912997411
Processing video: 5092765202446045704
Processing video: 5097975856769557081
Processing video: 5099449889545545450
Processing video: 5103182645622502287
Processing video: 5134749367588120522
Processing video: 5146258161124252727
Processing video: 5172231547180314349
Processing video: 5173709444596630576
Processing video: 5218949624445806415
Processing video: 5366409594815891602
Processing video: 5391892065246550398
Processing video: 5525084584552992937
total  1173319 subs 9168
Trial 360/1000, Params: dpd_0.1_dpg_0.0_ws_30_mg_10.0_sim_1.0, F1@0.50: 49.65
Processing video: 5085344787448740525
Processing video: 5085357672350628540
Processing video: 5086465773912997411
Processing video: 5090916219025116054
Processing video: 5092765202446045704
Processing video: 5097975856769557081
Processing video: 5099449889545545450
Processing video: 5103182645622502287
Processing video: 5134749367588120522
Processing video: 5146258161124252727
Processing video: 5172231547180314349
Processing video: 5391892065246550398
Processing video: 5173709444596630576
Processing video: 5525084584552992937
Processing video: 5366409594815891602Processing video: 5218949624445806415

total  1173319 subs 9168
Trial 361/1000, Params: dpd_0.5_dpg_10.0_ws_50_mg_6.0_sim_0.0, F1@0.50: 49.49
Processing video: 5085344787448740525
Processing video: 5085357672350628540
Processing video: 5086465773912997411
Processing video: 5090916219025116054
Processing video: 5092765202446045704
Processing video: 5097975856769557081
Processing video: 5099449889545545450
Processing video: 5103182645622502287
Processing video: 5172231547180314349
Processing video: 5134749367588120522Processing video: 5146258161124252727

Processing video: 5173709444596630576
Processing video: 5366409594815891602
Processing video: 5218949624445806415
Processing video: 5525084584552992937
Processing video: 5391892065246550398
total  1173319 subs 9168
Trial 362/1000, Params: dpd_20.0_dpg_20.0_ws_30_mg_8.0_sim_20.0, F1@0.50: 54.26
Processing video: 5085344787448740525
Processing video: 5085357672350628540
Processing video: 5086465773912997411
Processing video: 5090916219025116054
Processing video: 5092765202446045704
Processing video: 5097975856769557081
Processing video: 5099449889545545450
Processing video: 5103182645622502287
Processing video: 5134749367588120522
Processing video: 5172231547180314349
Processing video: 5173709444596630576Processing video: 5218949624445806415
Processing video: 5146258161124252727Processing video: 5366409594815891602


Processing video: 5525084584552992937Processing video: 5391892065246550398

total  1173319 subs 9168
Trial 363/1000, Params: dpd_0.5_dpg_20.0_ws_30_mg_2.0_sim_0.0, F1@0.50: 46.42
Processing video: 5085344787448740525
Processing video: 5085357672350628540
Processing video: 5090916219025116054
Processing video: 5086465773912997411
Processing video: 5092765202446045704
Processing video: 5097975856769557081
Processing video: 5099449889545545450
Processing video: 5134749367588120522
Processing video: 5103182645622502287
Processing video: 5172231547180314349
Processing video: 5146258161124252727
Processing video: 5218949624445806415
Processing video: 5173709444596630576
Processing video: 5391892065246550398
Processing video: 5366409594815891602
Processing video: 5525084584552992937
total  1173319 subs 9168
Trial 364/1000, Params: dpd_0.0_dpg_2.0_ws_30_mg_2.0_sim_2.0, F1@0.50: 51.01
Processing video: 5085344787448740525
Processing video: 5085357672350628540
Processing video: 5086465773912997411
Processing video: 5090916219025116054
Processing video: 5092765202446045704
Processing video: 5099449889545545450
Processing video: 5097975856769557081
Processing video: 5103182645622502287
Processing video: 5146258161124252727
Processing video: 5134749367588120522
Processing video: 5173709444596630576
Processing video: 5172231547180314349
Processing video: 5366409594815891602
Processing video: 5218949624445806415
Processing video: 5525084584552992937
Processing video: 5391892065246550398
total  1173319 subs 9168
Trial 365/1000, Params: dpd_1.0_dpg_0.1_ws_40_mg_10.0_sim_5.0, F1@0.50: 52.66
Processing video: 5085344787448740525
Processing video: 5085357672350628540
Processing video: 5086465773912997411
Processing video: 5090916219025116054
Processing video: 5092765202446045704
Processing video: 5097975856769557081
Processing video: 5099449889545545450
Processing video: 5134749367588120522
Processing video: 5103182645622502287
Processing video: 5172231547180314349
Processing video: 5146258161124252727
Processing video: 5173709444596630576
Processing video: 5218949624445806415
Processing video: 5366409594815891602
Processing video: 5391892065246550398
Processing video: 5525084584552992937
total  1173319 subs 9168
Trial 366/1000, Params: dpd_0.8_dpg_0.5_ws_30_mg_6.0_sim_20.0, F1@0.50: 54.91
Processing video: 5085344787448740525
Processing video: 5085357672350628540
Processing video: 5086465773912997411
Processing video: 5090916219025116054
Processing video: 5092765202446045704
Processing video: 5097975856769557081
Processing video: 5099449889545545450
Processing video: 5103182645622502287
Processing video: 5134749367588120522
Processing video: 5146258161124252727
Processing video: 5172231547180314349
Processing video: 5173709444596630576
Processing video: 5218949624445806415
Processing video: 5366409594815891602
Processing video: 5391892065246550398
Processing video: 5525084584552992937
total  1173319 subs 9168
Trial 367/1000, Params: dpd_100.0_dpg_100.0_ws_30_mg_6.0_sim_1.0, F1@0.50: 40.23
Processing video: 5086465773912997411
Processing video: 5085344787448740525
Processing video: 5090916219025116054
Processing video: 5085357672350628540
Processing video: 5097975856769557081
Processing video: 5099449889545545450
Processing video: 5092765202446045704
Processing video: 5103182645622502287
Processing video: 5134749367588120522
Processing video: 5146258161124252727
Processing video: 5173709444596630576
Processing video: 5172231547180314349
Processing video: 5218949624445806415
Processing video: 5391892065246550398
Processing video: 5525084584552992937
Processing video: 5366409594815891602
total  1173319 subs 9168
Trial 368/1000, Params: dpd_2.0_dpg_0.5_ws_40_mg_4.0_sim_30.0, F1@0.50: 56.0
Processing video: 5085344787448740525
Processing video: 5086465773912997411
Processing video: 5085357672350628540
Processing video: 5092765202446045704
Processing video: 5090916219025116054
Processing video: 5097975856769557081
Processing video: 5103182645622502287
Processing video: 5099449889545545450
Processing video: 5134749367588120522
Processing video: 5146258161124252727
Processing video: 5173709444596630576
Processing video: 5172231547180314349
Processing video: 5218949624445806415
Processing video: 5366409594815891602
Processing video: 5391892065246550398Processing video: 5525084584552992937

total  1173319 subs 9168
Trial 369/1000, Params: dpd_20.0_dpg_1.0_ws_40_mg_2.0_sim_100.0, F1@0.50: 55.02
Processing video: 5085357672350628540
Processing video: 5086465773912997411
Processing video: 5090916219025116054
Processing video: 5085344787448740525
Processing video: 5092765202446045704
Processing video: 5097975856769557081
Processing video: 5099449889545545450
Processing video: 5103182645622502287
Processing video: 5134749367588120522
Processing video: 5146258161124252727
Processing video: 5172231547180314349
Processing video: 5173709444596630576
Processing video: 5218949624445806415
Processing video: 5366409594815891602
Processing video: 5391892065246550398
Processing video: 5525084584552992937
total  1173319 subs 9168
Trial 370/1000, Params: dpd_1.0_dpg_0.0_ws_50_mg_4.0_sim_30.0, F1@0.50: 52.17
Processing video: 5085344787448740525
Processing video: 5085357672350628540
Processing video: 5086465773912997411
Processing video: 5090916219025116054
Processing video: 5092765202446045704
Processing video: 5097975856769557081
Processing video: 5099449889545545450
Processing video: 5103182645622502287
Processing video: 5172231547180314349
Processing video: 5218949624445806415
Processing video: 5146258161124252727Processing video: 5134749367588120522

Processing video: 5391892065246550398
Processing video: 5525084584552992937
Processing video: 5173709444596630576
Processing video: 5366409594815891602
total  1173319 subs 9168
Trial 371/1000, Params: dpd_1.0_dpg_0.8_ws_40_mg_2.0_sim_30.0, F1@0.50: 53.55
Processing video: 5085344787448740525
Processing video: 5086465773912997411Processing video: 5085357672350628540

Processing video: 5090916219025116054
Processing video: 5097975856769557081
Processing video: 5092765202446045704
Processing video: 5099449889545545450
Processing video: 5103182645622502287
Processing video: 5134749367588120522
Processing video: 5146258161124252727
Processing video: 5172231547180314349
Processing video: 5218949624445806415
Processing video: 5173709444596630576
Processing video: 5366409594815891602
Processing video: 5391892065246550398
Processing video: 5525084584552992937
total  1173319 subs 9168
Trial 372/1000, Params: dpd_5.0_dpg_0.8_ws_40_mg_4.0_sim_2.0, F1@0.50: 51.07
Processing video: 5085344787448740525
Processing video: 5085357672350628540
Processing video: 5086465773912997411
Processing video: 5090916219025116054
Processing video: 5092765202446045704
Processing video: 5097975856769557081
Processing video: 5099449889545545450
Processing video: 5103182645622502287
Processing video: 5146258161124252727
Processing video: 5172231547180314349
Processing video: 5218949624445806415
Processing video: 5366409594815891602
Processing video: 5525084584552992937
Processing video: 5134749367588120522
Processing video: 5173709444596630576
Processing video: 5391892065246550398
total  1173319 subs 9168
Trial 373/1000, Params: dpd_100.0_dpg_20.0_ws_50_mg_8.0_sim_0.5, F1@0.50: 32.34
Processing video: 5085344787448740525
Processing video: 5085357672350628540
Processing video: 5092765202446045704
Processing video: 5097975856769557081
Processing video: 5099449889545545450
Processing video: 5086465773912997411
Processing video: 5090916219025116054
Processing video: 5103182645622502287
Processing video: 5134749367588120522
Processing video: 5146258161124252727
Processing video: 5172231547180314349
Processing video: 5173709444596630576
Processing video: 5218949624445806415
Processing video: 5366409594815891602
Processing video: 5391892065246550398
Processing video: 5525084584552992937
total  1173319 subs 9168
Trial 374/1000, Params: dpd_0.0_dpg_0.5_ws_40_mg_2.0_sim_5.0, F1@0.50: 52.58
Processing video: 5085344787448740525
Processing video: 5090916219025116054
Processing video: 5085357672350628540Processing video: 5086465773912997411

Processing video: 5092765202446045704
Processing video: 5097975856769557081
Processing video: 5103182645622502287
Processing video: 5099449889545545450
Processing video: 5134749367588120522
Processing video: 5146258161124252727
Processing video: 5172231547180314349
Processing video: 5173709444596630576
Processing video: 5218949624445806415
Processing video: 5391892065246550398
Processing video: 5366409594815891602
Processing video: 5525084584552992937
total  1173319 subs 9168
Trial 375/1000, Params: dpd_10.0_dpg_0.1_ws_40_mg_2.0_sim_100.0, F1@0.50: 54.17
Processing video: 5085344787448740525
Processing video: 5085357672350628540
Processing video: 5086465773912997411
Processing video: 5090916219025116054
Processing video: 5092765202446045704
Processing video: 5097975856769557081
Processing video: 5099449889545545450
Processing video: 5103182645622502287
Processing video: 5134749367588120522
Processing video: 5146258161124252727
Processing video: 5173709444596630576
Processing video: 5218949624445806415
Processing video: 5172231547180314349
Processing video: 5366409594815891602
Processing video: 5391892065246550398
Processing video: 5525084584552992937
total  1173319 subs 9168
Trial 376/1000, Params: dpd_2.0_dpg_100.0_ws_50_mg_2.0_sim_50.0, F1@0.50: 47.29
Processing video: 5085344787448740525
Processing video: 5085357672350628540
Processing video: 5086465773912997411
Processing video: 5099449889545545450Processing video: 5092765202446045704Processing video: 5097975856769557081

Processing video: 5090916219025116054

Processing video: 5103182645622502287
Processing video: 5134749367588120522
Processing video: 5146258161124252727
Processing video: 5172231547180314349
Processing video: 5173709444596630576
Processing video: 5218949624445806415
Processing video: 5366409594815891602
Processing video: 5391892065246550398
Processing video: 5525084584552992937
total  1173319 subs 9168
Trial 377/1000, Params: dpd_0.5_dpg_0.0_ws_50_mg_8.0_sim_1.0, F1@0.50: 50.3
Processing video: 5085344787448740525
Processing video: 5086465773912997411
Processing video: 5085357672350628540
Processing video: 5090916219025116054
Processing video: 5097975856769557081
Processing video: 5092765202446045704
Processing video: 5103182645622502287
Processing video: 5099449889545545450
Processing video: 5134749367588120522
Processing video: 5146258161124252727
Processing video: 5172231547180314349
Processing video: 5173709444596630576
Processing video: 5218949624445806415
Processing video: 5391892065246550398
Processing video: 5366409594815891602
Processing video: 5525084584552992937
total  1173319 subs 9168
Trial 378/1000, Params: dpd_20.0_dpg_100.0_ws_50_mg_8.0_sim_20.0, F1@0.50: 50.63
Processing video: 5085344787448740525
Processing video: 5085357672350628540
Processing video: 5086465773912997411
Processing video: 5090916219025116054
Processing video: 5092765202446045704
Processing video: 5097975856769557081
Processing video: 5099449889545545450
Processing video: 5103182645622502287
Processing video: 5134749367588120522
Processing video: 5173709444596630576
Processing video: 5391892065246550398
Processing video: 5146258161124252727
Processing video: 5218949624445806415Processing video: 5366409594815891602

Processing video: 5172231547180314349
Processing video: 5525084584552992937
total  1173319 subs 9168
Trial 379/1000, Params: dpd_5.0_dpg_10.0_ws_20_mg_8.0_sim_2.0, F1@0.50: 50.78
Processing video: 5085344787448740525
Processing video: 5086465773912997411
Processing video: 5090916219025116054
Processing video: 5085357672350628540
Processing video: 5092765202446045704
Processing video: 5097975856769557081
Processing video: 5099449889545545450
Processing video: 5103182645622502287
Processing video: 5134749367588120522
Processing video: 5146258161124252727
Processing video: 5172231547180314349
Processing video: 5173709444596630576
Processing video: 5218949624445806415
Processing video: 5366409594815891602
Processing video: 5391892065246550398
Processing video: 5525084584552992937
total  1173319 subs 9168
Trial 380/1000, Params: dpd_0.1_dpg_0.1_ws_50_mg_6.0_sim_5.0, F1@0.50: 52.35
Processing video: 5085344787448740525
Processing video: 5085357672350628540
Processing video: 5086465773912997411
Processing video: 5090916219025116054
Processing video: 5092765202446045704
Processing video: 5097975856769557081
Processing video: 5099449889545545450
Processing video: 5103182645622502287
Processing video: 5134749367588120522
Processing video: 5172231547180314349
Processing video: 5366409594815891602
Processing video: 5391892065246550398
Processing video: 5218949624445806415
Processing video: 5173709444596630576Processing video: 5525084584552992937

Processing video: 5146258161124252727
total  1173319 subs 9168
Trial 381/1000, Params: dpd_0.1_dpg_0.5_ws_30_mg_8.0_sim_5.0, F1@0.50: 52.25
Processing video: 5085344787448740525
Processing video: 5086465773912997411
Processing video: 5090916219025116054
Processing video: 5092765202446045704
Processing video: 5097975856769557081
Processing video: 5099449889545545450
Processing video: 5085357672350628540
Processing video: 5103182645622502287
Processing video: 5134749367588120522
Processing video: 5146258161124252727
Processing video: 5172231547180314349
Processing video: 5173709444596630576
Processing video: 5218949624445806415
Processing video: 5525084584552992937
Processing video: 5391892065246550398Processing video: 5366409594815891602

total  1173319 subs 9168
Trial 382/1000, Params: dpd_100.0_dpg_20.0_ws_40_mg_2.0_sim_0.0, F1@0.50: 32.79
Processing video: 5085344787448740525
Processing video: 5085357672350628540
Processing video: 5086465773912997411
Processing video: 5090916219025116054
Processing video: 5092765202446045704
Processing video: 5097975856769557081
Processing video: 5099449889545545450
Processing video: 5103182645622502287
Processing video: 5134749367588120522
Processing video: 5146258161124252727
Processing video: 5172231547180314349
Processing video: 5173709444596630576
Processing video: 5218949624445806415
Processing video: 5366409594815891602
Processing video: 5391892065246550398
Processing video: 5525084584552992937
total  1173319 subs 9168
Trial 383/1000, Params: dpd_100.0_dpg_1.0_ws_50_mg_4.0_sim_10.0, F1@0.50: 33.97
Processing video: 5085344787448740525
Processing video: 5085357672350628540
Processing video: 5086465773912997411
Processing video: 5090916219025116054
Processing video: 5092765202446045704
Processing video: 5097975856769557081
Processing video: 5099449889545545450
Processing video: 5103182645622502287
Processing video: 5134749367588120522
Processing video: 5173709444596630576
Processing video: 5218949624445806415
Processing video: 5146258161124252727
Processing video: 5366409594815891602
Processing video: 5391892065246550398
Processing video: 5172231547180314349
Processing video: 5525084584552992937
total  1173319 subs 9168
Trial 384/1000, Params: dpd_0.5_dpg_0.1_ws_30_mg_8.0_sim_100.0, F1@0.50: 40.64
Processing video: 5085344787448740525
Processing video: 5085357672350628540
Processing video: 5086465773912997411
Processing video: 5090916219025116054
Processing video: 5092765202446045704
Processing video: 5097975856769557081
Processing video: 5099449889545545450
Processing video: 5103182645622502287
Processing video: 5134749367588120522
Processing video: 5146258161124252727
Processing video: 5172231547180314349
Processing video: 5173709444596630576
Processing video: 5218949624445806415
Processing video: 5366409594815891602
Processing video: 5391892065246550398
Processing video: 5525084584552992937
total  1173319 subs 9168
Trial 385/1000, Params: dpd_10.0_dpg_100.0_ws_20_mg_10.0_sim_50.0, F1@0.50: 53.08
Processing video: 5085344787448740525
Processing video: 5085357672350628540
Processing video: 5086465773912997411
Processing video: 5090916219025116054
Processing video: 5103182645622502287
Processing video: 5092765202446045704Processing video: 5099449889545545450
Processing video: 5097975856769557081

Processing video: 5134749367588120522
Processing video: 5146258161124252727
Processing video: 5172231547180314349
Processing video: 5173709444596630576
Processing video: 5218949624445806415
Processing video: 5366409594815891602
Processing video: 5391892065246550398
Processing video: 5525084584552992937
total  1173319 subs 9168
Trial 386/1000, Params: dpd_2.0_dpg_2.0_ws_20_mg_10.0_sim_20.0, F1@0.50: 56.0
Processing video: 5085344787448740525
Processing video: 5085357672350628540Processing video: 5090916219025116054

Processing video: 5086465773912997411
Processing video: 5092765202446045704
Processing video: 5097975856769557081
Processing video: 5099449889545545450
Processing video: 5103182645622502287
Processing video: 5134749367588120522
Processing video: 5146258161124252727
Processing video: 5172231547180314349
Processing video: 5173709444596630576
Processing video: 5218949624445806415
Processing video: 5366409594815891602
Processing video: 5391892065246550398
Processing video: 5525084584552992937
total  1173319 subs 9168
Trial 387/1000, Params: dpd_20.0_dpg_5.0_ws_40_mg_8.0_sim_0.5, F1@0.50: 44.62
Processing video: 5085344787448740525
Processing video: 5085357672350628540
Processing video: 5086465773912997411
Processing video: 5090916219025116054
Processing video: 5092765202446045704
Processing video: 5097975856769557081
Processing video: 5103182645622502287
Processing video: 5134749367588120522
Processing video: 5146258161124252727
Processing video: 5172231547180314349
Processing video: 5173709444596630576
Processing video: 5099449889545545450
Processing video: 5218949624445806415
Processing video: 5366409594815891602
Processing video: 5391892065246550398
Processing video: 5525084584552992937
total  1173319 subs 9168
Trial 388/1000, Params: dpd_2.0_dpg_10.0_ws_50_mg_8.0_sim_5.0, F1@0.50: 54.38
Processing video: 5085344787448740525
Processing video: 5085357672350628540
Processing video: 5090916219025116054
Processing video: 5086465773912997411
Processing video: 5092765202446045704
Processing video: 5097975856769557081
Processing video: 5099449889545545450
Processing video: 5103182645622502287
Processing video: 5134749367588120522
Processing video: 5146258161124252727
Processing video: 5172231547180314349
Processing video: 5218949624445806415
Processing video: 5173709444596630576
Processing video: 5525084584552992937
Processing video: 5391892065246550398
Processing video: 5366409594815891602
total  1173319 subs 9168
Trial 389/1000, Params: dpd_1.0_dpg_1.0_ws_40_mg_2.0_sim_30.0, F1@0.50: 53.66
Processing video: 5085344787448740525
Processing video: 5090916219025116054Processing video: 5086465773912997411

Processing video: 5092765202446045704
Processing video: 5097975856769557081
Processing video: 5099449889545545450
Processing video: 5103182645622502287
Processing video: 5146258161124252727
Processing video: 5134749367588120522
Processing video: 5085357672350628540
Processing video: 5172231547180314349
Processing video: 5218949624445806415
Processing video: 5173709444596630576
Processing video: 5366409594815891602
Processing video: 5525084584552992937
Processing video: 5391892065246550398
total  1173319 subs 9168
Trial 390/1000, Params: dpd_0.5_dpg_2.0_ws_50_mg_8.0_sim_5.0, F1@0.50: 53.35
Processing video: 5085344787448740525
Processing video: 5085357672350628540
Processing video: 5090916219025116054
Processing video: 5086465773912997411
Processing video: 5092765202446045704
Processing video: 5097975856769557081
Processing video: 5099449889545545450
Processing video: 5103182645622502287
Processing video: 5134749367588120522
Processing video: 5146258161124252727
Processing video: 5172231547180314349
Processing video: 5173709444596630576
Processing video: 5218949624445806415
Processing video: 5366409594815891602
Processing video: 5391892065246550398
Processing video: 5525084584552992937
total  1173319 subs 9168
Trial 391/1000, Params: dpd_100.0_dpg_0.5_ws_20_mg_8.0_sim_0.0, F1@0.50: 28.77
Processing video: 5085344787448740525
Processing video: 5085357672350628540
Processing video: 5086465773912997411
Processing video: 5090916219025116054
Processing video: 5092765202446045704
Processing video: 5097975856769557081
Processing video: 5099449889545545450
Processing video: 5103182645622502287
Processing video: 5134749367588120522
Processing video: 5146258161124252727
Processing video: 5172231547180314349
Processing video: 5173709444596630576
Processing video: 5218949624445806415
Processing video: 5525084584552992937
Processing video: 5391892065246550398
Processing video: 5366409594815891602
total  1173319 subs 9168
Trial 392/1000, Params: dpd_0.0_dpg_0.1_ws_20_mg_10.0_sim_20.0, F1@0.50: 50.05
Processing video: 5085344787448740525
Processing video: 5086465773912997411
Processing video: 5090916219025116054
Processing video: 5092765202446045704
Processing video: 5097975856769557081
Processing video: 5085357672350628540
Processing video: 5099449889545545450
Processing video: 5103182645622502287
Processing video: 5134749367588120522
Processing video: 5146258161124252727
Processing video: 5172231547180314349
Processing video: 5173709444596630576
Processing video: 5218949624445806415
Processing video: 5366409594815891602
Processing video: 5391892065246550398
Processing video: 5525084584552992937
total  1173319 subs 9168
Trial 393/1000, Params: dpd_0.8_dpg_2.0_ws_20_mg_6.0_sim_10.0, F1@0.50: 53.13
Processing video: 5085344787448740525
Processing video: 5085357672350628540
Processing video: 5086465773912997411
Processing video: 5090916219025116054
Processing video: 5092765202446045704
Processing video: 5097975856769557081
Processing video: 5099449889545545450
Processing video: 5103182645622502287
Processing video: 5172231547180314349
Processing video: 5134749367588120522
Processing video: 5146258161124252727
Processing video: 5173709444596630576
Processing video: 5218949624445806415
Processing video: 5366409594815891602
Processing video: 5391892065246550398
Processing video: 5525084584552992937
total  1173319 subs 9168
Trial 394/1000, Params: dpd_0.8_dpg_0.0_ws_30_mg_2.0_sim_100.0, F1@0.50: 42.8
Processing video: 5085344787448740525
Processing video: 5085357672350628540
Processing video: 5090916219025116054
Processing video: 5086465773912997411
Processing video: 5092765202446045704
Processing video: 5097975856769557081
Processing video: 5099449889545545450
Processing video: 5103182645622502287
Processing video: 5134749367588120522
Processing video: 5146258161124252727
Processing video: 5172231547180314349
Processing video: 5173709444596630576
Processing video: 5218949624445806415
Processing video: 5366409594815891602
Processing video: 5391892065246550398
Processing video: 5525084584552992937
total  1173319 subs 9168
Trial 395/1000, Params: dpd_2.0_dpg_0.8_ws_20_mg_2.0_sim_30.0, F1@0.50: 55.88
Processing video: 5085344787448740525
Processing video: 5085357672350628540
Processing video: 5086465773912997411
Processing video: 5090916219025116054
Processing video: 5092765202446045704
Processing video: 5097975856769557081
Processing video: 5099449889545545450
Processing video: 5134749367588120522
Processing video: 5146258161124252727
Processing video: 5172231547180314349
Processing video: 5103182645622502287
Processing video: 5173709444596630576
Processing video: 5218949624445806415
Processing video: 5366409594815891602
Processing video: 5391892065246550398
Processing video: 5525084584552992937
total  1173319 subs 9168
Trial 396/1000, Params: dpd_1.0_dpg_0.8_ws_40_mg_2.0_sim_10.0, F1@0.50: 55.53
Processing video: 5085344787448740525
Processing video: 5085357672350628540
Processing video: 5090916219025116054
Processing video: 5086465773912997411
Processing video: 5092765202446045704
Processing video: 5097975856769557081
Processing video: 5099449889545545450
Processing video: 5103182645622502287
Processing video: 5146258161124252727
Processing video: 5172231547180314349
Processing video: 5134749367588120522
Processing video: 5218949624445806415Processing video: 5391892065246550398

Processing video: 5173709444596630576
Processing video: 5366409594815891602
Processing video: 5525084584552992937
total  1173319 subs 9168
Trial 397/1000, Params: dpd_20.0_dpg_5.0_ws_40_mg_10.0_sim_0.0, F1@0.50: 44.55
Processing video: 5085344787448740525
Processing video: 5085357672350628540
Processing video: 5086465773912997411
Processing video: 5090916219025116054
Processing video: 5092765202446045704
Processing video: 5097975856769557081
Processing video: 5099449889545545450
Processing video: 5103182645622502287
Processing video: 5146258161124252727
Processing video: 5134749367588120522
Processing video: 5172231547180314349
Processing video: 5173709444596630576
Processing video: 5218949624445806415
Processing video: 5366409594815891602
Processing video: 5391892065246550398
Processing video: 5525084584552992937
total  1173319 subs 9168
Trial 398/1000, Params: dpd_5.0_dpg_0.5_ws_30_mg_10.0_sim_0.0, F1@0.50: 48.99
Processing video: 5085344787448740525
Processing video: 5085357672350628540
Processing video: 5090916219025116054
Processing video: 5086465773912997411
Processing video: 5092765202446045704
Processing video: 5097975856769557081
Processing video: 5099449889545545450
Processing video: 5103182645622502287
Processing video: 5134749367588120522
Processing video: 5146258161124252727
Processing video: 5172231547180314349
Processing video: 5173709444596630576
Processing video: 5218949624445806415
Processing video: 5366409594815891602
Processing video: 5525084584552992937Processing video: 5391892065246550398

total  1173319 subs 9168
Trial 399/1000, Params: dpd_0.5_dpg_0.0_ws_50_mg_4.0_sim_10.0, F1@0.50: 54.32
Processing video: 5086465773912997411
Processing video: 5085344787448740525
Processing video: 5092765202446045704Processing video: 5085357672350628540

Processing video: 5097975856769557081
Processing video: 5099449889545545450
Processing video: 5090916219025116054
Processing video: 5103182645622502287
Processing video: 5134749367588120522
Processing video: 5146258161124252727
Processing video: 5172231547180314349
Processing video: 5173709444596630576
Processing video: 5218949624445806415
Processing video: 5391892065246550398Processing video: 5525084584552992937Processing video: 5366409594815891602


total  1173319 subs 9168
Trial 400/1000, Params: dpd_0.5_dpg_20.0_ws_50_mg_10.0_sim_1.0, F1@0.50: 48.18
Processing video: 5085344787448740525
Processing video: 5090916219025116054
Processing video: 5085357672350628540
Processing video: 5092765202446045704
Processing video: 5086465773912997411
Processing video: 5097975856769557081
Processing video: 5099449889545545450
Processing video: 5103182645622502287
Processing video: 5134749367588120522
Processing video: 5146258161124252727
Processing video: 5172231547180314349
Processing video: 5173709444596630576
Processing video: 5218949624445806415
Processing video: 5366409594815891602
Processing video: 5391892065246550398
Processing video: 5525084584552992937
total  1173319 subs 9168
Trial 401/1000, Params: dpd_1.0_dpg_20.0_ws_50_mg_6.0_sim_100.0, F1@0.50: 43.92
Processing video: 5085344787448740525
Processing video: 5086465773912997411
Processing video: 5085357672350628540
Processing video: 5090916219025116054
Processing video: 5092765202446045704
Processing video: 5099449889545545450
Processing video: 5097975856769557081
Processing video: 5103182645622502287
Processing video: 5134749367588120522
Processing video: 5146258161124252727
Processing video: 5172231547180314349
Processing video: 5173709444596630576
Processing video: 5218949624445806415
Processing video: 5366409594815891602
Processing video: 5525084584552992937Processing video: 5391892065246550398

total  1173319 subs 9168
Trial 402/1000, Params: dpd_20.0_dpg_0.8_ws_20_mg_8.0_sim_20.0, F1@0.50: 48.96
Processing video: 5085357672350628540
Processing video: 5085344787448740525
Processing video: 5086465773912997411
Processing video: 5090916219025116054
Processing video: 5092765202446045704
Processing video: 5097975856769557081
Processing video: 5103182645622502287
Processing video: 5099449889545545450
Processing video: 5134749367588120522
Processing video: 5146258161124252727
Processing video: 5172231547180314349
Processing video: 5173709444596630576
Processing video: 5218949624445806415
Processing video: 5366409594815891602
Processing video: 5391892065246550398
Processing video: 5525084584552992937
total  1173319 subs 9168
Trial 403/1000, Params: dpd_0.5_dpg_2.0_ws_50_mg_8.0_sim_1.0, F1@0.50: 50.96
Processing video: 5085344787448740525
Processing video: 5085357672350628540
Processing video: 5086465773912997411
Processing video: 5090916219025116054
Processing video: 5092765202446045704
Processing video: 5099449889545545450
Processing video: 5097975856769557081
Processing video: 5134749367588120522
Processing video: 5103182645622502287
Processing video: 5172231547180314349
Processing video: 5146258161124252727
Processing video: 5173709444596630576
Processing video: 5218949624445806415
Processing video: 5391892065246550398
Processing video: 5366409594815891602
Processing video: 5525084584552992937
total  1173319 subs 9168
Trial 404/1000, Params: dpd_0.0_dpg_0.8_ws_40_mg_4.0_sim_50.0, F1@0.50: 42.86
Processing video: 5085344787448740525
Processing video: 5085357672350628540
Processing video: 5086465773912997411
Processing video: 5090916219025116054
Processing video: 5092765202446045704
Processing video: 5097975856769557081
Processing video: 5103182645622502287
Processing video: 5099449889545545450
Processing video: 5134749367588120522
Processing video: 5146258161124252727
Processing video: 5172231547180314349
Processing video: 5218949624445806415
Processing video: 5173709444596630576
Processing video: 5366409594815891602
Processing video: 5525084584552992937
Processing video: 5391892065246550398
total  1173319 subs 9168
Trial 405/1000, Params: dpd_1.0_dpg_1.0_ws_50_mg_8.0_sim_5.0, F1@0.50: 53.31
Processing video: 5085344787448740525
Processing video: 5086465773912997411
Processing video: 5085357672350628540
Processing video: 5090916219025116054
Processing video: 5092765202446045704
Processing video: 5099449889545545450
Processing video: 5097975856769557081
Processing video: 5134749367588120522
Processing video: 5103182645622502287
Processing video: 5173709444596630576
Processing video: 5172231547180314349
Processing video: 5146258161124252727
Processing video: 5218949624445806415Processing video: 5366409594815891602

Processing video: 5391892065246550398
Processing video: 5525084584552992937
total  1173319 subs 9168
Trial 406/1000, Params: dpd_0.1_dpg_0.5_ws_20_mg_4.0_sim_5.0, F1@0.50: 51.11
Processing video: 5085344787448740525
Processing video: 5085357672350628540
Processing video: 5090916219025116054
Processing video: 5092765202446045704
Processing video: 5086465773912997411
Processing video: 5097975856769557081
Processing video: 5099449889545545450
Processing video: 5134749367588120522
Processing video: 5103182645622502287
Processing video: 5172231547180314349
Processing video: 5146258161124252727
Processing video: 5173709444596630576
Processing video: 5366409594815891602
Processing video: 5391892065246550398
Processing video: 5525084584552992937
Processing video: 5218949624445806415
total  1173319 subs 9168
Trial 407/1000, Params: dpd_5.0_dpg_0.1_ws_20_mg_6.0_sim_0.0, F1@0.50: 46.74
Processing video: 5085344787448740525
Processing video: 5092765202446045704Processing video: 5090916219025116054Processing video: 5085357672350628540


Processing video: 5086465773912997411
Processing video: 5097975856769557081
Processing video: 5099449889545545450
Processing video: 5134749367588120522
Processing video: 5103182645622502287
Processing video: 5146258161124252727
Processing video: 5173709444596630576
Processing video: 5172231547180314349
Processing video: 5218949624445806415
Processing video: 5366409594815891602
Processing video: 5525084584552992937
Processing video: 5391892065246550398
total  1173319 subs 9168
Trial 408/1000, Params: dpd_1.0_dpg_2.0_ws_40_mg_4.0_sim_1.0, F1@0.50: 51.71
Processing video: 5085344787448740525
Processing video: 5085357672350628540
Processing video: 5090916219025116054
Processing video: 5086465773912997411
Processing video: 5092765202446045704
Processing video: 5099449889545545450
Processing video: 5097975856769557081
Processing video: 5103182645622502287
Processing video: 5134749367588120522
Processing video: 5146258161124252727
Processing video: 5172231547180314349
Processing video: 5173709444596630576
Processing video: 5218949624445806415
Processing video: 5391892065246550398
Processing video: 5525084584552992937
Processing video: 5366409594815891602
total  1173319 subs 9168
Trial 409/1000, Params: dpd_0.1_dpg_5.0_ws_30_mg_8.0_sim_20.0, F1@0.50: 52.99
Processing video: 5085357672350628540Processing video: 5085344787448740525

Processing video: 5086465773912997411
Processing video: 5090916219025116054
Processing video: 5092765202446045704
Processing video: 5099449889545545450
Processing video: 5103182645622502287
Processing video: 5134749367588120522
Processing video: 5146258161124252727
Processing video: 5097975856769557081
Processing video: 5172231547180314349
Processing video: 5173709444596630576
Processing video: 5218949624445806415
Processing video: 5391892065246550398
Processing video: 5366409594815891602
Processing video: 5525084584552992937
total  1173319 subs 9168
Trial 410/1000, Params: dpd_20.0_dpg_5.0_ws_30_mg_2.0_sim_1.0, F1@0.50: 44.33
Processing video: 5085344787448740525
Processing video: 5090916219025116054Processing video: 5086465773912997411Processing video: 5085357672350628540


Processing video: 5092765202446045704
Processing video: 5097975856769557081
Processing video: 5099449889545545450
Processing video: 5103182645622502287
Processing video: 5134749367588120522
Processing video: 5146258161124252727
Processing video: 5172231547180314349
Processing video: 5173709444596630576
Processing video: 5218949624445806415
Processing video: 5366409594815891602
Processing video: 5391892065246550398
Processing video: 5525084584552992937
total  1173319 subs 9168
Trial 411/1000, Params: dpd_5.0_dpg_0.1_ws_30_mg_10.0_sim_50.0, F1@0.50: 55.46
Processing video: 5085344787448740525
Processing video: 5086465773912997411
Processing video: 5085357672350628540
Processing video: 5090916219025116054
Processing video: 5092765202446045704Processing video: 5097975856769557081

Processing video: 5099449889545545450
Processing video: 5103182645622502287
Processing video: 5146258161124252727
Processing video: 5134749367588120522
Processing video: 5172231547180314349
Processing video: 5173709444596630576
Processing video: 5366409594815891602
Processing video: 5218949624445806415
Processing video: 5525084584552992937
Processing video: 5391892065246550398
total  1173319 subs 9168
Trial 412/1000, Params: dpd_20.0_dpg_0.5_ws_50_mg_2.0_sim_100.0, F1@0.50: 54.37
Processing video: 5085357672350628540
Processing video: 5085344787448740525
Processing video: 5086465773912997411
Processing video: 5090916219025116054
Processing video: 5092765202446045704
Processing video: 5097975856769557081
Processing video: 5103182645622502287
Processing video: 5099449889545545450
Processing video: 5134749367588120522
Processing video: 5173709444596630576
Processing video: 5218949624445806415
Processing video: 5366409594815891602
Processing video: 5391892065246550398
Processing video: 5525084584552992937
Processing video: 5172231547180314349Processing video: 5146258161124252727

total  1173319 subs 9168
Trial 413/1000, Params: dpd_10.0_dpg_0.8_ws_40_mg_6.0_sim_50.0, F1@0.50: 56.21
Processing video: 5085344787448740525
Processing video: 5086465773912997411
Processing video: 5090916219025116054
Processing video: 5085357672350628540
Processing video: 5092765202446045704
Processing video: 5099449889545545450
Processing video: 5097975856769557081
Processing video: 5103182645622502287
Processing video: 5134749367588120522
Processing video: 5172231547180314349
Processing video: 5173709444596630576
Processing video: 5146258161124252727
Processing video: 5218949624445806415
Processing video: 5366409594815891602
Processing video: 5525084584552992937
Processing video: 5391892065246550398
total  1173319 subs 9168
Trial 414/1000, Params: dpd_0.5_dpg_1.0_ws_30_mg_10.0_sim_0.0, F1@0.50: 49.95
Processing video: 5085344787448740525
Processing video: 5085357672350628540
Processing video: 5086465773912997411
Processing video: 5090916219025116054
Processing video: 5092765202446045704
Processing video: 5097975856769557081
Processing video: 5103182645622502287
Processing video: 5099449889545545450
Processing video: 5134749367588120522
Processing video: 5146258161124252727Processing video: 5173709444596630576

Processing video: 5172231547180314349
Processing video: 5366409594815891602
Processing video: 5218949624445806415
Processing video: 5525084584552992937
Processing video: 5391892065246550398
total  1173319 subs 9168
Trial 415/1000, Params: dpd_2.0_dpg_100.0_ws_30_mg_4.0_sim_1.0, F1@0.50: 38.71
Processing video: 5085344787448740525
Processing video: 5085357672350628540
Processing video: 5086465773912997411
Processing video: 5090916219025116054
Processing video: 5092765202446045704
Processing video: 5097975856769557081
Processing video: 5099449889545545450
Processing video: 5103182645622502287
Processing video: 5134749367588120522
Processing video: 5146258161124252727
Processing video: 5173709444596630576
Processing video: 5172231547180314349
Processing video: 5391892065246550398
Processing video: 5218949624445806415
Processing video: 5366409594815891602
Processing video: 5525084584552992937
total  1173319 subs 9168
Trial 416/1000, Params: dpd_0.0_dpg_0.1_ws_40_mg_6.0_sim_100.0, F1@0.50: 36.97
Processing video: 5085344787448740525
Processing video: 5085357672350628540
Processing video: 5086465773912997411
Processing video: 5090916219025116054
Processing video: 5092765202446045704
Processing video: 5099449889545545450
Processing video: 5097975856769557081
Processing video: 5103182645622502287
Processing video: 5172231547180314349Processing video: 5134749367588120522

Processing video: 5146258161124252727
Processing video: 5173709444596630576
Processing video: 5391892065246550398
Processing video: 5218949624445806415
Processing video: 5366409594815891602
Processing video: 5525084584552992937
total  1173319 subs 9168
Trial 417/1000, Params: dpd_100.0_dpg_5.0_ws_30_mg_6.0_sim_2.0, F1@0.50: 33.01
Processing video: 5085344787448740525
Processing video: 5085357672350628540
Processing video: 5086465773912997411
Processing video: 5090916219025116054
Processing video: 5092765202446045704
Processing video: 5097975856769557081
Processing video: 5103182645622502287
Processing video: 5099449889545545450
Processing video: 5134749367588120522
Processing video: 5172231547180314349
Processing video: 5146258161124252727
Processing video: 5173709444596630576
Processing video: 5218949624445806415
Processing video: 5366409594815891602
Processing video: 5391892065246550398
Processing video: 5525084584552992937
total  1173319 subs 9168
Trial 418/1000, Params: dpd_10.0_dpg_0.8_ws_50_mg_6.0_sim_1.0, F1@0.50: 48.17
Processing video: 5085344787448740525
Processing video: 5085357672350628540
Processing video: 5090916219025116054
Processing video: 5092765202446045704
Processing video: 5097975856769557081
Processing video: 5103182645622502287
Processing video: 5086465773912997411
Processing video: 5099449889545545450
Processing video: 5134749367588120522
Processing video: 5172231547180314349
Processing video: 5146258161124252727
Processing video: 5173709444596630576
Processing video: 5218949624445806415
Processing video: 5366409594815891602
Processing video: 5525084584552992937
Processing video: 5391892065246550398
total  1173319 subs 9168
Trial 419/1000, Params: dpd_2.0_dpg_5.0_ws_50_mg_2.0_sim_50.0, F1@0.50: 52.46
Processing video: 5085344787448740525
Processing video: 5086465773912997411Processing video: 5085357672350628540

Processing video: 5090916219025116054
Processing video: 5092765202446045704
Processing video: 5097975856769557081
Processing video: 5099449889545545450
Processing video: 5103182645622502287
Processing video: 5146258161124252727
Processing video: 5134749367588120522
Processing video: 5172231547180314349
Processing video: 5173709444596630576
Processing video: 5218949624445806415
Processing video: 5366409594815891602
Processing video: 5391892065246550398
Processing video: 5525084584552992937
total  1173319 subs 9168
Trial 420/1000, Params: dpd_1.0_dpg_20.0_ws_20_mg_4.0_sim_20.0, F1@0.50: 53.79
Processing video: 5085344787448740525
Processing video: 5085357672350628540
Processing video: 5086465773912997411
Processing video: 5090916219025116054
Processing video: 5092765202446045704
Processing video: 5099449889545545450
Processing video: 5097975856769557081
Processing video: 5103182645622502287
Processing video: 5134749367588120522
Processing video: 5172231547180314349
Processing video: 5146258161124252727
Processing video: 5173709444596630576
Processing video: 5366409594815891602
Processing video: 5218949624445806415
Processing video: 5525084584552992937
Processing video: 5391892065246550398
total  1173319 subs 9168
Trial 421/1000, Params: dpd_2.0_dpg_1.0_ws_50_mg_8.0_sim_30.0, F1@0.50: 55.65
Processing video: 5086465773912997411
Processing video: 5085357672350628540Processing video: 5085344787448740525

Processing video: 5090916219025116054
Processing video: 5092765202446045704
Processing video: 5097975856769557081
Processing video: 5099449889545545450
Processing video: 5103182645622502287
Processing video: 5134749367588120522
Processing video: 5146258161124252727
Processing video: 5173709444596630576
Processing video: 5172231547180314349
Processing video: 5218949624445806415
Processing video: 5391892065246550398
Processing video: 5366409594815891602
Processing video: 5525084584552992937
total  1173319 subs 9168
Trial 422/1000, Params: dpd_1.0_dpg_5.0_ws_50_mg_6.0_sim_1.0, F1@0.50: 51.46
Processing video: 5085344787448740525
Processing video: 5085357672350628540
Processing video: 5086465773912997411
Processing video: 5090916219025116054
Processing video: 5092765202446045704
Processing video: 5099449889545545450
Processing video: 5097975856769557081
Processing video: 5103182645622502287
Processing video: 5146258161124252727
Processing video: 5134749367588120522
Processing video: 5172231547180314349
Processing video: 5173709444596630576
Processing video: 5218949624445806415
Processing video: 5366409594815891602
Processing video: 5391892065246550398
Processing video: 5525084584552992937
total  1173319 subs 9168
Trial 423/1000, Params: dpd_0.1_dpg_20.0_ws_50_mg_8.0_sim_0.0, F1@0.50: 45.1
Processing video: 5085344787448740525
Processing video: 5085357672350628540
Processing video: 5086465773912997411
Processing video: 5090916219025116054
Processing video: 5092765202446045704
Processing video: 5097975856769557081
Processing video: 5099449889545545450
Processing video: 5134749367588120522
Processing video: 5103182645622502287
Processing video: 5146258161124252727
Processing video: 5172231547180314349
Processing video: 5173709444596630576
Processing video: 5218949624445806415
Processing video: 5366409594815891602
Processing video: 5391892065246550398
Processing video: 5525084584552992937
total  1173319 subs 9168
Trial 424/1000, Params: dpd_10.0_dpg_2.0_ws_50_mg_4.0_sim_50.0, F1@0.50: 56.59
Processing video: 5085344787448740525
Processing video: 5085357672350628540
Processing video: 5086465773912997411
Processing video: 5090916219025116054
Processing video: 5092765202446045704
Processing video: 5099449889545545450
Processing video: 5097975856769557081
Processing video: 5103182645622502287
Processing video: 5146258161124252727
Processing video: 5134749367588120522
Processing video: 5172231547180314349
Processing video: 5218949624445806415
Processing video: 5173709444596630576
Processing video: 5391892065246550398
Processing video: 5366409594815891602
Processing video: 5525084584552992937
total  1173319 subs 9168
Trial 425/1000, Params: dpd_0.1_dpg_0.8_ws_20_mg_10.0_sim_0.0, F1@0.50: 48.33
Processing video: 5085344787448740525
Processing video: 5085357672350628540
Processing video: 5086465773912997411
Processing video: 5090916219025116054
Processing video: 5092765202446045704
Processing video: 5097975856769557081
Processing video: 5103182645622502287
Processing video: 5099449889545545450Processing video: 5146258161124252727

Processing video: 5134749367588120522
Processing video: 5173709444596630576
Processing video: 5172231547180314349
Processing video: 5366409594815891602
Processing video: 5218949624445806415
Processing video: 5391892065246550398
Processing video: 5525084584552992937
total  1173319 subs 9168
Trial 426/1000, Params: dpd_10.0_dpg_2.0_ws_40_mg_2.0_sim_5.0, F1@0.50: 50.64
Processing video: 5085344787448740525
Processing video: 5085357672350628540
Processing video: 5086465773912997411
Processing video: 5092765202446045704
Processing video: 5090916219025116054
Processing video: 5097975856769557081
Processing video: 5099449889545545450
Processing video: 5103182645622502287
Processing video: 5134749367588120522
Processing video: 5146258161124252727
Processing video: 5172231547180314349
Processing video: 5173709444596630576
Processing video: 5218949624445806415
Processing video: 5366409594815891602
Processing video: 5391892065246550398
Processing video: 5525084584552992937
total  1173319 subs 9168
Trial 427/1000, Params: dpd_0.1_dpg_10.0_ws_40_mg_10.0_sim_100.0, F1@0.50: 41.34
Processing video: 5085344787448740525
Processing video: 5085357672350628540
Processing video: 5086465773912997411
Processing video: 5090916219025116054
Processing video: 5092765202446045704
Processing video: 5097975856769557081
Processing video: 5103182645622502287
Processing video: 5099449889545545450
Processing video: 5134749367588120522
Processing video: 5146258161124252727
Processing video: 5218949624445806415
Processing video: 5172231547180314349
Processing video: 5173709444596630576
Processing video: 5366409594815891602Processing video: 5525084584552992937

Processing video: 5391892065246550398
total  1173319 subs 9168
Trial 428/1000, Params: dpd_5.0_dpg_2.0_ws_40_mg_8.0_sim_5.0, F1@0.50: 53.28
Processing video: 5085344787448740525
Processing video: 5085357672350628540
Processing video: 5086465773912997411
Processing video: 5090916219025116054
Processing video: 5092765202446045704
Processing video: 5099449889545545450
Processing video: 5097975856769557081
Processing video: 5103182645622502287
Processing video: 5134749367588120522
Processing video: 5146258161124252727
Processing video: 5172231547180314349
Processing video: 5173709444596630576
Processing video: 5218949624445806415
Processing video: 5366409594815891602
Processing video: 5391892065246550398
Processing video: 5525084584552992937
total  1173319 subs 9168
Trial 429/1000, Params: dpd_0.8_dpg_0.0_ws_20_mg_2.0_sim_100.0, F1@0.50: 46.1
Processing video: 5085344787448740525
Processing video: 5085357672350628540
Processing video: 5086465773912997411
Processing video: 5090916219025116054
Processing video: 5092765202446045704
Processing video: 5097975856769557081
Processing video: 5103182645622502287
Processing video: 5099449889545545450
Processing video: 5134749367588120522
Processing video: 5172231547180314349
Processing video: 5146258161124252727
Processing video: 5173709444596630576
Processing video: 5218949624445806415
Processing video: 5366409594815891602
Processing video: 5391892065246550398
Processing video: 5525084584552992937
total  1173319 subs 9168
Trial 430/1000, Params: dpd_1.0_dpg_1.0_ws_40_mg_2.0_sim_30.0, F1@0.50: 53.66
Processing video: 5085344787448740525
Processing video: 5090916219025116054
Processing video: 5085357672350628540
Processing video: 5086465773912997411
Processing video: 5092765202446045704
Processing video: 5097975856769557081
Processing video: 5103182645622502287
Processing video: 5099449889545545450
Processing video: 5134749367588120522
Processing video: 5172231547180314349
Processing video: 5146258161124252727
Processing video: 5173709444596630576
Processing video: 5218949624445806415
Processing video: 5366409594815891602
Processing video: 5391892065246550398
Processing video: 5525084584552992937
total  1173319 subs 9168
Trial 431/1000, Params: dpd_2.0_dpg_0.1_ws_40_mg_4.0_sim_2.0, F1@0.50: 51.71
Processing video: 5085344787448740525
Processing video: 5085357672350628540
Processing video: 5086465773912997411
Processing video: 5090916219025116054
Processing video: 5092765202446045704
Processing video: 5097975856769557081
Processing video: 5099449889545545450Processing video: 5103182645622502287

Processing video: 5146258161124252727
Processing video: 5134749367588120522
Processing video: 5172231547180314349
Processing video: 5173709444596630576
Processing video: 5218949624445806415
Processing video: 5366409594815891602
Processing video: 5391892065246550398
Processing video: 5525084584552992937
total  1173319 subs 9168
Trial 432/1000, Params: dpd_10.0_dpg_100.0_ws_20_mg_2.0_sim_30.0, F1@0.50: 51.85
Processing video: 5085344787448740525
Processing video: 5085357672350628540
Processing video: 5086465773912997411
Processing video: 5090916219025116054
Processing video: 5092765202446045704
Processing video: 5097975856769557081
Processing video: 5099449889545545450
Processing video: 5103182645622502287
Processing video: 5146258161124252727
Processing video: 5134749367588120522
Processing video: 5172231547180314349Processing video: 5173709444596630576

Processing video: 5218949624445806415
Processing video: 5366409594815891602
Processing video: 5391892065246550398
Processing video: 5525084584552992937
total  1173319 subs 9168
Trial 433/1000, Params: dpd_0.0_dpg_5.0_ws_50_mg_4.0_sim_20.0, F1@0.50: 51.91
Processing video: 5085344787448740525
Processing video: 5085357672350628540
Processing video: 5086465773912997411
Processing video: 5090916219025116054
Processing video: 5092765202446045704
Processing video: 5097975856769557081
Processing video: 5103182645622502287
Processing video: 5099449889545545450
Processing video: 5146258161124252727
Processing video: 5134749367588120522
Processing video: 5172231547180314349
Processing video: 5173709444596630576
Processing video: 5366409594815891602
Processing video: 5218949624445806415
Processing video: 5391892065246550398
Processing video: 5525084584552992937
total  1173319 subs 9168
Trial 434/1000, Params: dpd_10.0_dpg_100.0_ws_40_mg_2.0_sim_50.0, F1@0.50: 53.85
Processing video: 5085344787448740525
Processing video: 5085357672350628540
Processing video: 5086465773912997411
Processing video: 5090916219025116054
Processing video: 5092765202446045704
Processing video: 5097975856769557081
Processing video: 5099449889545545450
Processing video: 5103182645622502287
Processing video: 5134749367588120522
Processing video: 5146258161124252727
Processing video: 5173709444596630576
Processing video: 5172231547180314349
Processing video: 5218949624445806415
Processing video: 5366409594815891602Processing video: 5391892065246550398

Processing video: 5525084584552992937
total  1173319 subs 9168
Trial 435/1000, Params: dpd_100.0_dpg_20.0_ws_30_mg_4.0_sim_0.0, F1@0.50: 32.43
Processing video: 5085357672350628540
Processing video: 5085344787448740525Processing video: 5086465773912997411

Processing video: 5090916219025116054
Processing video: 5092765202446045704
Processing video: 5097975856769557081
Processing video: 5099449889545545450
Processing video: 5134749367588120522Processing video: 5103182645622502287

Processing video: 5146258161124252727
Processing video: 5172231547180314349
Processing video: 5366409594815891602
Processing video: 5173709444596630576Processing video: 5218949624445806415

Processing video: 5391892065246550398
Processing video: 5525084584552992937
total  1173319 subs 9168
Trial 436/1000, Params: dpd_0.8_dpg_5.0_ws_30_mg_2.0_sim_2.0, F1@0.50: 51.47
Processing video: 5085344787448740525
Processing video: 5085357672350628540
Processing video: 5086465773912997411
Processing video: 5090916219025116054
Processing video: 5092765202446045704
Processing video: 5097975856769557081
Processing video: 5099449889545545450
Processing video: 5103182645622502287
Processing video: 5134749367588120522
Processing video: 5146258161124252727
Processing video: 5172231547180314349
Processing video: 5173709444596630576
Processing video: 5218949624445806415
Processing video: 5366409594815891602
Processing video: 5525084584552992937
Processing video: 5391892065246550398
total  1173319 subs 9168
Trial 437/1000, Params: dpd_2.0_dpg_0.5_ws_50_mg_8.0_sim_0.0, F1@0.50: 50.52
Processing video: 5085357672350628540
Processing video: 5085344787448740525
Processing video: 5086465773912997411
Processing video: 5090916219025116054
Processing video: 5092765202446045704
Processing video: 5097975856769557081
Processing video: 5099449889545545450
Processing video: 5103182645622502287
Processing video: 5146258161124252727
Processing video: 5134749367588120522
Processing video: 5172231547180314349
Processing video: 5218949624445806415
Processing video: 5173709444596630576
Processing video: 5391892065246550398
Processing video: 5525084584552992937
Processing video: 5366409594815891602
total  1173319 subs 9168
Trial 438/1000, Params: dpd_1.0_dpg_5.0_ws_30_mg_6.0_sim_1.0, F1@0.50: 51.09
Processing video: 5085344787448740525
Processing video: 5086465773912997411
Processing video: 5085357672350628540
Processing video: 5090916219025116054
Processing video: 5092765202446045704
Processing video: 5097975856769557081
Processing video: 5103182645622502287
Processing video: 5099449889545545450
Processing video: 5134749367588120522
Processing video: 5172231547180314349
Processing video: 5146258161124252727
Processing video: 5173709444596630576
Processing video: 5218949624445806415
Processing video: 5366409594815891602
Processing video: 5525084584552992937
Processing video: 5391892065246550398
total  1173319 subs 9168
Trial 439/1000, Params: dpd_0.5_dpg_0.5_ws_50_mg_10.0_sim_50.0, F1@0.50: 44.37
Processing video: 5085344787448740525
Processing video: 5085357672350628540
Processing video: 5086465773912997411
Processing video: 5090916219025116054
Processing video: 5092765202446045704
Processing video: 5097975856769557081
Processing video: 5099449889545545450
Processing video: 5134749367588120522
Processing video: 5103182645622502287
Processing video: 5146258161124252727
Processing video: 5173709444596630576
Processing video: 5172231547180314349
Processing video: 5218949624445806415
Processing video: 5366409594815891602
Processing video: 5391892065246550398
Processing video: 5525084584552992937
total  1173319 subs 9168
Trial 440/1000, Params: dpd_5.0_dpg_100.0_ws_50_mg_6.0_sim_1.0, F1@0.50: 42.53
Processing video: 5085344787448740525Processing video: 5085357672350628540

Processing video: 5086465773912997411
Processing video: 5090916219025116054
Processing video: 5092765202446045704
Processing video: 5099449889545545450
Processing video: 5097975856769557081
Processing video: 5103182645622502287
Processing video: 5146258161124252727
Processing video: 5134749367588120522
Processing video: 5172231547180314349
Processing video: 5218949624445806415
Processing video: 5173709444596630576
Processing video: 5366409594815891602
Processing video: 5391892065246550398
Processing video: 5525084584552992937
total  1173319 subs 9168
Trial 441/1000, Params: dpd_20.0_dpg_1.0_ws_30_mg_2.0_sim_50.0, F1@0.50: 53.87
Processing video: 5085344787448740525
Processing video: 5085357672350628540
Processing video: 5086465773912997411
Processing video: 5090916219025116054
Processing video: 5092765202446045704
Processing video: 5099449889545545450
Processing video: 5097975856769557081
Processing video: 5103182645622502287Processing video: 5146258161124252727

Processing video: 5134749367588120522
Processing video: 5172231547180314349
Processing video: 5173709444596630576
Processing video: 5366409594815891602
Processing video: 5218949624445806415
Processing video: 5391892065246550398
Processing video: 5525084584552992937
total  1173319 subs 9168
Trial 442/1000, Params: dpd_2.0_dpg_0.0_ws_40_mg_6.0_sim_50.0, F1@0.50: 50.83
Processing video: 5085344787448740525
Processing video: 5086465773912997411
Processing video: 5085357672350628540
Processing video: 5090916219025116054
Processing video: 5092765202446045704
Processing video: 5097975856769557081
Processing video: 5099449889545545450
Processing video: 5103182645622502287
Processing video: 5146258161124252727
Processing video: 5172231547180314349
Processing video: 5134749367588120522
Processing video: 5173709444596630576
Processing video: 5366409594815891602
Processing video: 5218949624445806415
Processing video: 5525084584552992937
Processing video: 5391892065246550398
total  1173319 subs 9168
Trial 443/1000, Params: dpd_100.0_dpg_0.1_ws_40_mg_2.0_sim_10.0, F1@0.50: 35.14
Processing video: 5085344787448740525
Processing video: 5085357672350628540
Processing video: 5090916219025116054
Processing video: 5086465773912997411
Processing video: 5092765202446045704
Processing video: 5099449889545545450
Processing video: 5097975856769557081
Processing video: 5103182645622502287
Processing video: 5134749367588120522
Processing video: 5146258161124252727
Processing video: 5172231547180314349Processing video: 5218949624445806415

Processing video: 5366409594815891602
Processing video: 5173709444596630576
Processing video: 5391892065246550398
Processing video: 5525084584552992937
total  1173319 subs 9168
Trial 444/1000, Params: dpd_1.0_dpg_100.0_ws_50_mg_4.0_sim_50.0, F1@0.50: 45.17
Processing video: 5085344787448740525
Processing video: 5086465773912997411
Processing video: 5085357672350628540
Processing video: 5090916219025116054
Processing video: 5092765202446045704
Processing video: 5099449889545545450
Processing video: 5097975856769557081
Processing video: 5103182645622502287
Processing video: 5146258161124252727
Processing video: 5134749367588120522
Processing video: 5172231547180314349
Processing video: 5173709444596630576
Processing video: 5218949624445806415
Processing video: 5391892065246550398
Processing video: 5525084584552992937
Processing video: 5366409594815891602
total  1173319 subs 9168
Trial 445/1000, Params: dpd_10.0_dpg_100.0_ws_40_mg_4.0_sim_5.0, F1@0.50: 47.03
Processing video: 5085344787448740525
Processing video: 5085357672350628540
Processing video: 5086465773912997411
Processing video: 5090916219025116054Processing video: 5092765202446045704

Processing video: 5099449889545545450
Processing video: 5097975856769557081
Processing video: 5103182645622502287
Processing video: 5134749367588120522
Processing video: 5146258161124252727
Processing video: 5172231547180314349
Processing video: 5173709444596630576
Processing video: 5218949624445806415
Processing video: 5366409594815891602
Processing video: 5391892065246550398Processing video: 5525084584552992937

total  1173319 subs 9168
Trial 446/1000, Params: dpd_100.0_dpg_5.0_ws_30_mg_4.0_sim_0.0, F1@0.50: 31.3
Processing video: 5085344787448740525
Processing video: 5086465773912997411
Processing video: 5085357672350628540
Processing video: 5090916219025116054
Processing video: 5092765202446045704
Processing video: 5097975856769557081
Processing video: 5103182645622502287
Processing video: 5099449889545545450
Processing video: 5172231547180314349Processing video: 5134749367588120522

Processing video: 5146258161124252727
Processing video: 5218949624445806415
Processing video: 5173709444596630576
Processing video: 5366409594815891602
Processing video: 5391892065246550398
Processing video: 5525084584552992937
total  1173319 subs 9168
Trial 447/1000, Params: dpd_10.0_dpg_10.0_ws_50_mg_6.0_sim_10.0, F1@0.50: 54.48
Processing video: 5085344787448740525
Processing video: 5090916219025116054Processing video: 5085357672350628540
Processing video: 5086465773912997411

Processing video: 5092765202446045704
Processing video: 5099449889545545450
Processing video: 5097975856769557081
Processing video: 5103182645622502287
Processing video: 5134749367588120522Processing video: 5172231547180314349

Processing video: 5146258161124252727
Processing video: 5173709444596630576
Processing video: 5366409594815891602
Processing video: 5218949624445806415
Processing video: 5525084584552992937Processing video: 5391892065246550398

total  1173319 subs 9168
Trial 448/1000, Params: dpd_0.5_dpg_10.0_ws_40_mg_8.0_sim_50.0, F1@0.50: 48.34
Processing video: 5085344787448740525
Processing video: 5085357672350628540
Processing video: 5086465773912997411
Processing video: 5090916219025116054
Processing video: 5092765202446045704
Processing video: 5097975856769557081
Processing video: 5103182645622502287
Processing video: 5099449889545545450
Processing video: 5146258161124252727
Processing video: 5172231547180314349Processing video: 5134749367588120522

Processing video: 5173709444596630576
Processing video: 5218949624445806415
Processing video: 5366409594815891602
Processing video: 5391892065246550398
Processing video: 5525084584552992937
total  1173319 subs 9168
Trial 449/1000, Params: dpd_0.5_dpg_0.0_ws_20_mg_6.0_sim_50.0, F1@0.50: 47.65
Processing video: 5085344787448740525
Processing video: 5085357672350628540
Processing video: 5086465773912997411
Processing video: 5090916219025116054
Processing video: 5092765202446045704
Processing video: 5097975856769557081
Processing video: 5099449889545545450
Processing video: 5134749367588120522
Processing video: 5103182645622502287
Processing video: 5146258161124252727
Processing video: 5172231547180314349Processing video: 5173709444596630576

Processing video: 5366409594815891602
Processing video: 5218949624445806415
Processing video: 5525084584552992937
Processing video: 5391892065246550398
total  1173319 subs 9168
Trial 450/1000, Params: dpd_5.0_dpg_0.5_ws_50_mg_8.0_sim_0.0, F1@0.50: 49.64
Processing video: 5085344787448740525
Processing video: 5085357672350628540
Processing video: 5086465773912997411
Processing video: 5090916219025116054
Processing video: 5092765202446045704
Processing video: 5099449889545545450
Processing video: 5097975856769557081
Processing video: 5103182645622502287
Processing video: 5134749367588120522
Processing video: 5146258161124252727
Processing video: 5172231547180314349
Processing video: 5173709444596630576
Processing video: 5218949624445806415
Processing video: 5366409594815891602
Processing video: 5391892065246550398
Processing video: 5525084584552992937
total  1173319 subs 9168
Trial 451/1000, Params: dpd_0.1_dpg_0.5_ws_30_mg_4.0_sim_0.0, F1@0.50: 49.81
Processing video: 5085344787448740525
Processing video: 5086465773912997411
Processing video: 5085357672350628540
Processing video: 5090916219025116054
Processing video: 5092765202446045704
Processing video: 5099449889545545450Processing video: 5097975856769557081

Processing video: 5103182645622502287
Processing video: 5134749367588120522
Processing video: 5146258161124252727
Processing video: 5173709444596630576
Processing video: 5172231547180314349
Processing video: 5218949624445806415
Processing video: 5366409594815891602
Processing video: 5391892065246550398
Processing video: 5525084584552992937
total  1173319 subs 9168
Trial 452/1000, Params: dpd_1.0_dpg_0.1_ws_30_mg_6.0_sim_5.0, F1@0.50: 52.32
Processing video: 5085344787448740525
Processing video: 5085357672350628540
Processing video: 5086465773912997411
Processing video: 5090916219025116054
Processing video: 5092765202446045704
Processing video: 5099449889545545450
Processing video: 5097975856769557081
Processing video: 5103182645622502287
Processing video: 5146258161124252727
Processing video: 5134749367588120522
Processing video: 5172231547180314349
Processing video: 5366409594815891602
Processing video: 5173709444596630576
Processing video: 5218949624445806415
Processing video: 5391892065246550398
Processing video: 5525084584552992937
total  1173319 subs 9168
Trial 453/1000, Params: dpd_1.0_dpg_10.0_ws_30_mg_8.0_sim_0.5, F1@0.50: 50.36
Processing video: 5085344787448740525
Processing video: 5085357672350628540
Processing video: 5086465773912997411
Processing video: 5090916219025116054
Processing video: 5092765202446045704
Processing video: 5099449889545545450
Processing video: 5097975856769557081
Processing video: 5103182645622502287
Processing video: 5134749367588120522
Processing video: 5146258161124252727
Processing video: 5172231547180314349
Processing video: 5173709444596630576
Processing video: 5218949624445806415
Processing video: 5366409594815891602
Processing video: 5525084584552992937Processing video: 5391892065246550398

total  1173319 subs 9168
Trial 454/1000, Params: dpd_100.0_dpg_100.0_ws_40_mg_4.0_sim_10.0, F1@0.50: 43.5
Processing video: 5085357672350628540
Processing video: 5085344787448740525
Processing video: 5086465773912997411
Processing video: 5090916219025116054
Processing video: 5092765202446045704
Processing video: 5099449889545545450
Processing video: 5097975856769557081
Processing video: 5103182645622502287
Processing video: 5134749367588120522
Processing video: 5146258161124252727Processing video: 5172231547180314349

Processing video: 5173709444596630576
Processing video: 5218949624445806415
Processing video: 5366409594815891602
Processing video: 5391892065246550398
Processing video: 5525084584552992937
total  1173319 subs 9168
Trial 455/1000, Params: dpd_100.0_dpg_0.8_ws_40_mg_8.0_sim_20.0, F1@0.50: 37.59
Processing video: 5085344787448740525
Processing video: 5085357672350628540
Processing video: 5090916219025116054
Processing video: 5086465773912997411
Processing video: 5092765202446045704
Processing video: 5097975856769557081
Processing video: 5103182645622502287
Processing video: 5099449889545545450
Processing video: 5134749367588120522
Processing video: 5172231547180314349
Processing video: 5146258161124252727
Processing video: 5173709444596630576
Processing video: 5218949624445806415
Processing video: 5366409594815891602Processing video: 5391892065246550398

Processing video: 5525084584552992937
total  1173319 subs 9168
Trial 456/1000, Params: dpd_10.0_dpg_2.0_ws_30_mg_4.0_sim_0.0, F1@0.50: 46.7
Processing video: 5085344787448740525
Processing video: 5085357672350628540
Processing video: 5086465773912997411
Processing video: 5090916219025116054
Processing video: 5092765202446045704
Processing video: 5099449889545545450
Processing video: 5097975856769557081
Processing video: 5103182645622502287
Processing video: 5146258161124252727
Processing video: 5134749367588120522
Processing video: 5172231547180314349
Processing video: 5173709444596630576
Processing video: 5218949624445806415
Processing video: 5391892065246550398
Processing video: 5366409594815891602
Processing video: 5525084584552992937
total  1173319 subs 9168
Trial 457/1000, Params: dpd_100.0_dpg_0.0_ws_30_mg_4.0_sim_30.0, F1@0.50: 40.14
Processing video: 5085344787448740525
Processing video: 5085357672350628540
Processing video: 5086465773912997411
Processing video: 5090916219025116054
Processing video: 5092765202446045704
Processing video: 5099449889545545450
Processing video: 5097975856769557081
Processing video: 5146258161124252727
Processing video: 5103182645622502287
Processing video: 5134749367588120522
Processing video: 5172231547180314349
Processing video: 5173709444596630576
Processing video: 5218949624445806415
Processing video: 5366409594815891602
Processing video: 5391892065246550398
Processing video: 5525084584552992937
total  1173319 subs 9168
Trial 458/1000, Params: dpd_2.0_dpg_0.5_ws_50_mg_8.0_sim_0.0, F1@0.50: 50.52
Processing video: 5085344787448740525
Processing video: 5085357672350628540
Processing video: 5086465773912997411
Processing video: 5092765202446045704
Processing video: 5090916219025116054
Processing video: 5097975856769557081
Processing video: 5103182645622502287
Processing video: 5099449889545545450
Processing video: 5134749367588120522
Processing video: 5146258161124252727
Processing video: 5173709444596630576
Processing video: 5172231547180314349
Processing video: 5218949624445806415
Processing video: 5366409594815891602
Processing video: 5391892065246550398
Processing video: 5525084584552992937
total  1173319 subs 9168
Trial 459/1000, Params: dpd_2.0_dpg_1.0_ws_20_mg_6.0_sim_0.0, F1@0.50: 48.92
Processing video: 5085344787448740525
Processing video: 5085357672350628540
Processing video: 5086465773912997411
Processing video: 5090916219025116054
Processing video: 5092765202446045704
Processing video: 5099449889545545450
Processing video: 5097975856769557081
Processing video: 5134749367588120522
Processing video: 5103182645622502287
Processing video: 5172231547180314349
Processing video: 5146258161124252727
Processing video: 5173709444596630576
Processing video: 5218949624445806415
Processing video: 5366409594815891602
Processing video: 5525084584552992937
Processing video: 5391892065246550398
total  1173319 subs 9168
Trial 460/1000, Params: dpd_0.1_dpg_20.0_ws_30_mg_2.0_sim_0.5, F1@0.50: 45.22
Processing video: 5086465773912997411Processing video: 5085344787448740525

Processing video: 5085357672350628540
Processing video: 5090916219025116054
Processing video: 5092765202446045704
Processing video: 5097975856769557081
Processing video: 5099449889545545450
Processing video: 5103182645622502287
Processing video: 5134749367588120522
Processing video: 5146258161124252727
Processing video: 5172231547180314349
Processing video: 5173709444596630576
Processing video: 5218949624445806415
Processing video: 5366409594815891602
Processing video: 5391892065246550398
Processing video: 5525084584552992937
total  1173319 subs 9168
Trial 461/1000, Params: dpd_0.0_dpg_10.0_ws_30_mg_6.0_sim_10.0, F1@0.50: 52.35
Processing video: 5085344787448740525
Processing video: 5085357672350628540
Processing video: 5086465773912997411
Processing video: 5092765202446045704
Processing video: 5090916219025116054
Processing video: 5097975856769557081
Processing video: 5134749367588120522
Processing video: 5099449889545545450
Processing video: 5103182645622502287Processing video: 5146258161124252727

Processing video: 5173709444596630576
Processing video: 5172231547180314349
Processing video: 5218949624445806415
Processing video: 5366409594815891602
Processing video: 5525084584552992937
Processing video: 5391892065246550398
total  1173319 subs 9168
Trial 462/1000, Params: dpd_1.0_dpg_2.0_ws_50_mg_2.0_sim_30.0, F1@0.50: 53.56
Processing video: 5085344787448740525
Processing video: 5085357672350628540
Processing video: 5086465773912997411
Processing video: 5090916219025116054
Processing video: 5092765202446045704
Processing video: 5099449889545545450
Processing video: 5097975856769557081
Processing video: 5103182645622502287
Processing video: 5172231547180314349
Processing video: 5134749367588120522
Processing video: 5146258161124252727
Processing video: 5173709444596630576
Processing video: 5218949624445806415
Processing video: 5391892065246550398
Processing video: 5366409594815891602
Processing video: 5525084584552992937
total  1173319 subs 9168
Trial 463/1000, Params: dpd_100.0_dpg_0.1_ws_50_mg_6.0_sim_50.0, F1@0.50: 40.73
Processing video: 5085357672350628540
Processing video: 5086465773912997411
Processing video: 5090916219025116054
Processing video: 5092765202446045704
Processing video: 5085344787448740525
Processing video: 5097975856769557081
Processing video: 5099449889545545450
Processing video: 5103182645622502287
Processing video: 5134749367588120522
Processing video: 5146258161124252727
Processing video: 5172231547180314349
Processing video: 5173709444596630576
Processing video: 5218949624445806415
Processing video: 5366409594815891602
Processing video: 5391892065246550398
Processing video: 5525084584552992937
total  1173319 subs 9168
Trial 464/1000, Params: dpd_0.1_dpg_0.1_ws_20_mg_2.0_sim_50.0, F1@0.50: 47.34
Processing video: 5085344787448740525
Processing video: 5085357672350628540
Processing video: 5086465773912997411
Processing video: 5090916219025116054
Processing video: 5092765202446045704
Processing video: 5097975856769557081
Processing video: 5099449889545545450
Processing video: 5103182645622502287
Processing video: 5146258161124252727
Processing video: 5134749367588120522
Processing video: 5173709444596630576
Processing video: 5525084584552992937
Processing video: 5391892065246550398
Processing video: 5366409594815891602Processing video: 5218949624445806415Processing video: 5172231547180314349


total  1173319 subs 9168
Trial 465/1000, Params: dpd_100.0_dpg_10.0_ws_30_mg_10.0_sim_2.0, F1@0.50: 33.21
Processing video: 5085344787448740525
Processing video: 5085357672350628540
Processing video: 5090916219025116054
Processing video: 5086465773912997411
Processing video: 5092765202446045704
Processing video: 5097975856769557081
Processing video: 5099449889545545450
Processing video: 5103182645622502287
Processing video: 5134749367588120522
Processing video: 5146258161124252727
Processing video: 5172231547180314349
Processing video: 5173709444596630576
Processing video: 5218949624445806415
Processing video: 5391892065246550398
Processing video: 5366409594815891602
Processing video: 5525084584552992937
total  1173319 subs 9168
Trial 466/1000, Params: dpd_1.0_dpg_100.0_ws_40_mg_6.0_sim_20.0, F1@0.50: 43.78
Processing video: 5085344787448740525
Processing video: 5085357672350628540
Processing video: 5086465773912997411
Processing video: 5090916219025116054
Processing video: 5092765202446045704
Processing video: 5099449889545545450
Processing video: 5103182645622502287
Processing video: 5134749367588120522
Processing video: 5146258161124252727
Processing video: 5097975856769557081
Processing video: 5172231547180314349
Processing video: 5173709444596630576
Processing video: 5218949624445806415
Processing video: 5366409594815891602
Processing video: 5525084584552992937
Processing video: 5391892065246550398
total  1173319 subs 9168
Trial 467/1000, Params: dpd_20.0_dpg_0.5_ws_50_mg_10.0_sim_100.0, F1@0.50: 54.06
Processing video: 5085344787448740525
Processing video: 5090916219025116054Processing video: 5086465773912997411

Processing video: 5085357672350628540
Processing video: 5092765202446045704
Processing video: 5097975856769557081
Processing video: 5099449889545545450
Processing video: 5103182645622502287
Processing video: 5134749367588120522
Processing video: 5173709444596630576
Processing video: 5172231547180314349
Processing video: 5146258161124252727
Processing video: 5218949624445806415
Processing video: 5366409594815891602
Processing video: 5391892065246550398
Processing video: 5525084584552992937
total  1173319 subs 9168
Trial 468/1000, Params: dpd_1.0_dpg_20.0_ws_50_mg_6.0_sim_1.0, F1@0.50: 49.41
Processing video: 5085344787448740525
Processing video: 5085357672350628540
Processing video: 5086465773912997411
Processing video: 5090916219025116054
Processing video: 5092765202446045704
Processing video: 5097975856769557081
Processing video: 5099449889545545450
Processing video: 5103182645622502287
Processing video: 5134749367588120522
Processing video: 5146258161124252727
Processing video: 5172231547180314349
Processing video: 5173709444596630576
Processing video: 5218949624445806415
Processing video: 5391892065246550398
Processing video: 5366409594815891602
Processing video: 5525084584552992937
total  1173319 subs 9168
Trial 469/1000, Params: dpd_0.8_dpg_10.0_ws_30_mg_8.0_sim_100.0, F1@0.50: 45.03
Processing video: 5085344787448740525
Processing video: 5085357672350628540
Processing video: 5086465773912997411
Processing video: 5090916219025116054
Processing video: 5092765202446045704
Processing video: 5097975856769557081
Processing video: 5099449889545545450Processing video: 5103182645622502287
Processing video: 5146258161124252727

Processing video: 5134749367588120522
Processing video: 5172231547180314349
Processing video: 5218949624445806415
Processing video: 5173709444596630576
Processing video: 5525084584552992937
Processing video: 5366409594815891602
Processing video: 5391892065246550398
total  1173319 subs 9168
Trial 470/1000, Params: dpd_0.5_dpg_0.8_ws_50_mg_10.0_sim_0.0, F1@0.50: 50.28
Processing video: 5085344787448740525
Processing video: 5085357672350628540
Processing video: 5086465773912997411
Processing video: 5090916219025116054
Processing video: 5092765202446045704
Processing video: 5097975856769557081
Processing video: 5099449889545545450
Processing video: 5103182645622502287
Processing video: 5134749367588120522
Processing video: 5146258161124252727
Processing video: 5172231547180314349
Processing video: 5173709444596630576
Processing video: 5218949624445806415
Processing video: 5366409594815891602
Processing video: 5391892065246550398
Processing video: 5525084584552992937
total  1173319 subs 9168
Trial 471/1000, Params: dpd_0.1_dpg_100.0_ws_20_mg_10.0_sim_20.0, F1@0.50: 43.62
Processing video: 5085357672350628540
Processing video: 5090916219025116054Processing video: 5085344787448740525

Processing video: 5086465773912997411
Processing video: 5092765202446045704
Processing video: 5097975856769557081
Processing video: 5099449889545545450
Processing video: 5103182645622502287
Processing video: 5134749367588120522
Processing video: 5146258161124252727
Processing video: 5172231547180314349
Processing video: 5173709444596630576
Processing video: 5218949624445806415
Processing video: 5525084584552992937Processing video: 5391892065246550398

Processing video: 5366409594815891602
total  1173319 subs 9168
Trial 472/1000, Params: dpd_0.0_dpg_5.0_ws_50_mg_2.0_sim_50.0, F1@0.50: 44.78
Processing video: 5085344787448740525
Processing video: 5085357672350628540
Processing video: 5090916219025116054
Processing video: 5086465773912997411
Processing video: 5092765202446045704
Processing video: 5097975856769557081
Processing video: 5099449889545545450
Processing video: 5103182645622502287
Processing video: 5134749367588120522
Processing video: 5146258161124252727
Processing video: 5172231547180314349
Processing video: 5173709444596630576
Processing video: 5218949624445806415
Processing video: 5366409594815891602
Processing video: 5391892065246550398
Processing video: 5525084584552992937
total  1173319 subs 9168
Trial 473/1000, Params: dpd_2.0_dpg_1.0_ws_50_mg_6.0_sim_0.0, F1@0.50: 50.93
Processing video: 5085344787448740525
Processing video: 5085357672350628540
Processing video: 5086465773912997411
Processing video: 5090916219025116054
Processing video: 5092765202446045704
Processing video: 5097975856769557081
Processing video: 5099449889545545450
Processing video: 5103182645622502287
Processing video: 5134749367588120522
Processing video: 5146258161124252727
Processing video: 5172231547180314349
Processing video: 5173709444596630576
Processing video: 5218949624445806415
Processing video: 5366409594815891602
Processing video: 5391892065246550398
Processing video: 5525084584552992937
total  1173319 subs 9168
Trial 474/1000, Params: dpd_2.0_dpg_5.0_ws_40_mg_8.0_sim_0.5, F1@0.50: 51.59
Processing video: 5085357672350628540
Processing video: 5085344787448740525
Processing video: 5090916219025116054
Processing video: 5086465773912997411
Processing video: 5092765202446045704
Processing video: 5097975856769557081
Processing video: 5099449889545545450
Processing video: 5103182645622502287
Processing video: 5134749367588120522
Processing video: 5146258161124252727
Processing video: 5173709444596630576
Processing video: 5172231547180314349
Processing video: 5218949624445806415
Processing video: 5366409594815891602
Processing video: 5525084584552992937
Processing video: 5391892065246550398
total  1173319 subs 9168
Trial 475/1000, Params: dpd_0.1_dpg_100.0_ws_20_mg_2.0_sim_100.0, F1@0.50: 47.23
Processing video: 5085344787448740525
Processing video: 5085357672350628540
Processing video: 5086465773912997411
Processing video: 5090916219025116054
Processing video: 5092765202446045704
Processing video: 5097975856769557081
Processing video: 5099449889545545450
Processing video: 5103182645622502287
Processing video: 5134749367588120522
Processing video: 5146258161124252727
Processing video: 5172231547180314349
Processing video: 5173709444596630576
Processing video: 5218949624445806415
Processing video: 5366409594815891602
Processing video: 5391892065246550398
Processing video: 5525084584552992937
total  1173319 subs 9168
Trial 476/1000, Params: dpd_2.0_dpg_100.0_ws_40_mg_8.0_sim_10.0, F1@0.50: 43.35
Processing video: 5085344787448740525
Processing video: 5085357672350628540
Processing video: 5086465773912997411
Processing video: 5090916219025116054
Processing video: 5092765202446045704
Processing video: 5097975856769557081
Processing video: 5099449889545545450
Processing video: 5103182645622502287
Processing video: 5134749367588120522
Processing video: 5146258161124252727
Processing video: 5172231547180314349
Processing video: 5173709444596630576
Processing video: 5218949624445806415
Processing video: 5366409594815891602
Processing video: 5391892065246550398
Processing video: 5525084584552992937
total  1173319 subs 9168
Trial 477/1000, Params: dpd_2.0_dpg_2.0_ws_20_mg_8.0_sim_30.0, F1@0.50: 55.46
Processing video: 5085344787448740525
Processing video: 5085357672350628540
Processing video: 5086465773912997411
Processing video: 5090916219025116054
Processing video: 5092765202446045704
Processing video: 5097975856769557081
Processing video: 5099449889545545450
Processing video: 5103182645622502287
Processing video: 5134749367588120522
Processing video: 5146258161124252727
Processing video: 5172231547180314349
Processing video: 5173709444596630576
Processing video: 5218949624445806415
Processing video: 5366409594815891602
Processing video: 5391892065246550398
Processing video: 5525084584552992937
total  1173319 subs 9168
Trial 478/1000, Params: dpd_0.5_dpg_0.0_ws_50_mg_6.0_sim_5.0, F1@0.50: 52.56
Processing video: 5085357672350628540
Processing video: 5086465773912997411
Processing video: 5085344787448740525
Processing video: 5090916219025116054
Processing video: 5092765202446045704
Processing video: 5099449889545545450
Processing video: 5103182645622502287
Processing video: 5134749367588120522
Processing video: 5097975856769557081
Processing video: 5146258161124252727
Processing video: 5172231547180314349
Processing video: 5173709444596630576
Processing video: 5218949624445806415
Processing video: 5366409594815891602
Processing video: 5391892065246550398
Processing video: 5525084584552992937
total  1173319 subs 9168
Trial 479/1000, Params: dpd_2.0_dpg_0.1_ws_20_mg_10.0_sim_0.5, F1@0.50: 48.69
Processing video: 5085344787448740525
Processing video: 5085357672350628540
Processing video: 5090916219025116054
Processing video: 5086465773912997411
Processing video: 5092765202446045704
Processing video: 5097975856769557081
Processing video: 5099449889545545450
Processing video: 5103182645622502287
Processing video: 5134749367588120522
Processing video: 5146258161124252727
Processing video: 5172231547180314349
Processing video: 5173709444596630576
Processing video: 5218949624445806415
Processing video: 5366409594815891602
Processing video: 5391892065246550398
Processing video: 5525084584552992937
total  1173319 subs 9168
Trial 480/1000, Params: dpd_1.0_dpg_2.0_ws_30_mg_2.0_sim_30.0, F1@0.50: 54.44
Processing video: 5085344787448740525
Processing video: 5085357672350628540
Processing video: 5086465773912997411
Processing video: 5090916219025116054
Processing video: 5092765202446045704
Processing video: 5097975856769557081
Processing video: 5099449889545545450
Processing video: 5103182645622502287
Processing video: 5134749367588120522
Processing video: 5146258161124252727
Processing video: 5172231547180314349
Processing video: 5173709444596630576
Processing video: 5391892065246550398
Processing video: 5366409594815891602
Processing video: 5525084584552992937
Processing video: 5218949624445806415
total  1173319 subs 9168
Trial 481/1000, Params: dpd_0.5_dpg_0.5_ws_30_mg_8.0_sim_5.0, F1@0.50: 52.46
Processing video: 5085344787448740525
Processing video: 5085357672350628540
Processing video: 5086465773912997411
Processing video: 5090916219025116054
Processing video: 5097975856769557081
Processing video: 5092765202446045704
Processing video: 5099449889545545450
Processing video: 5103182645622502287
Processing video: 5134749367588120522
Processing video: 5146258161124252727
Processing video: 5172231547180314349
Processing video: 5173709444596630576
Processing video: 5218949624445806415
Processing video: 5366409594815891602
Processing video: 5391892065246550398
Processing video: 5525084584552992937
total  1173319 subs 9168
Trial 482/1000, Params: dpd_0.1_dpg_2.0_ws_30_mg_6.0_sim_30.0, F1@0.50: 49.07
Processing video: 5085344787448740525
Processing video: 5085357672350628540
Processing video: 5086465773912997411
Processing video: 5090916219025116054
Processing video: 5092765202446045704
Processing video: 5097975856769557081
Processing video: 5099449889545545450
Processing video: 5103182645622502287
Processing video: 5134749367588120522
Processing video: 5173709444596630576
Processing video: 5146258161124252727
Processing video: 5218949624445806415
Processing video: 5366409594815891602
Processing video: 5525084584552992937
Processing video: 5172231547180314349
Processing video: 5391892065246550398
total  1173319 subs 9168
Trial 483/1000, Params: dpd_0.1_dpg_20.0_ws_20_mg_8.0_sim_30.0, F1@0.50: 50.35
Processing video: 5085344787448740525
Processing video: 5085357672350628540
Processing video: 5086465773912997411
Processing video: 5090916219025116054
Processing video: 5092765202446045704
Processing video: 5097975856769557081
Processing video: 5099449889545545450
Processing video: 5103182645622502287
Processing video: 5134749367588120522
Processing video: 5146258161124252727
Processing video: 5172231547180314349
Processing video: 5173709444596630576
Processing video: 5218949624445806415
Processing video: 5366409594815891602
Processing video: 5391892065246550398
Processing video: 5525084584552992937
total  1173319 subs 9168
Trial 484/1000, Params: dpd_0.1_dpg_1.0_ws_30_mg_2.0_sim_50.0, F1@0.50: 45.29
Processing video: 5085344787448740525
Processing video: 5085357672350628540
Processing video: 5086465773912997411
Processing video: 5090916219025116054
Processing video: 5092765202446045704
Processing video: 5097975856769557081
Processing video: 5099449889545545450
Processing video: 5103182645622502287
Processing video: 5173709444596630576
Processing video: 5134749367588120522Processing video: 5146258161124252727

Processing video: 5218949624445806415
Processing video: 5366409594815891602
Processing video: 5391892065246550398
Processing video: 5525084584552992937
Processing video: 5172231547180314349
total  1173319 subs 9168
Trial 485/1000, Params: dpd_0.8_dpg_0.5_ws_20_mg_4.0_sim_0.5, F1@0.50: 49.31
Processing video: 5085344787448740525
Processing video: 5085357672350628540
Processing video: 5086465773912997411
Processing video: 5092765202446045704
Processing video: 5099449889545545450
Processing video: 5103182645622502287
Processing video: 5134749367588120522
Processing video: 5146258161124252727
Processing video: 5172231547180314349
Processing video: 5090916219025116054
Processing video: 5173709444596630576
Processing video: 5097975856769557081
Processing video: 5218949624445806415
Processing video: 5391892065246550398
Processing video: 5366409594815891602
Processing video: 5525084584552992937
total  1173319 subs 9168
Trial 486/1000, Params: dpd_2.0_dpg_0.5_ws_20_mg_8.0_sim_100.0, F1@0.50: 47.38
Processing video: 5085344787448740525
Processing video: 5085357672350628540
Processing video: 5086465773912997411
Processing video: 5090916219025116054
Processing video: 5092765202446045704
Processing video: 5097975856769557081
Processing video: 5099449889545545450
Processing video: 5103182645622502287
Processing video: 5134749367588120522
Processing video: 5146258161124252727
Processing video: 5172231547180314349
Processing video: 5173709444596630576
Processing video: 5218949624445806415
Processing video: 5525084584552992937
Processing video: 5366409594815891602
Processing video: 5391892065246550398
total  1173319 subs 9168
Trial 487/1000, Params: dpd_20.0_dpg_0.8_ws_20_mg_10.0_sim_0.0, F1@0.50: 39.17
Processing video: 5085344787448740525
Processing video: 5090916219025116054Processing video: 5085357672350628540

Processing video: 5086465773912997411
Processing video: 5092765202446045704
Processing video: 5097975856769557081
Processing video: 5099449889545545450
Processing video: 5103182645622502287
Processing video: 5134749367588120522
Processing video: 5146258161124252727
Processing video: 5172231547180314349
Processing video: 5173709444596630576
Processing video: 5218949624445806415
Processing video: 5366409594815891602
Processing video: 5391892065246550398
Processing video: 5525084584552992937
total  1173319 subs 9168
Trial 488/1000, Params: dpd_10.0_dpg_5.0_ws_50_mg_8.0_sim_5.0, F1@0.50: 51.64
Processing video: 5085344787448740525
Processing video: 5085357672350628540
Processing video: 5086465773912997411
Processing video: 5090916219025116054
Processing video: 5092765202446045704
Processing video: 5097975856769557081
Processing video: 5099449889545545450
Processing video: 5103182645622502287
Processing video: 5134749367588120522
Processing video: 5146258161124252727
Processing video: 5172231547180314349
Processing video: 5173709444596630576
Processing video: 5218949624445806415
Processing video: 5366409594815891602
Processing video: 5525084584552992937Processing video: 5391892065246550398

total  1173319 subs 9168
Trial 489/1000, Params: dpd_0.0_dpg_2.0_ws_20_mg_2.0_sim_100.0, F1@0.50: 44.88
Processing video: 5085344787448740525
Processing video: 5085357672350628540
Processing video: 5086465773912997411
Processing video: 5090916219025116054
Processing video: 5092765202446045704
Processing video: 5097975856769557081
Processing video: 5099449889545545450
Processing video: 5103182645622502287
Processing video: 5134749367588120522
Processing video: 5146258161124252727
Processing video: 5172231547180314349
Processing video: 5173709444596630576
Processing video: 5218949624445806415
Processing video: 5366409594815891602
Processing video: 5391892065246550398
Processing video: 5525084584552992937
total  1173319 subs 9168
Trial 490/1000, Params: dpd_10.0_dpg_2.0_ws_40_mg_4.0_sim_0.0, F1@0.50: 47.56
Processing video: 5085344787448740525
Processing video: 5085357672350628540
Processing video: 5090916219025116054
Processing video: 5092765202446045704
Processing video: 5097975856769557081
Processing video: 5086465773912997411
Processing video: 5134749367588120522Processing video: 5099449889545545450

Processing video: 5146258161124252727Processing video: 5103182645622502287Processing video: 5172231547180314349


Processing video: 5173709444596630576
Processing video: 5218949624445806415
Processing video: 5366409594815891602
Processing video: 5525084584552992937Processing video: 5391892065246550398

total  1173319 subs 9168
Trial 491/1000, Params: dpd_2.0_dpg_10.0_ws_40_mg_2.0_sim_0.5, F1@0.50: 51.76
Processing video: 5085344787448740525
Processing video: 5085357672350628540
Processing video: 5090916219025116054
Processing video: 5086465773912997411
Processing video: 5092765202446045704
Processing video: 5097975856769557081
Processing video: 5099449889545545450
Processing video: 5103182645622502287
Processing video: 5134749367588120522
Processing video: 5146258161124252727
Processing video: 5172231547180314349
Processing video: 5173709444596630576
Processing video: 5218949624445806415
Processing video: 5366409594815891602
Processing video: 5391892065246550398
Processing video: 5525084584552992937
total  1173319 subs 9168
Trial 492/1000, Params: dpd_100.0_dpg_1.0_ws_50_mg_8.0_sim_10.0, F1@0.50: 33.86
Processing video: 5085357672350628540
Processing video: 5086465773912997411Processing video: 5085344787448740525

Processing video: 5090916219025116054
Processing video: 5092765202446045704
Processing video: 5097975856769557081
Processing video: 5134749367588120522Processing video: 5099449889545545450Processing video: 5146258161124252727
Processing video: 5103182645622502287


Processing video: 5172231547180314349
Processing video: 5173709444596630576Processing video: 5218949624445806415

Processing video: 5391892065246550398
Processing video: 5525084584552992937
Processing video: 5366409594815891602
total  1173319 subs 9168
Trial 493/1000, Params: dpd_100.0_dpg_2.0_ws_50_mg_10.0_sim_1.0, F1@0.50: 31.36
Processing video: 5085344787448740525
Processing video: 5085357672350628540
Processing video: 5090916219025116054
Processing video: 5086465773912997411
Processing video: 5092765202446045704
Processing video: 5097975856769557081
Processing video: 5099449889545545450
Processing video: 5103182645622502287
Processing video: 5134749367588120522
Processing video: 5146258161124252727
Processing video: 5172231547180314349
Processing video: 5173709444596630576
Processing video: 5218949624445806415
Processing video: 5366409594815891602
Processing video: 5391892065246550398
Processing video: 5525084584552992937
total  1173319 subs 9168
Trial 494/1000, Params: dpd_20.0_dpg_5.0_ws_50_mg_10.0_sim_20.0, F1@0.50: 50.39
Processing video: 5085344787448740525
Processing video: 5085357672350628540
Processing video: 5086465773912997411
Processing video: 5090916219025116054
Processing video: 5092765202446045704
Processing video: 5134749367588120522
Processing video: 5146258161124252727
Processing video: 5097975856769557081
Processing video: 5173709444596630576
Processing video: 5218949624445806415
Processing video: 5172231547180314349
Processing video: 5103182645622502287
Processing video: 5099449889545545450
Processing video: 5391892065246550398
Processing video: 5525084584552992937
Processing video: 5366409594815891602
total  1173319 subs 9168
Trial 495/1000, Params: dpd_10.0_dpg_0.5_ws_40_mg_4.0_sim_50.0, F1@0.50: 56.21
Processing video: 5085344787448740525
Processing video: 5090916219025116054Processing video: 5085357672350628540

Processing video: 5086465773912997411
Processing video: 5092765202446045704
Processing video: 5097975856769557081
Processing video: 5099449889545545450
Processing video: 5103182645622502287
Processing video: 5134749367588120522
Processing video: 5146258161124252727
Processing video: 5172231547180314349
Processing video: 5173709444596630576
Processing video: 5218949624445806415
Processing video: 5366409594815891602
Processing video: 5525084584552992937
Processing video: 5391892065246550398
total  1173319 subs 9168
Trial 496/1000, Params: dpd_5.0_dpg_10.0_ws_30_mg_10.0_sim_30.0, F1@0.50: 58.07
Processing video: 5085344787448740525
Processing video: 5085357672350628540
Processing video: 5086465773912997411
Processing video: 5090916219025116054
Processing video: 5092765202446045704
Processing video: 5097975856769557081
Processing video: 5099449889545545450
Processing video: 5103182645622502287
Processing video: 5134749367588120522
Processing video: 5146258161124252727
Processing video: 5172231547180314349
Processing video: 5173709444596630576
Processing video: 5218949624445806415
Processing video: 5366409594815891602
Processing video: 5525084584552992937
Processing video: 5391892065246550398
total  1173319 subs 9168
Trial 497/1000, Params: dpd_10.0_dpg_10.0_ws_30_mg_8.0_sim_0.5, F1@0.50: 49.24
Processing video: 5085344787448740525
Processing video: 5085357672350628540
Processing video: 5086465773912997411
Processing video: 5090916219025116054
Processing video: 5092765202446045704
Processing video: 5097975856769557081
Processing video: 5099449889545545450
Processing video: 5103182645622502287
Processing video: 5134749367588120522
Processing video: 5146258161124252727
Processing video: 5172231547180314349
Processing video: 5366409594815891602
Processing video: 5218949624445806415Processing video: 5173709444596630576

Processing video: 5391892065246550398
Processing video: 5525084584552992937
total  1173319 subs 9168
Trial 498/1000, Params: dpd_20.0_dpg_20.0_ws_50_mg_8.0_sim_50.0, F1@0.50: 56.36
Processing video: 5085344787448740525
Processing video: 5085357672350628540
Processing video: 5086465773912997411
Processing video: 5092765202446045704
Processing video: 5097975856769557081
Processing video: 5103182645622502287
Processing video: 5134749367588120522
Processing video: 5090916219025116054
Processing video: 5172231547180314349
Processing video: 5099449889545545450
Processing video: 5173709444596630576
Processing video: 5218949624445806415
Processing video: 5146258161124252727
Processing video: 5366409594815891602
Processing video: 5391892065246550398
Processing video: 5525084584552992937
total  1173319 subs 9168
Trial 499/1000, Params: dpd_0.5_dpg_10.0_ws_30_mg_8.0_sim_20.0, F1@0.50: 54.85
Processing video: 5085357672350628540
Processing video: 5086465773912997411
Processing video: 5090916219025116054Processing video: 5085344787448740525

Processing video: 5092765202446045704
Processing video: 5097975856769557081
Processing video: 5099449889545545450
Processing video: 5103182645622502287
Processing video: 5134749367588120522
Processing video: 5146258161124252727
Processing video: 5172231547180314349
Processing video: 5173709444596630576
Processing video: 5218949624445806415
Processing video: 5366409594815891602
Processing video: 5391892065246550398
Processing video: 5525084584552992937
total  1173319 subs 9168
Trial 500/1000, Params: dpd_0.5_dpg_10.0_ws_50_mg_8.0_sim_20.0, F1@0.50: 54.2
Processing video: 5085344787448740525
Processing video: 5085357672350628540
Processing video: 5086465773912997411
Processing video: 5090916219025116054
Processing video: 5092765202446045704
Processing video: 5097975856769557081
Processing video: 5099449889545545450
Processing video: 5103182645622502287
Processing video: 5134749367588120522
Processing video: 5146258161124252727
Processing video: 5172231547180314349
Processing video: 5173709444596630576
Processing video: 5218949624445806415Processing video: 5366409594815891602

Processing video: 5525084584552992937Processing video: 5391892065246550398

total  1173319 subs 9168
Trial 501/1000, Params: dpd_5.0_dpg_0.8_ws_40_mg_10.0_sim_10.0, F1@0.50: 54.13
Processing video: 5085344787448740525
Processing video: 5085357672350628540
Processing video: 5090916219025116054
Processing video: 5086465773912997411
Processing video: 5092765202446045704
Processing video: 5097975856769557081
Processing video: 5099449889545545450
Processing video: 5103182645622502287
Processing video: 5134749367588120522
Processing video: 5146258161124252727
Processing video: 5172231547180314349
Processing video: 5173709444596630576
Processing video: 5218949624445806415
Processing video: 5366409594815891602
Processing video: 5391892065246550398
Processing video: 5525084584552992937
total  1173319 subs 9168
Trial 502/1000, Params: dpd_0.8_dpg_10.0_ws_20_mg_10.0_sim_30.0, F1@0.50: 53.49
Processing video: 5085344787448740525
Processing video: 5085357672350628540
Processing video: 5086465773912997411
Processing video: 5090916219025116054
Processing video: 5092765202446045704
Processing video: 5097975856769557081
Processing video: 5099449889545545450
Processing video: 5103182645622502287
Processing video: 5134749367588120522
Processing video: 5146258161124252727
Processing video: 5172231547180314349
Processing video: 5173709444596630576
Processing video: 5218949624445806415
Processing video: 5366409594815891602
Processing video: 5391892065246550398
Processing video: 5525084584552992937
total  1173319 subs 9168
Trial 503/1000, Params: dpd_10.0_dpg_0.0_ws_50_mg_10.0_sim_1.0, F1@0.50: 48.0
Processing video: 5085344787448740525
Processing video: 5085357672350628540
Processing video: 5086465773912997411
Processing video: 5090916219025116054
Processing video: 5092765202446045704
Processing video: 5097975856769557081
Processing video: 5099449889545545450
Processing video: 5103182645622502287
Processing video: 5134749367588120522
Processing video: 5146258161124252727
Processing video: 5172231547180314349
Processing video: 5366409594815891602
Processing video: 5525084584552992937
Processing video: 5173709444596630576
Processing video: 5218949624445806415
Processing video: 5391892065246550398
total  1173319 subs 9168
Trial 504/1000, Params: dpd_5.0_dpg_0.0_ws_30_mg_6.0_sim_10.0, F1@0.50: 53.55
Processing video: 5085344787448740525
Processing video: 5085357672350628540
Processing video: 5090916219025116054
Processing video: 5092765202446045704
Processing video: 5097975856769557081
Processing video: 5086465773912997411
Processing video: 5099449889545545450
Processing video: 5146258161124252727
Processing video: 5103182645622502287
Processing video: 5134749367588120522
Processing video: 5172231547180314349
Processing video: 5173709444596630576
Processing video: 5218949624445806415
Processing video: 5391892065246550398
Processing video: 5366409594815891602
Processing video: 5525084584552992937
total  1173319 subs 9168
Trial 505/1000, Params: dpd_10.0_dpg_20.0_ws_40_mg_4.0_sim_1.0, F1@0.50: 51.09
Processing video: 5085344787448740525
Processing video: 5085357672350628540
Processing video: 5086465773912997411
Processing video: 5090916219025116054
Processing video: 5092765202446045704
Processing video: 5097975856769557081
Processing video: 5099449889545545450
Processing video: 5103182645622502287
Processing video: 5134749367588120522
Processing video: 5146258161124252727
Processing video: 5172231547180314349
Processing video: 5173709444596630576
Processing video: 5218949624445806415
Processing video: 5366409594815891602
Processing video: 5391892065246550398
Processing video: 5525084584552992937
total  1173319 subs 9168
Trial 506/1000, Params: dpd_0.1_dpg_100.0_ws_20_mg_2.0_sim_5.0, F1@0.50: 37.89
Processing video: 5085344787448740525
Processing video: 5085357672350628540
Processing video: 5086465773912997411
Processing video: 5090916219025116054
Processing video: 5092765202446045704
Processing video: 5097975856769557081
Processing video: 5099449889545545450
Processing video: 5103182645622502287
Processing video: 5134749367588120522
Processing video: 5146258161124252727
Processing video: 5172231547180314349
Processing video: 5173709444596630576
Processing video: 5218949624445806415
Processing video: 5366409594815891602
Processing video: 5525084584552992937
Processing video: 5391892065246550398
total  1173319 subs 9168
Trial 507/1000, Params: dpd_0.8_dpg_20.0_ws_20_mg_10.0_sim_50.0, F1@0.50: 50.66
Processing video: 5085344787448740525
Processing video: 5085357672350628540
Processing video: 5086465773912997411
Processing video: 5090916219025116054
Processing video: 5092765202446045704
Processing video: 5097975856769557081
Processing video: 5099449889545545450
Processing video: 5103182645622502287
Processing video: 5173709444596630576Processing video: 5172231547180314349

Processing video: 5134749367588120522Processing video: 5146258161124252727

Processing video: 5218949624445806415
Processing video: 5366409594815891602
Processing video: 5525084584552992937
Processing video: 5391892065246550398
total  1173319 subs 9168
Trial 508/1000, Params: dpd_10.0_dpg_0.5_ws_40_mg_8.0_sim_0.0, F1@0.50: 47.34
Processing video: 5085344787448740525
Processing video: 5086465773912997411
Processing video: 5090916219025116054
Processing video: 5092765202446045704
Processing video: 5085357672350628540
Processing video: 5097975856769557081
Processing video: 5103182645622502287
Processing video: 5099449889545545450
Processing video: 5172231547180314349
Processing video: 5134749367588120522
Processing video: 5218949624445806415
Processing video: 5146258161124252727
Processing video: 5173709444596630576
Processing video: 5391892065246550398
Processing video: 5366409594815891602
Processing video: 5525084584552992937
total  1173319 subs 9168
Trial 509/1000, Params: dpd_1.0_dpg_100.0_ws_20_mg_6.0_sim_5.0, F1@0.50: 39.97
Processing video: 5085344787448740525
Processing video: 5085357672350628540
Processing video: 5086465773912997411
Processing video: 5090916219025116054
Processing video: 5092765202446045704
Processing video: 5097975856769557081
Processing video: 5099449889545545450
Processing video: 5103182645622502287
Processing video: 5134749367588120522
Processing video: 5146258161124252727
Processing video: 5172231547180314349
Processing video: 5173709444596630576
Processing video: 5218949624445806415
Processing video: 5366409594815891602
Processing video: 5525084584552992937
Processing video: 5391892065246550398
total  1173319 subs 9168
Trial 510/1000, Params: dpd_0.0_dpg_2.0_ws_40_mg_6.0_sim_1.0, F1@0.50: 50.57
Processing video: 5085344787448740525
Processing video: 5085357672350628540
Processing video: 5090916219025116054
Processing video: 5086465773912997411
Processing video: 5092765202446045704
Processing video: 5097975856769557081
Processing video: 5099449889545545450
Processing video: 5103182645622502287
Processing video: 5134749367588120522
Processing video: 5146258161124252727
Processing video: 5172231547180314349
Processing video: 5173709444596630576
Processing video: 5218949624445806415
Processing video: 5366409594815891602
Processing video: 5391892065246550398
Processing video: 5525084584552992937
total  1173319 subs 9168
Trial 511/1000, Params: dpd_5.0_dpg_0.8_ws_40_mg_10.0_sim_0.0, F1@0.50: 49.74
Processing video: 5085357672350628540
Processing video: 5085344787448740525
Processing video: 5086465773912997411
Processing video: 5090916219025116054
Processing video: 5092765202446045704
Processing video: 5097975856769557081
Processing video: 5099449889545545450
Processing video: 5103182645622502287
Processing video: 5134749367588120522
Processing video: 5172231547180314349
Processing video: 5173709444596630576
Processing video: 5366409594815891602
Processing video: 5146258161124252727Processing video: 5218949624445806415

Processing video: 5391892065246550398
Processing video: 5525084584552992937
total  1173319 subs 9168
Trial 512/1000, Params: dpd_1.0_dpg_2.0_ws_30_mg_8.0_sim_20.0, F1@0.50: 56.14
Processing video: 5085344787448740525
Processing video: 5086465773912997411
Processing video: 5090916219025116054
Processing video: 5092765202446045704
Processing video: 5097975856769557081
Processing video: 5085357672350628540
Processing video: 5099449889545545450
Processing video: 5103182645622502287
Processing video: 5134749367588120522
Processing video: 5146258161124252727
Processing video: 5172231547180314349
Processing video: 5173709444596630576
Processing video: 5218949624445806415
Processing video: 5366409594815891602
Processing video: 5391892065246550398
Processing video: 5525084584552992937
total  1173319 subs 9168
Trial 513/1000, Params: dpd_0.5_dpg_0.0_ws_20_mg_2.0_sim_30.0, F1@0.50: 51.6
Processing video: 5085344787448740525
Processing video: 5085357672350628540
Processing video: 5086465773912997411
Processing video: 5090916219025116054
Processing video: 5092765202446045704
Processing video: 5097975856769557081
Processing video: 5099449889545545450
Processing video: 5103182645622502287Processing video: 5172231547180314349

Processing video: 5218949624445806415
Processing video: 5134749367588120522
Processing video: 5366409594815891602Processing video: 5173709444596630576

Processing video: 5391892065246550398
Processing video: 5146258161124252727
Processing video: 5525084584552992937
total  1173319 subs 9168
Trial 514/1000, Params: dpd_10.0_dpg_100.0_ws_30_mg_4.0_sim_0.0, F1@0.50: 43.28
Processing video: 5085344787448740525
Processing video: 5085357672350628540
Processing video: 5090916219025116054
Processing video: 5086465773912997411
Processing video: 5092765202446045704
Processing video: 5097975856769557081
Processing video: 5099449889545545450
Processing video: 5134749367588120522
Processing video: 5103182645622502287
Processing video: 5146258161124252727
Processing video: 5173709444596630576
Processing video: 5218949624445806415
Processing video: 5172231547180314349
Processing video: 5391892065246550398
Processing video: 5366409594815891602
Processing video: 5525084584552992937
total  1173319 subs 9168
Trial 515/1000, Params: dpd_0.0_dpg_20.0_ws_50_mg_4.0_sim_0.0, F1@0.50: 44.53
Processing video: 5085344787448740525
Processing video: 5085357672350628540
Processing video: 5086465773912997411
Processing video: 5090916219025116054
Processing video: 5092765202446045704
Processing video: 5097975856769557081
Processing video: 5103182645622502287
Processing video: 5099449889545545450
Processing video: 5134749367588120522
Processing video: 5146258161124252727
Processing video: 5172231547180314349
Processing video: 5173709444596630576
Processing video: 5391892065246550398
Processing video: 5525084584552992937
Processing video: 5218949624445806415
Processing video: 5366409594815891602
total  1173319 subs 9168
Trial 516/1000, Params: dpd_0.5_dpg_0.5_ws_50_mg_4.0_sim_20.0, F1@0.50: 53.37
Processing video: 5085344787448740525
Processing video: 5085357672350628540
Processing video: 5090916219025116054
Processing video: 5086465773912997411
Processing video: 5092765202446045704
Processing video: 5097975856769557081
Processing video: 5099449889545545450
Processing video: 5103182645622502287
Processing video: 5134749367588120522
Processing video: 5146258161124252727
Processing video: 5172231547180314349
Processing video: 5173709444596630576
Processing video: 5218949624445806415
Processing video: 5366409594815891602
Processing video: 5391892065246550398
Processing video: 5525084584552992937
total  1173319 subs 9168
Trial 517/1000, Params: dpd_20.0_dpg_0.0_ws_50_mg_4.0_sim_50.0, F1@0.50: 53.55
Processing video: 5085344787448740525
Processing video: 5085357672350628540
Processing video: 5086465773912997411
Processing video: 5090916219025116054
Processing video: 5092765202446045704
Processing video: 5097975856769557081
Processing video: 5099449889545545450
Processing video: 5103182645622502287
Processing video: 5134749367588120522
Processing video: 5146258161124252727
Processing video: 5172231547180314349
Processing video: 5173709444596630576
Processing video: 5218949624445806415
Processing video: 5366409594815891602
Processing video: 5391892065246550398
Processing video: 5525084584552992937
total  1173319 subs 9168
Trial 518/1000, Params: dpd_100.0_dpg_2.0_ws_50_mg_6.0_sim_0.0, F1@0.50: 31.06
Processing video: 5085344787448740525
Processing video: 5085357672350628540
Processing video: 5086465773912997411
Processing video: 5090916219025116054
Processing video: 5092765202446045704
Processing video: 5097975856769557081
Processing video: 5099449889545545450
Processing video: 5103182645622502287
Processing video: 5134749367588120522
Processing video: 5146258161124252727
Processing video: 5172231547180314349
Processing video: 5173709444596630576
Processing video: 5218949624445806415
Processing video: 5366409594815891602
Processing video: 5391892065246550398
Processing video: 5525084584552992937
total  1173319 subs 9168
Trial 519/1000, Params: dpd_0.8_dpg_1.0_ws_30_mg_4.0_sim_0.0, F1@0.50: 50.27
Processing video: 5085344787448740525
Processing video: 5085357672350628540
Processing video: 5086465773912997411
Processing video: 5090916219025116054
Processing video: 5092765202446045704
Processing video: 5097975856769557081
Processing video: 5099449889545545450
Processing video: 5103182645622502287
Processing video: 5134749367588120522
Processing video: 5146258161124252727
Processing video: 5172231547180314349
Processing video: 5173709444596630576
Processing video: 5218949624445806415
Processing video: 5366409594815891602
Processing video: 5391892065246550398
Processing video: 5525084584552992937
total  1173319 subs 9168
Trial 520/1000, Params: dpd_0.1_dpg_1.0_ws_50_mg_2.0_sim_5.0, F1@0.50: 53.17
Processing video: 5085344787448740525
Processing video: 5085357672350628540
Processing video: 5086465773912997411
Processing video: 5090916219025116054
Processing video: 5092765202446045704
Processing video: 5097975856769557081
Processing video: 5099449889545545450
Processing video: 5103182645622502287
Processing video: 5134749367588120522
Processing video: 5172231547180314349
Processing video: 5366409594815891602
Processing video: 5525084584552992937
Processing video: 5391892065246550398
Processing video: 5146258161124252727
Processing video: 5173709444596630576Processing video: 5218949624445806415

total  1173319 subs 9168
Trial 521/1000, Params: dpd_0.8_dpg_100.0_ws_40_mg_4.0_sim_0.5, F1@0.50: 35.36
Processing video: 5085344787448740525
Processing video: 5085357672350628540
Processing video: 5090916219025116054
Processing video: 5086465773912997411
Processing video: 5092765202446045704
Processing video: 5097975856769557081
Processing video: 5099449889545545450
Processing video: 5103182645622502287
Processing video: 5134749367588120522
Processing video: 5146258161124252727
Processing video: 5172231547180314349
Processing video: 5173709444596630576
Processing video: 5218949624445806415
Processing video: 5366409594815891602
Processing video: 5391892065246550398
Processing video: 5525084584552992937
total  1173319 subs 9168
Trial 522/1000, Params: dpd_0.5_dpg_0.8_ws_30_mg_8.0_sim_100.0, F1@0.50: 41.08
Processing video: 5085357672350628540
Processing video: 5085344787448740525
Processing video: 5090916219025116054
Processing video: 5092765202446045704
Processing video: 5097975856769557081
Processing video: 5086465773912997411
Processing video: 5099449889545545450
Processing video: 5103182645622502287
Processing video: 5146258161124252727
Processing video: 5172231547180314349
Processing video: 5173709444596630576
Processing video: 5134749367588120522
Processing video: 5218949624445806415
Processing video: 5366409594815891602
Processing video: 5391892065246550398
Processing video: 5525084584552992937
total  1173319 subs 9168
Trial 523/1000, Params: dpd_100.0_dpg_5.0_ws_50_mg_6.0_sim_5.0, F1@0.50: 33.08
Processing video: 5085344787448740525
Processing video: 5085357672350628540
Processing video: 5086465773912997411
Processing video: 5092765202446045704
Processing video: 5090916219025116054
Processing video: 5097975856769557081
Processing video: 5103182645622502287
Processing video: 5099449889545545450
Processing video: 5134749367588120522
Processing video: 5146258161124252727
Processing video: 5172231547180314349
Processing video: 5173709444596630576
Processing video: 5218949624445806415
Processing video: 5391892065246550398
Processing video: 5366409594815891602
Processing video: 5525084584552992937
total  1173319 subs 9168
Trial 524/1000, Params: dpd_0.1_dpg_5.0_ws_30_mg_6.0_sim_0.0, F1@0.50: 49.08
Processing video: 5085357672350628540
Processing video: 5085344787448740525
Processing video: 5086465773912997411
Processing video: 5090916219025116054
Processing video: 5092765202446045704
Processing video: 5097975856769557081
Processing video: 5103182645622502287
Processing video: 5146258161124252727Processing video: 5134749367588120522

Processing video: 5099449889545545450
Processing video: 5172231547180314349
Processing video: 5218949624445806415
Processing video: 5366409594815891602
Processing video: 5391892065246550398
Processing video: 5525084584552992937Processing video: 5173709444596630576

total  1173319 subs 9168
Trial 525/1000, Params: dpd_10.0_dpg_100.0_ws_30_mg_8.0_sim_0.0, F1@0.50: 43.27
Processing video: 5085344787448740525
Processing video: 5086465773912997411Processing video: 5085357672350628540

Processing video: 5090916219025116054
Processing video: 5097975856769557081
Processing video: 5099449889545545450
Processing video: 5092765202446045704
Processing video: 5134749367588120522
Processing video: 5103182645622502287
Processing video: 5172231547180314349
Processing video: 5173709444596630576
Processing video: 5146258161124252727
Processing video: 5366409594815891602
Processing video: 5391892065246550398
Processing video: 5218949624445806415
Processing video: 5525084584552992937
total  1173319 subs 9168
Trial 526/1000, Params: dpd_0.8_dpg_2.0_ws_30_mg_4.0_sim_30.0, F1@0.50: 53.31
Processing video: 5086465773912997411
Processing video: 5090916219025116054
Processing video: 5085344787448740525
Processing video: 5085357672350628540
Processing video: 5092765202446045704
Processing video: 5097975856769557081
Processing video: 5099449889545545450
Processing video: 5103182645622502287
Processing video: 5134749367588120522
Processing video: 5146258161124252727
Processing video: 5172231547180314349
Processing video: 5173709444596630576
Processing video: 5218949624445806415
Processing video: 5391892065246550398
Processing video: 5366409594815891602
Processing video: 5525084584552992937
total  1173319 subs 9168
Trial 527/1000, Params: dpd_0.0_dpg_2.0_ws_40_mg_2.0_sim_0.0, F1@0.50: 49.8
Processing video: 5085357672350628540
Processing video: 5085344787448740525
Processing video: 5086465773912997411
Processing video: 5090916219025116054
Processing video: 5092765202446045704
Processing video: 5097975856769557081
Processing video: 5103182645622502287
Processing video: 5099449889545545450
Processing video: 5134749367588120522
Processing video: 5172231547180314349
Processing video: 5146258161124252727
Processing video: 5173709444596630576
Processing video: 5218949624445806415
Processing video: 5366409594815891602
Processing video: 5391892065246550398
Processing video: 5525084584552992937
total  1173319 subs 9168
Trial 528/1000, Params: dpd_0.5_dpg_20.0_ws_30_mg_10.0_sim_0.0, F1@0.50: 46.46
Processing video: 5085344787448740525
Processing video: 5085357672350628540
Processing video: 5090916219025116054
Processing video: 5086465773912997411
Processing video: 5092765202446045704
Processing video: 5097975856769557081
Processing video: 5134749367588120522
Processing video: 5099449889545545450
Processing video: 5103182645622502287
Processing video: 5146258161124252727Processing video: 5172231547180314349

Processing video: 5173709444596630576
Processing video: 5218949624445806415
Processing video: 5366409594815891602
Processing video: 5391892065246550398
Processing video: 5525084584552992937
total  1173319 subs 9168
Trial 529/1000, Params: dpd_0.1_dpg_0.1_ws_30_mg_6.0_sim_100.0, F1@0.50: 39.53
Processing video: 5085344787448740525
Processing video: 5085357672350628540
Processing video: 5086465773912997411
Processing video: 5090916219025116054
Processing video: 5092765202446045704
Processing video: 5097975856769557081
Processing video: 5099449889545545450
Processing video: 5103182645622502287
Processing video: 5134749367588120522
Processing video: 5172231547180314349
Processing video: 5146258161124252727
Processing video: 5366409594815891602
Processing video: 5391892065246550398Processing video: 5173709444596630576

Processing video: 5525084584552992937Processing video: 5218949624445806415

total  1173319 subs 9168
Trial 530/1000, Params: dpd_0.0_dpg_0.8_ws_50_mg_4.0_sim_50.0, F1@0.50: 42.08
Processing video: 5085344787448740525
Processing video: 5085357672350628540
Processing video: 5086465773912997411
Processing video: 5090916219025116054
Processing video: 5092765202446045704
Processing video: 5097975856769557081
Processing video: 5099449889545545450
Processing video: 5103182645622502287
Processing video: 5134749367588120522
Processing video: 5146258161124252727
Processing video: 5172231547180314349
Processing video: 5173709444596630576
Processing video: 5218949624445806415
Processing video: 5366409594815891602
Processing video: 5391892065246550398
Processing video: 5525084584552992937
total  1173319 subs 9168
Trial 531/1000, Params: dpd_20.0_dpg_0.5_ws_30_mg_10.0_sim_0.5, F1@0.50: 42.88
Processing video: 5085344787448740525
Processing video: 5085357672350628540
Processing video: 5086465773912997411
Processing video: 5090916219025116054
Processing video: 5092765202446045704
Processing video: 5097975856769557081
Processing video: 5099449889545545450
Processing video: 5103182645622502287
Processing video: 5134749367588120522
Processing video: 5146258161124252727
Processing video: 5172231547180314349
Processing video: 5173709444596630576
Processing video: 5218949624445806415
Processing video: 5366409594815891602
Processing video: 5391892065246550398
Processing video: 5525084584552992937
total  1173319 subs 9168
Trial 532/1000, Params: dpd_0.0_dpg_1.0_ws_50_mg_6.0_sim_50.0, F1@0.50: 42.04
Processing video: 5085344787448740525
Processing video: 5085357672350628540
Processing video: 5086465773912997411
Processing video: 5090916219025116054
Processing video: 5092765202446045704
Processing video: 5097975856769557081
Processing video: 5099449889545545450
Processing video: 5103182645622502287
Processing video: 5134749367588120522
Processing video: 5146258161124252727
Processing video: 5172231547180314349
Processing video: 5173709444596630576
Processing video: 5218949624445806415
Processing video: 5366409594815891602
Processing video: 5391892065246550398
Processing video: 5525084584552992937
total  1173319 subs 9168
Trial 533/1000, Params: dpd_0.0_dpg_2.0_ws_20_mg_2.0_sim_10.0, F1@0.50: 52.66
Processing video: 5086465773912997411
Processing video: 5085357672350628540
Processing video: 5085344787448740525
Processing video: 5090916219025116054
Processing video: 5092765202446045704
Processing video: 5097975856769557081
Processing video: 5099449889545545450
Processing video: 5134749367588120522
Processing video: 5103182645622502287
Processing video: 5146258161124252727
Processing video: 5172231547180314349
Processing video: 5173709444596630576
Processing video: 5218949624445806415
Processing video: 5366409594815891602
Processing video: 5391892065246550398
Processing video: 5525084584552992937
total  1173319 subs 9168
Trial 534/1000, Params: dpd_5.0_dpg_1.0_ws_40_mg_10.0_sim_2.0, F1@0.50: 50.87
Processing video: 5085357672350628540
Processing video: 5085344787448740525
Processing video: 5086465773912997411
Processing video: 5090916219025116054
Processing video: 5092765202446045704
Processing video: 5099449889545545450
Processing video: 5097975856769557081
Processing video: 5103182645622502287
Processing video: 5134749367588120522
Processing video: 5146258161124252727
Processing video: 5173709444596630576
Processing video: 5218949624445806415
Processing video: 5366409594815891602
Processing video: 5391892065246550398
Processing video: 5525084584552992937
Processing video: 5172231547180314349
total  1173319 subs 9168
Trial 535/1000, Params: dpd_100.0_dpg_0.8_ws_50_mg_6.0_sim_2.0, F1@0.50: 31.86
Processing video: 5085344787448740525
Processing video: 5086465773912997411Processing video: 5090916219025116054Processing video: 5085357672350628540


Processing video: 5092765202446045704
Processing video: 5099449889545545450
Processing video: 5097975856769557081
Processing video: 5103182645622502287
Processing video: 5146258161124252727
Processing video: 5134749367588120522
Processing video: 5172231547180314349
Processing video: 5173709444596630576
Processing video: 5218949624445806415
Processing video: 5366409594815891602
Processing video: 5391892065246550398
Processing video: 5525084584552992937
total  1173319 subs 9168
Trial 536/1000, Params: dpd_0.1_dpg_0.1_ws_40_mg_2.0_sim_5.0, F1@0.50: 52.3
Processing video: 5085357672350628540
Processing video: 5086465773912997411
Processing video: 5085344787448740525
Processing video: 5090916219025116054
Processing video: 5092765202446045704
Processing video: 5097975856769557081
Processing video: 5103182645622502287
Processing video: 5099449889545545450
Processing video: 5134749367588120522
Processing video: 5146258161124252727
Processing video: 5172231547180314349
Processing video: 5173709444596630576
Processing video: 5218949624445806415
Processing video: 5391892065246550398
Processing video: 5366409594815891602
Processing video: 5525084584552992937
total  1173319 subs 9168
Trial 537/1000, Params: dpd_0.8_dpg_0.8_ws_50_mg_2.0_sim_0.0, F1@0.50: 50.37
Processing video: 5085344787448740525
Processing video: 5085357672350628540
Processing video: 5086465773912997411
Processing video: 5090916219025116054
Processing video: 5092765202446045704
Processing video: 5099449889545545450
Processing video: 5097975856769557081
Processing video: 5103182645622502287
Processing video: 5146258161124252727
Processing video: 5134749367588120522
Processing video: 5218949624445806415
Processing video: 5172231547180314349
Processing video: 5173709444596630576
Processing video: 5366409594815891602
Processing video: 5391892065246550398
Processing video: 5525084584552992937
total  1173319 subs 9168
Trial 538/1000, Params: dpd_0.5_dpg_100.0_ws_50_mg_2.0_sim_2.0, F1@0.50: 34.73
Processing video: 5085344787448740525
Processing video: 5086465773912997411Processing video: 5085357672350628540

Processing video: 5090916219025116054
Processing video: 5092765202446045704
Processing video: 5099449889545545450
Processing video: 5097975856769557081
Processing video: 5134749367588120522
Processing video: 5103182645622502287
Processing video: 5146258161124252727
Processing video: 5172231547180314349
Processing video: 5173709444596630576
Processing video: 5218949624445806415
Processing video: 5366409594815891602
Processing video: 5391892065246550398
Processing video: 5525084584552992937
total  1173319 subs 9168
Trial 539/1000, Params: dpd_1.0_dpg_1.0_ws_50_mg_4.0_sim_20.0, F1@0.50: 55.76
Processing video: 5085344787448740525
Processing video: 5085357672350628540
Processing video: 5086465773912997411
Processing video: 5090916219025116054
Processing video: 5092765202446045704
Processing video: 5099449889545545450
Processing video: 5097975856769557081
Processing video: 5103182645622502287
Processing video: 5146258161124252727
Processing video: 5134749367588120522
Processing video: 5173709444596630576
Processing video: 5218949624445806415
Processing video: 5172231547180314349
Processing video: 5366409594815891602
Processing video: 5391892065246550398
Processing video: 5525084584552992937
total  1173319 subs 9168
Trial 540/1000, Params: dpd_0.5_dpg_20.0_ws_40_mg_4.0_sim_0.5, F1@0.50: 47.7
Processing video: 5085344787448740525
Processing video: 5085357672350628540
Processing video: 5086465773912997411
Processing video: 5090916219025116054
Processing video: 5092765202446045704
Processing video: 5097975856769557081
Processing video: 5103182645622502287
Processing video: 5134749367588120522
Processing video: 5099449889545545450
Processing video: 5172231547180314349
Processing video: 5173709444596630576
Processing video: 5146258161124252727
Processing video: 5218949624445806415
Processing video: 5366409594815891602
Processing video: 5391892065246550398
Processing video: 5525084584552992937
total  1173319 subs 9168
Trial 541/1000, Params: dpd_20.0_dpg_0.5_ws_50_mg_8.0_sim_20.0, F1@0.50: 49.96
Processing video: 5085357672350628540
Processing video: 5085344787448740525
Processing video: 5086465773912997411
Processing video: 5090916219025116054
Processing video: 5092765202446045704Processing video: 5097975856769557081

Processing video: 5103182645622502287
Processing video: 5099449889545545450
Processing video: 5134749367588120522
Processing video: 5146258161124252727
Processing video: 5173709444596630576
Processing video: 5172231547180314349Processing video: 5218949624445806415

Processing video: 5366409594815891602
Processing video: 5391892065246550398
Processing video: 5525084584552992937
total  1173319 subs 9168
Trial 542/1000, Params: dpd_0.8_dpg_2.0_ws_30_mg_10.0_sim_1.0, F1@0.50: 51.2
Processing video: 5085344787448740525
Processing video: 5085357672350628540
Processing video: 5086465773912997411
Processing video: 5090916219025116054
Processing video: 5092765202446045704
Processing video: 5097975856769557081
Processing video: 5103182645622502287
Processing video: 5099449889545545450
Processing video: 5134749367588120522
Processing video: 5173709444596630576
Processing video: 5146258161124252727
Processing video: 5172231547180314349
Processing video: 5366409594815891602
Processing video: 5218949624445806415
Processing video: 5391892065246550398
Processing video: 5525084584552992937
total  1173319 subs 9168
Trial 543/1000, Params: dpd_1.0_dpg_10.0_ws_20_mg_8.0_sim_0.5, F1@0.50: 48.7
Processing video: 5085344787448740525
Processing video: 5085357672350628540
Processing video: 5086465773912997411
Processing video: 5090916219025116054
Processing video: 5092765202446045704
Processing video: 5097975856769557081
Processing video: 5099449889545545450
Processing video: 5103182645622502287
Processing video: 5134749367588120522
Processing video: 5172231547180314349
Processing video: 5146258161124252727
Processing video: 5173709444596630576Processing video: 5366409594815891602

Processing video: 5218949624445806415
Processing video: 5391892065246550398
Processing video: 5525084584552992937
total  1173319 subs 9168
Trial 544/1000, Params: dpd_2.0_dpg_10.0_ws_50_mg_10.0_sim_2.0, F1@0.50: 52.69
Processing video: 5085344787448740525
Processing video: 5085357672350628540
Processing video: 5086465773912997411
Processing video: 5090916219025116054
Processing video: 5092765202446045704
Processing video: 5097975856769557081
Processing video: 5099449889545545450
Processing video: 5103182645622502287
Processing video: 5134749367588120522
Processing video: 5146258161124252727
Processing video: 5172231547180314349
Processing video: 5173709444596630576
Processing video: 5218949624445806415
Processing video: 5366409594815891602
Processing video: 5391892065246550398
Processing video: 5525084584552992937
total  1173319 subs 9168
Trial 545/1000, Params: dpd_0.0_dpg_0.5_ws_20_mg_10.0_sim_2.0, F1@0.50: 49.33
Processing video: 5085357672350628540
Processing video: 5085344787448740525
Processing video: 5086465773912997411Processing video: 5090916219025116054

Processing video: 5092765202446045704Processing video: 5097975856769557081

Processing video: 5099449889545545450
Processing video: 5146258161124252727Processing video: 5134749367588120522

Processing video: 5103182645622502287
Processing video: 5218949624445806415
Processing video: 5173709444596630576
Processing video: 5172231547180314349
Processing video: 5391892065246550398
Processing video: 5525084584552992937
Processing video: 5366409594815891602
total  1173319 subs 9168
Trial 546/1000, Params: dpd_0.8_dpg_100.0_ws_40_mg_10.0_sim_100.0, F1@0.50: 43.87
Processing video: 5085344787448740525
Processing video: 5085357672350628540
Processing video: 5086465773912997411
Processing video: 5090916219025116054
Processing video: 5092765202446045704
Processing video: 5097975856769557081
Processing video: 5099449889545545450
Processing video: 5103182645622502287
Processing video: 5134749367588120522
Processing video: 5146258161124252727
Processing video: 5172231547180314349Processing video: 5218949624445806415

Processing video: 5173709444596630576
Processing video: 5366409594815891602
Processing video: 5391892065246550398
Processing video: 5525084584552992937
total  1173319 subs 9168
Trial 547/1000, Params: dpd_0.0_dpg_10.0_ws_30_mg_2.0_sim_5.0, F1@0.50: 51.31
Processing video: 5085344787448740525
Processing video: 5085357672350628540
Processing video: 5086465773912997411
Processing video: 5090916219025116054
Processing video: 5092765202446045704
Processing video: 5097975856769557081
Processing video: 5134749367588120522
Processing video: 5099449889545545450
Processing video: 5103182645622502287
Processing video: 5146258161124252727
Processing video: 5172231547180314349
Processing video: 5173709444596630576
Processing video: 5218949624445806415
Processing video: 5366409594815891602
Processing video: 5525084584552992937
Processing video: 5391892065246550398
total  1173319 subs 9168
Trial 548/1000, Params: dpd_1.0_dpg_0.8_ws_50_mg_4.0_sim_10.0, F1@0.50: 55.66
Processing video: 5085344787448740525
Processing video: 5085357672350628540
Processing video: 5086465773912997411
Processing video: 5090916219025116054
Processing video: 5092765202446045704
Processing video: 5097975856769557081
Processing video: 5099449889545545450
Processing video: 5103182645622502287
Processing video: 5134749367588120522
Processing video: 5172231547180314349
Processing video: 5218949624445806415
Processing video: 5173709444596630576
Processing video: 5366409594815891602
Processing video: 5391892065246550398
Processing video: 5525084584552992937
Processing video: 5146258161124252727
total  1173319 subs 9168
Trial 549/1000, Params: dpd_100.0_dpg_1.0_ws_40_mg_6.0_sim_2.0, F1@0.50: 32.45
Processing video: 5085344787448740525
Processing video: 5085357672350628540
Processing video: 5086465773912997411
Processing video: 5090916219025116054
Processing video: 5092765202446045704
Processing video: 5099449889545545450
Processing video: 5097975856769557081
Processing video: 5103182645622502287
Processing video: 5172231547180314349
Processing video: 5134749367588120522
Processing video: 5146258161124252727
Processing video: 5173709444596630576
Processing video: 5366409594815891602
Processing video: 5218949624445806415
Processing video: 5391892065246550398
Processing video: 5525084584552992937
total  1173319 subs 9168
Trial 550/1000, Params: dpd_5.0_dpg_0.8_ws_30_mg_2.0_sim_100.0, F1@0.50: 50.97
Processing video: 5085344787448740525
Processing video: 5085357672350628540
Processing video: 5086465773912997411
Processing video: 5092765202446045704
Processing video: 5090916219025116054
Processing video: 5099449889545545450
Processing video: 5097975856769557081
Processing video: 5103182645622502287
Processing video: 5134749367588120522Processing video: 5146258161124252727

Processing video: 5173709444596630576
Processing video: 5172231547180314349
Processing video: 5218949624445806415
Processing video: 5525084584552992937
Processing video: 5366409594815891602
Processing video: 5391892065246550398
total  1173319 subs 9168
Trial 551/1000, Params: dpd_0.8_dpg_0.1_ws_40_mg_8.0_sim_1.0, F1@0.50: 50.5
Processing video: 5085344787448740525
Processing video: 5085357672350628540
Processing video: 5086465773912997411
Processing video: 5090916219025116054
Processing video: 5092765202446045704
Processing video: 5097975856769557081
Processing video: 5099449889545545450
Processing video: 5146258161124252727
Processing video: 5103182645622502287
Processing video: 5134749367588120522
Processing video: 5172231547180314349
Processing video: 5173709444596630576
Processing video: 5391892065246550398
Processing video: 5366409594815891602
Processing video: 5218949624445806415
Processing video: 5525084584552992937
total  1173319 subs 9168
Trial 552/1000, Params: dpd_5.0_dpg_0.5_ws_20_mg_10.0_sim_2.0, F1@0.50: 48.92
Processing video: 5085357672350628540
Processing video: 5085344787448740525
Processing video: 5090916219025116054
Processing video: 5086465773912997411Processing video: 5092765202446045704

Processing video: 5097975856769557081
Processing video: 5099449889545545450
Processing video: 5103182645622502287
Processing video: 5134749367588120522
Processing video: 5172231547180314349
Processing video: 5146258161124252727
Processing video: 5173709444596630576
Processing video: 5391892065246550398
Processing video: 5525084584552992937
Processing video: 5218949624445806415
Processing video: 5366409594815891602
total  1173319 subs 9168
Trial 553/1000, Params: dpd_0.0_dpg_0.1_ws_30_mg_10.0_sim_0.5, F1@0.50: 49.51
Processing video: 5085344787448740525
Processing video: 5085357672350628540Processing video: 5090916219025116054
Processing video: 5092765202446045704

Processing video: 5099449889545545450
Processing video: 5097975856769557081
Processing video: 5103182645622502287
Processing video: 5086465773912997411
Processing video: 5134749367588120522
Processing video: 5146258161124252727
Processing video: 5172231547180314349
Processing video: 5218949624445806415
Processing video: 5173709444596630576
Processing video: 5366409594815891602
Processing video: 5525084584552992937
Processing video: 5391892065246550398
total  1173319 subs 9168
Trial 554/1000, Params: dpd_2.0_dpg_0.1_ws_50_mg_10.0_sim_1.0, F1@0.50: 50.79
Processing video: 5085344787448740525
Processing video: 5085357672350628540
Processing video: 5086465773912997411
Processing video: 5090916219025116054
Processing video: 5092765202446045704
Processing video: 5097975856769557081
Processing video: 5099449889545545450
Processing video: 5103182645622502287
Processing video: 5134749367588120522
Processing video: 5172231547180314349
Processing video: 5146258161124252727
Processing video: 5173709444596630576
Processing video: 5218949624445806415
Processing video: 5391892065246550398
Processing video: 5366409594815891602
Processing video: 5525084584552992937
total  1173319 subs 9168
Trial 555/1000, Params: dpd_20.0_dpg_0.5_ws_50_mg_4.0_sim_2.0, F1@0.50: 45.06
Processing video: 5085344787448740525
Processing video: 5085357672350628540Processing video: 5086465773912997411

Processing video: 5092765202446045704
Processing video: 5090916219025116054
Processing video: 5097975856769557081
Processing video: 5103182645622502287
Processing video: 5099449889545545450
Processing video: 5134749367588120522
Processing video: 5146258161124252727
Processing video: 5172231547180314349
Processing video: 5218949624445806415
Processing video: 5173709444596630576
Processing video: 5391892065246550398
Processing video: 5525084584552992937
Processing video: 5366409594815891602
total  1173319 subs 9168
Trial 556/1000, Params: dpd_10.0_dpg_1.0_ws_40_mg_8.0_sim_100.0, F1@0.50: 54.15
Processing video: 5085344787448740525
Processing video: 5085357672350628540
Processing video: 5086465773912997411
Processing video: 5090916219025116054
Processing video: 5092765202446045704
Processing video: 5099449889545545450
Processing video: 5097975856769557081
Processing video: 5103182645622502287
Processing video: 5134749367588120522
Processing video: 5146258161124252727
Processing video: 5172231547180314349
Processing video: 5173709444596630576
Processing video: 5218949624445806415
Processing video: 5366409594815891602
Processing video: 5391892065246550398
Processing video: 5525084584552992937
total  1173319 subs 9168
Trial 557/1000, Params: dpd_5.0_dpg_10.0_ws_30_mg_6.0_sim_50.0, F1@0.50: 57.37
Processing video: 5085344787448740525
Processing video: 5085357672350628540
Processing video: 5086465773912997411
Processing video: 5090916219025116054
Processing video: 5092765202446045704
Processing video: 5097975856769557081
Processing video: 5099449889545545450
Processing video: 5103182645622502287
Processing video: 5146258161124252727
Processing video: 5134749367588120522
Processing video: 5172231547180314349
Processing video: 5173709444596630576
Processing video: 5218949624445806415
Processing video: 5366409594815891602
Processing video: 5391892065246550398
Processing video: 5525084584552992937
total  1173319 subs 9168
Trial 558/1000, Params: dpd_0.8_dpg_100.0_ws_40_mg_8.0_sim_5.0, F1@0.50: 38.46
Processing video: 5085344787448740525
Processing video: 5085357672350628540
Processing video: 5086465773912997411
Processing video: 5090916219025116054
Processing video: 5092765202446045704
Processing video: 5099449889545545450
Processing video: 5097975856769557081
Processing video: 5103182645622502287
Processing video: 5146258161124252727
Processing video: 5134749367588120522
Processing video: 5173709444596630576
Processing video: 5218949624445806415
Processing video: 5172231547180314349
Processing video: 5366409594815891602
Processing video: 5525084584552992937
Processing video: 5391892065246550398
total  1173319 subs 9168
Trial 559/1000, Params: dpd_10.0_dpg_10.0_ws_40_mg_4.0_sim_10.0, F1@0.50: 54.54
Processing video: 5085344787448740525
Processing video: 5085357672350628540
Processing video: 5086465773912997411
Processing video: 5090916219025116054
Processing video: 5092765202446045704
Processing video: 5097975856769557081
Processing video: 5099449889545545450
Processing video: 5134749367588120522
Processing video: 5103182645622502287
Processing video: 5146258161124252727
Processing video: 5172231547180314349
Processing video: 5173709444596630576
Processing video: 5218949624445806415
Processing video: 5366409594815891602
Processing video: 5391892065246550398
Processing video: 5525084584552992937
total  1173319 subs 9168
Trial 560/1000, Params: dpd_0.0_dpg_20.0_ws_50_mg_10.0_sim_20.0, F1@0.50: 49.84
Processing video: 5085344787448740525
Processing video: 5085357672350628540
Processing video: 5090916219025116054
Processing video: 5086465773912997411
Processing video: 5092765202446045704
Processing video: 5097975856769557081
Processing video: 5103182645622502287
Processing video: 5099449889545545450
Processing video: 5146258161124252727
Processing video: 5172231547180314349
Processing video: 5134749367588120522
Processing video: 5173709444596630576
Processing video: 5218949624445806415
Processing video: 5366409594815891602
Processing video: 5391892065246550398
Processing video: 5525084584552992937
total  1173319 subs 9168
Trial 561/1000, Params: dpd_2.0_dpg_20.0_ws_30_mg_8.0_sim_1.0, F1@0.50: 50.19
Processing video: 5085344787448740525
Processing video: 5085357672350628540
Processing video: 5090916219025116054
Processing video: 5086465773912997411Processing video: 5092765202446045704

Processing video: 5099449889545545450
Processing video: 5097975856769557081
Processing video: 5103182645622502287
Processing video: 5146258161124252727
Processing video: 5172231547180314349Processing video: 5134749367588120522

Processing video: 5173709444596630576
Processing video: 5218949624445806415
Processing video: 5366409594815891602
Processing video: 5525084584552992937
Processing video: 5391892065246550398
total  1173319 subs 9168
Trial 562/1000, Params: dpd_5.0_dpg_0.0_ws_40_mg_8.0_sim_10.0, F1@0.50: 53.87
Processing video: 5085344787448740525
Processing video: 5085357672350628540
Processing video: 5086465773912997411
Processing video: 5090916219025116054
Processing video: 5092765202446045704
Processing video: 5099449889545545450
Processing video: 5097975856769557081
Processing video: 5103182645622502287
Processing video: 5134749367588120522
Processing video: 5172231547180314349
Processing video: 5146258161124252727
Processing video: 5173709444596630576
Processing video: 5218949624445806415
Processing video: 5391892065246550398
Processing video: 5366409594815891602
Processing video: 5525084584552992937
total  1173319 subs 9168
Trial 563/1000, Params: dpd_0.0_dpg_0.8_ws_20_mg_8.0_sim_2.0, F1@0.50: 49.54
Processing video: 5085344787448740525
Processing video: 5086465773912997411
Processing video: 5085357672350628540
Processing video: 5090916219025116054
Processing video: 5092765202446045704
Processing video: 5097975856769557081
Processing video: 5099449889545545450
Processing video: 5103182645622502287
Processing video: 5134749367588120522
Processing video: 5146258161124252727
Processing video: 5173709444596630576
Processing video: 5218949624445806415
Processing video: 5172231547180314349
Processing video: 5366409594815891602
Processing video: 5391892065246550398
Processing video: 5525084584552992937
total  1173319 subs 9168
Trial 564/1000, Params: dpd_100.0_dpg_0.5_ws_30_mg_10.0_sim_20.0, F1@0.50: 38.57
Processing video: 5085344787448740525
Processing video: 5086465773912997411
Processing video: 5085357672350628540
Processing video: 5090916219025116054
Processing video: 5092765202446045704
Processing video: 5097975856769557081
Processing video: 5103182645622502287
Processing video: 5099449889545545450
Processing video: 5146258161124252727
Processing video: 5134749367588120522
Processing video: 5172231547180314349
Processing video: 5173709444596630576
Processing video: 5218949624445806415
Processing video: 5366409594815891602
Processing video: 5391892065246550398
Processing video: 5525084584552992937
total  1173319 subs 9168
Trial 565/1000, Params: dpd_0.1_dpg_20.0_ws_50_mg_6.0_sim_50.0, F1@0.50: 46.9
Processing video: 5085357672350628540
Processing video: 5085344787448740525Processing video: 5086465773912997411

Processing video: 5090916219025116054
Processing video: 5092765202446045704
Processing video: 5097975856769557081
Processing video: 5099449889545545450
Processing video: 5134749367588120522
Processing video: 5103182645622502287
Processing video: 5146258161124252727
Processing video: 5172231547180314349
Processing video: 5173709444596630576
Processing video: 5218949624445806415
Processing video: 5366409594815891602
Processing video: 5391892065246550398
Processing video: 5525084584552992937
total  1173319 subs 9168
Trial 566/1000, Params: dpd_1.0_dpg_100.0_ws_20_mg_4.0_sim_0.0, F1@0.50: 33.07
Processing video: 5085344787448740525
Processing video: 5085357672350628540
Processing video: 5086465773912997411
Processing video: 5092765202446045704
Processing video: 5090916219025116054
Processing video: 5097975856769557081
Processing video: 5099449889545545450Processing video: 5103182645622502287

Processing video: 5134749367588120522
Processing video: 5146258161124252727
Processing video: 5172231547180314349
Processing video: 5173709444596630576
Processing video: 5218949624445806415
Processing video: 5391892065246550398
Processing video: 5366409594815891602
Processing video: 5525084584552992937
total  1173319 subs 9168
Trial 567/1000, Params: dpd_5.0_dpg_100.0_ws_30_mg_10.0_sim_10.0, F1@0.50: 47.0
Processing video: 5085357672350628540
Processing video: 5085344787448740525
Processing video: 5086465773912997411
Processing video: 5092765202446045704
Processing video: 5090916219025116054
Processing video: 5097975856769557081
Processing video: 5103182645622502287
Processing video: 5099449889545545450
Processing video: 5146258161124252727
Processing video: 5134749367588120522
Processing video: 5172231547180314349Processing video: 5218949624445806415

Processing video: 5173709444596630576
Processing video: 5366409594815891602
Processing video: 5391892065246550398
Processing video: 5525084584552992937
total  1173319 subs 9168
Trial 568/1000, Params: dpd_20.0_dpg_5.0_ws_40_mg_10.0_sim_0.5, F1@0.50: 44.62
Processing video: 5085344787448740525
Processing video: 5085357672350628540
Processing video: 5090916219025116054
Processing video: 5086465773912997411
Processing video: 5092765202446045704
Processing video: 5097975856769557081
Processing video: 5099449889545545450
Processing video: 5103182645622502287
Processing video: 5146258161124252727
Processing video: 5134749367588120522
Processing video: 5172231547180314349
Processing video: 5173709444596630576
Processing video: 5366409594815891602
Processing video: 5218949624445806415
Processing video: 5525084584552992937
Processing video: 5391892065246550398
total  1173319 subs 9168
Trial 569/1000, Params: dpd_0.0_dpg_10.0_ws_50_mg_4.0_sim_0.0, F1@0.50: 48.11
Processing video: 5085344787448740525
Processing video: 5085357672350628540
Processing video: 5086465773912997411
Processing video: 5090916219025116054
Processing video: 5092765202446045704
Processing video: 5097975856769557081
Processing video: 5099449889545545450
Processing video: 5134749367588120522
Processing video: 5103182645622502287
Processing video: 5146258161124252727
Processing video: 5172231547180314349
Processing video: 5218949624445806415
Processing video: 5173709444596630576
Processing video: 5366409594815891602Processing video: 5391892065246550398

Processing video: 5525084584552992937
total  1173319 subs 9168
Trial 570/1000, Params: dpd_5.0_dpg_2.0_ws_40_mg_10.0_sim_20.0, F1@0.50: 57.45
Processing video: 5085344787448740525
Processing video: 5085357672350628540
Processing video: 5086465773912997411
Processing video: 5090916219025116054
Processing video: 5092765202446045704
Processing video: 5099449889545545450
Processing video: 5097975856769557081
Processing video: 5103182645622502287
Processing video: 5134749367588120522
Processing video: 5173709444596630576
Processing video: 5146258161124252727Processing video: 5172231547180314349

Processing video: 5218949624445806415
Processing video: 5366409594815891602
Processing video: 5391892065246550398
Processing video: 5525084584552992937
total  1173319 subs 9168
Trial 571/1000, Params: dpd_0.1_dpg_0.8_ws_20_mg_6.0_sim_5.0, F1@0.50: 50.89
Processing video: 5085344787448740525
Processing video: 5085357672350628540Processing video: 5086465773912997411

Processing video: 5090916219025116054
Processing video: 5092765202446045704
Processing video: 5099449889545545450
Processing video: 5097975856769557081
Processing video: 5103182645622502287
Processing video: 5134749367588120522
Processing video: 5172231547180314349
Processing video: 5146258161124252727
Processing video: 5173709444596630576
Processing video: 5218949624445806415
Processing video: 5366409594815891602
Processing video: 5391892065246550398
Processing video: 5525084584552992937
total  1173319 subs 9168
Trial 572/1000, Params: dpd_10.0_dpg_10.0_ws_40_mg_4.0_sim_50.0, F1@0.50: 58.14
Processing video: 5085357672350628540
Processing video: 5085344787448740525
Processing video: 5086465773912997411
Processing video: 5090916219025116054
Processing video: 5092765202446045704
Processing video: 5097975856769557081
Processing video: 5099449889545545450
Processing video: 5103182645622502287
Processing video: 5134749367588120522
Processing video: 5146258161124252727
Processing video: 5172231547180314349
Processing video: 5218949624445806415
Processing video: 5173709444596630576
Processing video: 5366409594815891602
Processing video: 5391892065246550398
Processing video: 5525084584552992937
total  1173319 subs 9168
Trial 573/1000, Params: dpd_0.1_dpg_0.5_ws_30_mg_2.0_sim_5.0, F1@0.50: 52.41
Processing video: 5086465773912997411
Processing video: 5085357672350628540Processing video: 5085344787448740525

Processing video: 5090916219025116054
Processing video: 5092765202446045704
Processing video: 5097975856769557081
Processing video: 5099449889545545450
Processing video: 5103182645622502287
Processing video: 5146258161124252727
Processing video: 5134749367588120522
Processing video: 5173709444596630576
Processing video: 5172231547180314349
Processing video: 5218949624445806415
Processing video: 5366409594815891602
Processing video: 5525084584552992937
Processing video: 5391892065246550398
total  1173319 subs 9168
Trial 574/1000, Params: dpd_100.0_dpg_0.5_ws_30_mg_8.0_sim_100.0, F1@0.50: 46.3
Processing video: 5085344787448740525
Processing video: 5085357672350628540
Processing video: 5086465773912997411
Processing video: 5090916219025116054
Processing video: 5092765202446045704
Processing video: 5097975856769557081
Processing video: 5103182645622502287
Processing video: 5099449889545545450
Processing video: 5134749367588120522
Processing video: 5146258161124252727
Processing video: 5172231547180314349
Processing video: 5173709444596630576
Processing video: 5218949624445806415
Processing video: 5366409594815891602
Processing video: 5525084584552992937
Processing video: 5391892065246550398
total  1173319 subs 9168
Trial 575/1000, Params: dpd_2.0_dpg_1.0_ws_50_mg_10.0_sim_20.0, F1@0.50: 57.33
Processing video: 5085344787448740525
Processing video: 5085357672350628540
Processing video: 5086465773912997411
Processing video: 5090916219025116054
Processing video: 5092765202446045704
Processing video: 5099449889545545450
Processing video: 5097975856769557081
Processing video: 5103182645622502287
Processing video: 5146258161124252727
Processing video: 5134749367588120522
Processing video: 5172231547180314349
Processing video: 5173709444596630576
Processing video: 5218949624445806415
Processing video: 5366409594815891602
Processing video: 5391892065246550398
Processing video: 5525084584552992937
total  1173319 subs 9168
Trial 576/1000, Params: dpd_10.0_dpg_100.0_ws_40_mg_8.0_sim_10.0, F1@0.50: 48.75
Processing video: 5085344787448740525
Processing video: 5085357672350628540
Processing video: 5086465773912997411
Processing video: 5090916219025116054
Processing video: 5092765202446045704
Processing video: 5097975856769557081
Processing video: 5099449889545545450
Processing video: 5134749367588120522
Processing video: 5103182645622502287
Processing video: 5146258161124252727
Processing video: 5172231547180314349
Processing video: 5218949624445806415
Processing video: 5173709444596630576
Processing video: 5366409594815891602
Processing video: 5391892065246550398
Processing video: 5525084584552992937
total  1173319 subs 9168
Trial 577/1000, Params: dpd_20.0_dpg_0.5_ws_20_mg_10.0_sim_50.0, F1@0.50: 52.26
Processing video: 5085344787448740525Processing video: 5085357672350628540

Processing video: 5086465773912997411
Processing video: 5090916219025116054
Processing video: 5092765202446045704
Processing video: 5097975856769557081
Processing video: 5099449889545545450
Processing video: 5134749367588120522
Processing video: 5103182645622502287
Processing video: 5172231547180314349
Processing video: 5173709444596630576
Processing video: 5146258161124252727
Processing video: 5218949624445806415
Processing video: 5366409594815891602
Processing video: 5525084584552992937
Processing video: 5391892065246550398
total  1173319 subs 9168
Trial 578/1000, Params: dpd_0.8_dpg_1.0_ws_40_mg_8.0_sim_30.0, F1@0.50: 52.27
Processing video: 5085344787448740525
Processing video: 5085357672350628540
Processing video: 5090916219025116054
Processing video: 5086465773912997411
Processing video: 5092765202446045704
Processing video: 5099449889545545450
Processing video: 5097975856769557081
Processing video: 5103182645622502287
Processing video: 5134749367588120522
Processing video: 5173709444596630576
Processing video: 5146258161124252727
Processing video: 5172231547180314349
Processing video: 5218949624445806415
Processing video: 5525084584552992937
Processing video: 5391892065246550398
Processing video: 5366409594815891602
total  1173319 subs 9168
Trial 579/1000, Params: dpd_5.0_dpg_1.0_ws_50_mg_8.0_sim_1.0, F1@0.50: 50.53
Processing video: 5085344787448740525
Processing video: 5085357672350628540
Processing video: 5086465773912997411
Processing video: 5090916219025116054
Processing video: 5092765202446045704
Processing video: 5099449889545545450
Processing video: 5103182645622502287
Processing video: 5097975856769557081
Processing video: 5146258161124252727
Processing video: 5172231547180314349
Processing video: 5173709444596630576Processing video: 5366409594815891602

Processing video: 5218949624445806415
Processing video: 5525084584552992937
Processing video: 5391892065246550398
Processing video: 5134749367588120522
total  1173319 subs 9168
Trial 580/1000, Params: dpd_1.0_dpg_0.8_ws_50_mg_2.0_sim_2.0, F1@0.50: 51.8
Processing video: 5085344787448740525
Processing video: 5090916219025116054Processing video: 5086465773912997411

Processing video: 5085357672350628540
Processing video: 5092765202446045704
Processing video: 5099449889545545450
Processing video: 5097975856769557081
Processing video: 5103182645622502287
Processing video: 5134749367588120522
Processing video: 5172231547180314349
Processing video: 5146258161124252727
Processing video: 5173709444596630576
Processing video: 5218949624445806415
Processing video: 5366409594815891602Processing video: 5391892065246550398

Processing video: 5525084584552992937
total  1173319 subs 9168
Trial 581/1000, Params: dpd_100.0_dpg_0.1_ws_30_mg_10.0_sim_10.0, F1@0.50: 36.33
Processing video: 5085344787448740525
Processing video: 5086465773912997411
Processing video: 5085357672350628540
Processing video: 5090916219025116054
Processing video: 5092765202446045704
Processing video: 5103182645622502287Processing video: 5097975856769557081

Processing video: 5099449889545545450
Processing video: 5146258161124252727
Processing video: 5134749367588120522
Processing video: 5173709444596630576
Processing video: 5218949624445806415
Processing video: 5366409594815891602
Processing video: 5172231547180314349
Processing video: 5391892065246550398
Processing video: 5525084584552992937
total  1173319 subs 9168
Trial 582/1000, Params: dpd_2.0_dpg_10.0_ws_50_mg_2.0_sim_100.0, F1@0.50: 46.05
Processing video: 5085357672350628540
Processing video: 5090916219025116054
Processing video: 5085344787448740525Processing video: 5086465773912997411

Processing video: 5092765202446045704
Processing video: 5097975856769557081
Processing video: 5103182645622502287
Processing video: 5099449889545545450
Processing video: 5146258161124252727
Processing video: 5134749367588120522
Processing video: 5172231547180314349
Processing video: 5173709444596630576
Processing video: 5218949624445806415
Processing video: 5366409594815891602
Processing video: 5525084584552992937
Processing video: 5391892065246550398
total  1173319 subs 9168
Trial 583/1000, Params: dpd_0.1_dpg_1.0_ws_50_mg_2.0_sim_2.0, F1@0.50: 51.56
Processing video: 5085344787448740525
Processing video: 5085357672350628540
Processing video: 5086465773912997411
Processing video: 5090916219025116054
Processing video: 5092765202446045704
Processing video: 5097975856769557081
Processing video: 5099449889545545450
Processing video: 5103182645622502287
Processing video: 5134749367588120522
Processing video: 5146258161124252727
Processing video: 5172231547180314349
Processing video: 5173709444596630576
Processing video: 5218949624445806415
Processing video: 5366409594815891602
Processing video: 5391892065246550398
Processing video: 5525084584552992937
total  1173319 subs 9168
Trial 584/1000, Params: dpd_100.0_dpg_2.0_ws_40_mg_6.0_sim_5.0, F1@0.50: 33.71
Processing video: 5085344787448740525
Processing video: 5085357672350628540
Processing video: 5086465773912997411
Processing video: 5090916219025116054
Processing video: 5092765202446045704
Processing video: 5097975856769557081
Processing video: 5103182645622502287Processing video: 5099449889545545450

Processing video: 5134749367588120522
Processing video: 5173709444596630576
Processing video: 5146258161124252727
Processing video: 5172231547180314349
Processing video: 5218949624445806415
Processing video: 5391892065246550398
Processing video: 5366409594815891602
Processing video: 5525084584552992937
total  1173319 subs 9168
Trial 585/1000, Params: dpd_0.0_dpg_0.8_ws_20_mg_2.0_sim_20.0, F1@0.50: 51.79
Processing video: 5085357672350628540
Processing video: 5085344787448740525
Processing video: 5086465773912997411
Processing video: 5090916219025116054
Processing video: 5092765202446045704
Processing video: 5097975856769557081
Processing video: 5103182645622502287
Processing video: 5099449889545545450
Processing video: 5134749367588120522
Processing video: 5146258161124252727
Processing video: 5173709444596630576
Processing video: 5218949624445806415
Processing video: 5172231547180314349
Processing video: 5391892065246550398Processing video: 5366409594815891602

Processing video: 5525084584552992937
total  1173319 subs 9168
Trial 586/1000, Params: dpd_5.0_dpg_1.0_ws_40_mg_4.0_sim_50.0, F1@0.50: 56.27
Processing video: 5085344787448740525Processing video: 5086465773912997411

Processing video: 5085357672350628540
Processing video: 5092765202446045704
Processing video: 5097975856769557081
Processing video: 5103182645622502287
Processing video: 5099449889545545450
Processing video: 5134749367588120522
Processing video: 5146258161124252727
Processing video: 5173709444596630576
Processing video: 5172231547180314349
Processing video: 5090916219025116054
Processing video: 5218949624445806415
Processing video: 5391892065246550398
Processing video: 5366409594815891602
Processing video: 5525084584552992937
total  1173319 subs 9168
Trial 587/1000, Params: dpd_100.0_dpg_5.0_ws_40_mg_6.0_sim_100.0, F1@0.50: 46.18
Processing video: 5085344787448740525
Processing video: 5086465773912997411
Processing video: 5085357672350628540
Processing video: 5090916219025116054
Processing video: 5092765202446045704
Processing video: 5099449889545545450
Processing video: 5097975856769557081
Processing video: 5103182645622502287
Processing video: 5134749367588120522
Processing video: 5146258161124252727
Processing video: 5172231547180314349
Processing video: 5173709444596630576
Processing video: 5218949624445806415
Processing video: 5366409594815891602
Processing video: 5391892065246550398
Processing video: 5525084584552992937
total  1173319 subs 9168
Trial 588/1000, Params: dpd_2.0_dpg_1.0_ws_30_mg_2.0_sim_5.0, F1@0.50: 53.12
Processing video: 5085344787448740525
Processing video: 5085357672350628540
Processing video: 5086465773912997411
Processing video: 5090916219025116054
Processing video: 5092765202446045704
Processing video: 5097975856769557081
Processing video: 5099449889545545450
Processing video: 5103182645622502287
Processing video: 5172231547180314349
Processing video: 5146258161124252727Processing video: 5134749367588120522

Processing video: 5173709444596630576
Processing video: 5218949624445806415
Processing video: 5366409594815891602
Processing video: 5525084584552992937
Processing video: 5391892065246550398
total  1173319 subs 9168
Trial 589/1000, Params: dpd_1.0_dpg_0.8_ws_50_mg_6.0_sim_0.0, F1@0.50: 50.53
Processing video: 5085344787448740525
Processing video: 5085357672350628540
Processing video: 5086465773912997411
Processing video: 5090916219025116054
Processing video: 5092765202446045704
Processing video: 5097975856769557081
Processing video: 5099449889545545450
Processing video: 5103182645622502287
Processing video: 5146258161124252727
Processing video: 5134749367588120522
Processing video: 5172231547180314349
Processing video: 5218949624445806415
Processing video: 5173709444596630576
Processing video: 5366409594815891602Processing video: 5525084584552992937

Processing video: 5391892065246550398
total  1173319 subs 9168
Trial 590/1000, Params: dpd_5.0_dpg_1.0_ws_20_mg_6.0_sim_30.0, F1@0.50: 55.66
Processing video: 5085344787448740525
Processing video: 5085357672350628540
Processing video: 5086465773912997411
Processing video: 5090916219025116054
Processing video: 5092765202446045704
Processing video: 5097975856769557081
Processing video: 5099449889545545450
Processing video: 5103182645622502287
Processing video: 5146258161124252727
Processing video: 5134749367588120522
Processing video: 5172231547180314349
Processing video: 5173709444596630576
Processing video: 5218949624445806415
Processing video: 5366409594815891602
Processing video: 5391892065246550398
Processing video: 5525084584552992937
total  1173319 subs 9168
Trial 591/1000, Params: dpd_0.8_dpg_5.0_ws_40_mg_4.0_sim_2.0, F1@0.50: 51.85
Processing video: 5085344787448740525
Processing video: 5085357672350628540Processing video: 5086465773912997411

Processing video: 5090916219025116054
Processing video: 5092765202446045704Processing video: 5099449889545545450

Processing video: 5097975856769557081
Processing video: 5134749367588120522
Processing video: 5103182645622502287
Processing video: 5172231547180314349
Processing video: 5146258161124252727
Processing video: 5366409594815891602
Processing video: 5173709444596630576
Processing video: 5218949624445806415
Processing video: 5391892065246550398
Processing video: 5525084584552992937
total  1173319 subs 9168
Trial 592/1000, Params: dpd_10.0_dpg_10.0_ws_50_mg_10.0_sim_100.0, F1@0.50: 54.85
Processing video: 5086465773912997411
Processing video: 5085357672350628540
Processing video: 5085344787448740525
Processing video: 5090916219025116054
Processing video: 5092765202446045704
Processing video: 5097975856769557081
Processing video: 5103182645622502287
Processing video: 5099449889545545450
Processing video: 5134749367588120522
Processing video: 5172231547180314349
Processing video: 5146258161124252727
Processing video: 5173709444596630576
Processing video: 5218949624445806415
Processing video: 5366409594815891602
Processing video: 5391892065246550398
Processing video: 5525084584552992937
total  1173319 subs 9168
Trial 593/1000, Params: dpd_20.0_dpg_1.0_ws_40_mg_8.0_sim_5.0, F1@0.50: 45.88
Processing video: 5085357672350628540
Processing video: 5085344787448740525
Processing video: 5090916219025116054
Processing video: 5086465773912997411
Processing video: 5092765202446045704
Processing video: 5097975856769557081
Processing video: 5099449889545545450
Processing video: 5134749367588120522Processing video: 5146258161124252727

Processing video: 5103182645622502287
Processing video: 5172231547180314349
Processing video: 5173709444596630576
Processing video: 5366409594815891602
Processing video: 5218949624445806415
Processing video: 5391892065246550398
Processing video: 5525084584552992937
total  1173319 subs 9168
Trial 594/1000, Params: dpd_10.0_dpg_0.0_ws_20_mg_10.0_sim_5.0, F1@0.50: 48.46
Processing video: 5085344787448740525
Processing video: 5085357672350628540Processing video: 5086465773912997411

Processing video: 5090916219025116054
Processing video: 5092765202446045704
Processing video: 5099449889545545450
Processing video: 5097975856769557081
Processing video: 5103182645622502287
Processing video: 5146258161124252727
Processing video: 5134749367588120522
Processing video: 5172231547180314349
Processing video: 5173709444596630576
Processing video: 5366409594815891602
Processing video: 5218949624445806415
Processing video: 5391892065246550398
Processing video: 5525084584552992937
total  1173319 subs 9168
Trial 595/1000, Params: dpd_10.0_dpg_5.0_ws_30_mg_10.0_sim_20.0, F1@0.50: 55.48
Processing video: 5085344787448740525
Processing video: 5085357672350628540
Processing video: 5086465773912997411
Processing video: 5090916219025116054
Processing video: 5092765202446045704
Processing video: 5099449889545545450
Processing video: 5097975856769557081
Processing video: 5103182645622502287
Processing video: 5134749367588120522
Processing video: 5146258161124252727
Processing video: 5172231547180314349
Processing video: 5173709444596630576
Processing video: 5366409594815891602
Processing video: 5218949624445806415
Processing video: 5391892065246550398
Processing video: 5525084584552992937
total  1173319 subs 9168
Trial 596/1000, Params: dpd_0.1_dpg_5.0_ws_30_mg_8.0_sim_0.0, F1@0.50: 49.06
Processing video: 5085344787448740525
Processing video: 5085357672350628540
Processing video: 5086465773912997411
Processing video: 5090916219025116054
Processing video: 5092765202446045704
Processing video: 5097975856769557081
Processing video: 5099449889545545450
Processing video: 5103182645622502287
Processing video: 5134749367588120522
Processing video: 5146258161124252727
Processing video: 5172231547180314349
Processing video: 5173709444596630576
Processing video: 5218949624445806415
Processing video: 5366409594815891602
Processing video: 5391892065246550398
Processing video: 5525084584552992937
total  1173319 subs 9168
Trial 597/1000, Params: dpd_0.8_dpg_5.0_ws_50_mg_8.0_sim_20.0, F1@0.50: 55.41
Processing video: 5085344787448740525
Processing video: 5086465773912997411
Processing video: 5085357672350628540
Processing video: 5090916219025116054
Processing video: 5092765202446045704
Processing video: 5097975856769557081
Processing video: 5103182645622502287
Processing video: 5099449889545545450
Processing video: 5134749367588120522
Processing video: 5146258161124252727
Processing video: 5173709444596630576
Processing video: 5172231547180314349
Processing video: 5218949624445806415
Processing video: 5366409594815891602
Processing video: 5525084584552992937
Processing video: 5391892065246550398
total  1173319 subs 9168
Trial 598/1000, Params: dpd_20.0_dpg_20.0_ws_40_mg_10.0_sim_0.5, F1@0.50: 47.57
Processing video: 5085357672350628540
Processing video: 5085344787448740525
Processing video: 5086465773912997411
Processing video: 5090916219025116054
Processing video: 5092765202446045704
Processing video: 5103182645622502287
Processing video: 5097975856769557081
Processing video: 5134749367588120522
Processing video: 5099449889545545450
Processing video: 5146258161124252727
Processing video: 5172231547180314349
Processing video: 5218949624445806415
Processing video: 5173709444596630576
Processing video: 5391892065246550398
Processing video: 5366409594815891602
Processing video: 5525084584552992937
total  1173319 subs 9168
Trial 599/1000, Params: dpd_0.8_dpg_0.8_ws_30_mg_4.0_sim_0.5, F1@0.50: 50.55
Processing video: 5085344787448740525
Processing video: 5085357672350628540
Processing video: 5086465773912997411
Processing video: 5090916219025116054
Processing video: 5092765202446045704
Processing video: 5099449889545545450
Processing video: 5097975856769557081
Processing video: 5103182645622502287
Processing video: 5134749367588120522
Processing video: 5173709444596630576
Processing video: 5146258161124252727
Processing video: 5172231547180314349
Processing video: 5218949624445806415
Processing video: 5366409594815891602
Processing video: 5391892065246550398
Processing video: 5525084584552992937
total  1173319 subs 9168
Trial 600/1000, Params: dpd_0.8_dpg_1.0_ws_50_mg_2.0_sim_0.5, F1@0.50: 50.71
Processing video: 5085357672350628540
Processing video: 5090916219025116054
Processing video: 5086465773912997411Processing video: 5085344787448740525

Processing video: 5092765202446045704
Processing video: 5099449889545545450
Processing video: 5097975856769557081
Processing video: 5103182645622502287
Processing video: 5146258161124252727
Processing video: 5134749367588120522
Processing video: 5172231547180314349
Processing video: 5173709444596630576
Processing video: 5218949624445806415
Processing video: 5366409594815891602
Processing video: 5525084584552992937
Processing video: 5391892065246550398
total  1173319 subs 9168
Trial 601/1000, Params: dpd_1.0_dpg_0.1_ws_50_mg_2.0_sim_5.0, F1@0.50: 52.99
Processing video: 5085344787448740525
Processing video: 5085357672350628540
Processing video: 5086465773912997411
Processing video: 5090916219025116054
Processing video: 5092765202446045704
Processing video: 5097975856769557081
Processing video: 5099449889545545450
Processing video: 5134749367588120522
Processing video: 5103182645622502287
Processing video: 5172231547180314349
Processing video: 5146258161124252727
Processing video: 5173709444596630576
Processing video: 5218949624445806415
Processing video: 5366409594815891602
Processing video: 5391892065246550398Processing video: 5525084584552992937

total  1173319 subs 9168
Trial 602/1000, Params: dpd_0.1_dpg_20.0_ws_50_mg_10.0_sim_30.0, F1@0.50: 49.22
Processing video: 5085344787448740525
Processing video: 5085357672350628540
Processing video: 5086465773912997411
Processing video: 5092765202446045704
Processing video: 5090916219025116054
Processing video: 5099449889545545450
Processing video: 5097975856769557081
Processing video: 5103182645622502287
Processing video: 5172231547180314349
Processing video: 5146258161124252727
Processing video: 5134749367588120522
Processing video: 5218949624445806415
Processing video: 5366409594815891602
Processing video: 5173709444596630576
Processing video: 5391892065246550398
Processing video: 5525084584552992937
total  1173319 subs 9168
Trial 603/1000, Params: dpd_1.0_dpg_1.0_ws_50_mg_4.0_sim_30.0, F1@0.50: 53.05
Processing video: 5085344787448740525
Processing video: 5086465773912997411Processing video: 5085357672350628540

Processing video: 5090916219025116054
Processing video: 5092765202446045704Processing video: 5097975856769557081

Processing video: 5103182645622502287
Processing video: 5099449889545545450
Processing video: 5146258161124252727
Processing video: 5134749367588120522
Processing video: 5172231547180314349
Processing video: 5218949624445806415
Processing video: 5366409594815891602
Processing video: 5173709444596630576
Processing video: 5391892065246550398
Processing video: 5525084584552992937
total  1173319 subs 9168
Trial 604/1000, Params: dpd_5.0_dpg_0.1_ws_30_mg_4.0_sim_1.0, F1@0.50: 49.88
Processing video: 5085357672350628540
Processing video: 5086465773912997411Processing video: 5085344787448740525

Processing video: 5090916219025116054
Processing video: 5092765202446045704
Processing video: 5099449889545545450
Processing video: 5097975856769557081
Processing video: 5103182645622502287
Processing video: 5134749367588120522
Processing video: 5146258161124252727
Processing video: 5172231547180314349
Processing video: 5173709444596630576
Processing video: 5218949624445806415
Processing video: 5366409594815891602
Processing video: 5391892065246550398
Processing video: 5525084584552992937
total  1173319 subs 9168
Trial 605/1000, Params: dpd_5.0_dpg_5.0_ws_50_mg_4.0_sim_1.0, F1@0.50: 51.73
Processing video: 5085344787448740525
Processing video: 5085357672350628540
Processing video: 5086465773912997411
Processing video: 5090916219025116054
Processing video: 5092765202446045704
Processing video: 5097975856769557081
Processing video: 5099449889545545450
Processing video: 5103182645622502287
Processing video: 5134749367588120522
Processing video: 5146258161124252727
Processing video: 5172231547180314349
Processing video: 5173709444596630576
Processing video: 5218949624445806415
Processing video: 5366409594815891602
Processing video: 5391892065246550398
Processing video: 5525084584552992937
total  1173319 subs 9168
Trial 606/1000, Params: dpd_20.0_dpg_5.0_ws_40_mg_6.0_sim_20.0, F1@0.50: 50.68
Processing video: 5085344787448740525
Processing video: 5086465773912997411
Processing video: 5085357672350628540
Processing video: 5090916219025116054
Processing video: 5092765202446045704
Processing video: 5097975856769557081
Processing video: 5099449889545545450
Processing video: 5134749367588120522
Processing video: 5146258161124252727
Processing video: 5103182645622502287
Processing video: 5172231547180314349
Processing video: 5218949624445806415
Processing video: 5173709444596630576
Processing video: 5366409594815891602
Processing video: 5391892065246550398
Processing video: 5525084584552992937
total  1173319 subs 9168
Trial 607/1000, Params: dpd_0.8_dpg_0.8_ws_40_mg_6.0_sim_100.0, F1@0.50: 40.51
Processing video: 5085344787448740525
Processing video: 5086465773912997411
Processing video: 5085357672350628540
Processing video: 5090916219025116054
Processing video: 5092765202446045704
Processing video: 5097975856769557081
Processing video: 5099449889545545450
Processing video: 5146258161124252727
Processing video: 5172231547180314349
Processing video: 5103182645622502287
Processing video: 5173709444596630576
Processing video: 5218949624445806415
Processing video: 5525084584552992937
Processing video: 5366409594815891602
Processing video: 5391892065246550398
Processing video: 5134749367588120522
total  1173319 subs 9168
Trial 608/1000, Params: dpd_10.0_dpg_1.0_ws_30_mg_2.0_sim_20.0, F1@0.50: 54.62
Processing video: 5085344787448740525
Processing video: 5085357672350628540
Processing video: 5086465773912997411
Processing video: 5090916219025116054
Processing video: 5092765202446045704
Processing video: 5097975856769557081
Processing video: 5099449889545545450
Processing video: 5103182645622502287
Processing video: 5134749367588120522
Processing video: 5146258161124252727
Processing video: 5172231547180314349
Processing video: 5173709444596630576
Processing video: 5218949624445806415
Processing video: 5366409594815891602
Processing video: 5391892065246550398
Processing video: 5525084584552992937
total  1173319 subs 9168
Trial 609/1000, Params: dpd_0.5_dpg_1.0_ws_20_mg_6.0_sim_30.0, F1@0.50: 51.64
Processing video: 5085344787448740525
Processing video: 5085357672350628540
Processing video: 5086465773912997411
Processing video: 5090916219025116054
Processing video: 5092765202446045704
Processing video: 5099449889545545450
Processing video: 5097975856769557081
Processing video: 5134749367588120522Processing video: 5103182645622502287

Processing video: 5172231547180314349
Processing video: 5146258161124252727
Processing video: 5366409594815891602
Processing video: 5173709444596630576
Processing video: 5218949624445806415
Processing video: 5391892065246550398
Processing video: 5525084584552992937
total  1173319 subs 9168
Trial 610/1000, Params: dpd_2.0_dpg_20.0_ws_50_mg_2.0_sim_5.0, F1@0.50: 53.21
Processing video: 5085344787448740525
Processing video: 5085357672350628540
Processing video: 5090916219025116054
Processing video: 5086465773912997411
Processing video: 5097975856769557081
Processing video: 5092765202446045704Processing video: 5099449889545545450

Processing video: 5103182645622502287
Processing video: 5134749367588120522
Processing video: 5146258161124252727
Processing video: 5173709444596630576
Processing video: 5172231547180314349
Processing video: 5366409594815891602
Processing video: 5218949624445806415
Processing video: 5391892065246550398
Processing video: 5525084584552992937
total  1173319 subs 9168
Trial 611/1000, Params: dpd_0.0_dpg_0.0_ws_20_mg_10.0_sim_50.0, F1@0.50: 45.56
Processing video: 5085344787448740525
Processing video: 5085357672350628540
Processing video: 5086465773912997411
Processing video: 5090916219025116054
Processing video: 5092765202446045704
Processing video: 5103182645622502287
Processing video: 5097975856769557081
Processing video: 5172231547180314349
Processing video: 5099449889545545450
Processing video: 5146258161124252727
Processing video: 5134749367588120522
Processing video: 5173709444596630576
Processing video: 5218949624445806415
Processing video: 5366409594815891602
Processing video: 5391892065246550398
Processing video: 5525084584552992937
total  1173319 subs 9168
Trial 612/1000, Params: dpd_0.5_dpg_20.0_ws_20_mg_2.0_sim_30.0, F1@0.50: 52.11
Processing video: 5085344787448740525
Processing video: 5085357672350628540
Processing video: 5086465773912997411
Processing video: 5090916219025116054
Processing video: 5092765202446045704
Processing video: 5097975856769557081
Processing video: 5099449889545545450
Processing video: 5134749367588120522Processing video: 5103182645622502287

Processing video: 5146258161124252727
Processing video: 5172231547180314349
Processing video: 5173709444596630576
Processing video: 5218949624445806415
Processing video: 5366409594815891602
Processing video: 5525084584552992937
Processing video: 5391892065246550398
total  1173319 subs 9168
Trial 613/1000, Params: dpd_10.0_dpg_5.0_ws_30_mg_4.0_sim_0.0, F1@0.50: 47.86
Processing video: 5085344787448740525
Processing video: 5085357672350628540
Processing video: 5086465773912997411
Processing video: 5090916219025116054
Processing video: 5092765202446045704
Processing video: 5097975856769557081
Processing video: 5099449889545545450
Processing video: 5134749367588120522
Processing video: 5103182645622502287
Processing video: 5172231547180314349
Processing video: 5146258161124252727
Processing video: 5173709444596630576
Processing video: 5366409594815891602
Processing video: 5218949624445806415
Processing video: 5391892065246550398
Processing video: 5525084584552992937
total  1173319 subs 9168
Trial 614/1000, Params: dpd_5.0_dpg_0.1_ws_50_mg_10.0_sim_20.0, F1@0.50: 56.72
Processing video: 5085344787448740525
Processing video: 5086465773912997411
Processing video: 5090916219025116054
Processing video: 5092765202446045704
Processing video: 5097975856769557081
Processing video: 5085357672350628540
Processing video: 5099449889545545450
Processing video: 5134749367588120522
Processing video: 5103182645622502287
Processing video: 5173709444596630576
Processing video: 5172231547180314349Processing video: 5146258161124252727

Processing video: 5218949624445806415
Processing video: 5366409594815891602
Processing video: 5525084584552992937
Processing video: 5391892065246550398
total  1173319 subs 9168
Trial 615/1000, Params: dpd_0.1_dpg_0.5_ws_50_mg_2.0_sim_0.5, F1@0.50: 50.36
Processing video: 5085344787448740525
Processing video: 5085357672350628540
Processing video: 5086465773912997411
Processing video: 5090916219025116054
Processing video: 5092765202446045704
Processing video: 5097975856769557081
Processing video: 5103182645622502287
Processing video: 5172231547180314349
Processing video: 5099449889545545450
Processing video: 5146258161124252727
Processing video: 5134749367588120522
Processing video: 5173709444596630576
Processing video: 5218949624445806415
Processing video: 5366409594815891602
Processing video: 5391892065246550398
Processing video: 5525084584552992937
total  1173319 subs 9168
Trial 616/1000, Params: dpd_0.1_dpg_5.0_ws_50_mg_4.0_sim_50.0, F1@0.50: 45.28
Processing video: 5085344787448740525
Processing video: 5085357672350628540
Processing video: 5086465773912997411
Processing video: 5092765202446045704
Processing video: 5090916219025116054
Processing video: 5097975856769557081
Processing video: 5099449889545545450
Processing video: 5103182645622502287
Processing video: 5134749367588120522
Processing video: 5146258161124252727
Processing video: 5172231547180314349
Processing video: 5173709444596630576
Processing video: 5218949624445806415
Processing video: 5366409594815891602
Processing video: 5391892065246550398
Processing video: 5525084584552992937
total  1173319 subs 9168
Trial 617/1000, Params: dpd_5.0_dpg_20.0_ws_20_mg_6.0_sim_30.0, F1@0.50: 56.09
Processing video: 5085344787448740525
Processing video: 5085357672350628540
Processing video: 5086465773912997411
Processing video: 5090916219025116054
Processing video: 5092765202446045704
Processing video: 5097975856769557081
Processing video: 5099449889545545450
Processing video: 5103182645622502287
Processing video: 5172231547180314349
Processing video: 5173709444596630576
Processing video: 5218949624445806415
Processing video: 5366409594815891602
Processing video: 5134749367588120522
Processing video: 5146258161124252727
Processing video: 5391892065246550398
Processing video: 5525084584552992937
total  1173319 subs 9168
Trial 618/1000, Params: dpd_2.0_dpg_0.5_ws_50_mg_6.0_sim_10.0, F1@0.50: 55.51
Processing video: 5085344787448740525
Processing video: 5085357672350628540
Processing video: 5090916219025116054
Processing video: 5086465773912997411
Processing video: 5092765202446045704
Processing video: 5097975856769557081
Processing video: 5099449889545545450
Processing video: 5103182645622502287
Processing video: 5134749367588120522
Processing video: 5146258161124252727
Processing video: 5172231547180314349
Processing video: 5366409594815891602
Processing video: 5218949624445806415Processing video: 5173709444596630576

Processing video: 5525084584552992937
Processing video: 5391892065246550398
total  1173319 subs 9168
Trial 619/1000, Params: dpd_100.0_dpg_20.0_ws_50_mg_2.0_sim_5.0, F1@0.50: 34.24
Processing video: 5085344787448740525
Processing video: 5085357672350628540
Processing video: 5086465773912997411
Processing video: 5090916219025116054
Processing video: 5092765202446045704
Processing video: 5097975856769557081
Processing video: 5099449889545545450
Processing video: 5103182645622502287
Processing video: 5134749367588120522
Processing video: 5172231547180314349
Processing video: 5218949624445806415
Processing video: 5146258161124252727
Processing video: 5366409594815891602
Processing video: 5391892065246550398
Processing video: 5525084584552992937
Processing video: 5173709444596630576
total  1173319 subs 9168
Trial 620/1000, Params: dpd_2.0_dpg_0.0_ws_20_mg_4.0_sim_20.0, F1@0.50: 55.21
Processing video: 5085344787448740525
Processing video: 5085357672350628540
Processing video: 5090916219025116054
Processing video: 5086465773912997411
Processing video: 5092765202446045704
Processing video: 5097975856769557081
Processing video: 5099449889545545450
Processing video: 5103182645622502287
Processing video: 5134749367588120522
Processing video: 5146258161124252727
Processing video: 5172231547180314349Processing video: 5173709444596630576

Processing video: 5218949624445806415
Processing video: 5391892065246550398
Processing video: 5366409594815891602
Processing video: 5525084584552992937
total  1173319 subs 9168
Trial 621/1000, Params: dpd_1.0_dpg_0.8_ws_30_mg_6.0_sim_5.0, F1@0.50: 52.86
Processing video: 5085344787448740525
Processing video: 5085357672350628540
Processing video: 5086465773912997411
Processing video: 5090916219025116054
Processing video: 5092765202446045704
Processing video: 5097975856769557081
Processing video: 5099449889545545450
Processing video: 5103182645622502287
Processing video: 5134749367588120522
Processing video: 5146258161124252727
Processing video: 5172231547180314349
Processing video: 5173709444596630576
Processing video: 5218949624445806415
Processing video: 5366409594815891602
Processing video: 5391892065246550398
Processing video: 5525084584552992937
total  1173319 subs 9168
Trial 622/1000, Params: dpd_0.0_dpg_0.8_ws_30_mg_6.0_sim_0.5, F1@0.50: 50.31
Processing video: 5085344787448740525
Processing video: 5085357672350628540
Processing video: 5086465773912997411
Processing video: 5092765202446045704
Processing video: 5097975856769557081
Processing video: 5099449889545545450
Processing video: 5103182645622502287
Processing video: 5090916219025116054
Processing video: 5146258161124252727
Processing video: 5172231547180314349
Processing video: 5218949624445806415
Processing video: 5366409594815891602
Processing video: 5525084584552992937
Processing video: 5134749367588120522Processing video: 5173709444596630576

Processing video: 5391892065246550398
total  1173319 subs 9168
Trial 623/1000, Params: dpd_5.0_dpg_5.0_ws_20_mg_6.0_sim_50.0, F1@0.50: 55.73
Processing video: 5085344787448740525
Processing video: 5085357672350628540
Processing video: 5086465773912997411
Processing video: 5090916219025116054
Processing video: 5092765202446045704
Processing video: 5097975856769557081
Processing video: 5099449889545545450
Processing video: 5103182645622502287
Processing video: 5172231547180314349
Processing video: 5134749367588120522
Processing video: 5146258161124252727
Processing video: 5173709444596630576
Processing video: 5218949624445806415
Processing video: 5366409594815891602
Processing video: 5391892065246550398
Processing video: 5525084584552992937
total  1173319 subs 9168
Trial 624/1000, Params: dpd_100.0_dpg_0.1_ws_30_mg_2.0_sim_5.0, F1@0.50: 34.22
Processing video: 5085344787448740525
Processing video: 5085357672350628540
Processing video: 5086465773912997411
Processing video: 5090916219025116054
Processing video: 5092765202446045704
Processing video: 5097975856769557081
Processing video: 5099449889545545450
Processing video: 5103182645622502287
Processing video: 5134749367588120522
Processing video: 5172231547180314349
Processing video: 5173709444596630576
Processing video: 5218949624445806415
Processing video: 5146258161124252727
Processing video: 5366409594815891602
Processing video: 5391892065246550398
Processing video: 5525084584552992937
total  1173319 subs 9168
Trial 625/1000, Params: dpd_1.0_dpg_2.0_ws_30_mg_8.0_sim_2.0, F1@0.50: 51.96
Processing video: 5085344787448740525
Processing video: 5085357672350628540
Processing video: 5086465773912997411
Processing video: 5090916219025116054
Processing video: 5092765202446045704
Processing video: 5097975856769557081
Processing video: 5099449889545545450
Processing video: 5103182645622502287
Processing video: 5134749367588120522
Processing video: 5146258161124252727
Processing video: 5173709444596630576
Processing video: 5366409594815891602Processing video: 5391892065246550398Processing video: 5218949624445806415
Processing video: 5172231547180314349

Processing video: 5525084584552992937

total  1173319 subs 9168
Trial 626/1000, Params: dpd_100.0_dpg_0.8_ws_20_mg_6.0_sim_0.5, F1@0.50: 30.01
Processing video: 5085344787448740525
Processing video: 5085357672350628540
Processing video: 5086465773912997411
Processing video: 5090916219025116054
Processing video: 5092765202446045704
Processing video: 5097975856769557081
Processing video: 5099449889545545450
Processing video: 5134749367588120522
Processing video: 5103182645622502287
Processing video: 5146258161124252727
Processing video: 5172231547180314349
Processing video: 5173709444596630576
Processing video: 5218949624445806415
Processing video: 5366409594815891602
Processing video: 5391892065246550398
Processing video: 5525084584552992937
total  1173319 subs 9168
Trial 627/1000, Params: dpd_0.1_dpg_100.0_ws_50_mg_8.0_sim_50.0, F1@0.50: 42.66
Processing video: 5085357672350628540
Processing video: 5086465773912997411
Processing video: 5085344787448740525
Processing video: 5090916219025116054
Processing video: 5092765202446045704
Processing video: 5097975856769557081
Processing video: 5099449889545545450
Processing video: 5103182645622502287
Processing video: 5134749367588120522
Processing video: 5146258161124252727
Processing video: 5172231547180314349
Processing video: 5173709444596630576
Processing video: 5218949624445806415
Processing video: 5366409594815891602
Processing video: 5391892065246550398
Processing video: 5525084584552992937
total  1173319 subs 9168
Trial 628/1000, Params: dpd_2.0_dpg_0.8_ws_50_mg_6.0_sim_0.0, F1@0.50: 50.79
Processing video: 5085344787448740525
Processing video: 5085357672350628540
Processing video: 5086465773912997411
Processing video: 5090916219025116054
Processing video: 5092765202446045704
Processing video: 5097975856769557081
Processing video: 5099449889545545450
Processing video: 5103182645622502287
Processing video: 5134749367588120522
Processing video: 5146258161124252727
Processing video: 5172231547180314349
Processing video: 5173709444596630576
Processing video: 5218949624445806415
Processing video: 5366409594815891602
Processing video: 5391892065246550398
Processing video: 5525084584552992937
total  1173319 subs 9168
Trial 629/1000, Params: dpd_0.8_dpg_10.0_ws_40_mg_10.0_sim_1.0, F1@0.50: 50.97
Processing video: 5085344787448740525
Processing video: 5085357672350628540
Processing video: 5086465773912997411
Processing video: 5090916219025116054
Processing video: 5092765202446045704
Processing video: 5097975856769557081
Processing video: 5099449889545545450
Processing video: 5103182645622502287
Processing video: 5134749367588120522
Processing video: 5146258161124252727
Processing video: 5172231547180314349
Processing video: 5173709444596630576
Processing video: 5218949624445806415
Processing video: 5366409594815891602
Processing video: 5391892065246550398
Processing video: 5525084584552992937
total  1173319 subs 9168
Trial 630/1000, Params: dpd_0.5_dpg_100.0_ws_20_mg_10.0_sim_0.0, F1@0.50: 31.75
Processing video: 5090916219025116054
Processing video: 5085357672350628540Processing video: 5085344787448740525

Processing video: 5086465773912997411
Processing video: 5092765202446045704
Processing video: 5097975856769557081
Processing video: 5099449889545545450
Processing video: 5103182645622502287
Processing video: 5134749367588120522
Processing video: 5146258161124252727
Processing video: 5172231547180314349
Processing video: 5173709444596630576
Processing video: 5218949624445806415
Processing video: 5366409594815891602
Processing video: 5391892065246550398
Processing video: 5525084584552992937
total  1173319 subs 9168
Trial 631/1000, Params: dpd_2.0_dpg_0.1_ws_50_mg_4.0_sim_10.0, F1@0.50: 55.33
Processing video: 5085344787448740525
Processing video: 5085357672350628540
Processing video: 5090916219025116054
Processing video: 5086465773912997411
Processing video: 5092765202446045704
Processing video: 5097975856769557081
Processing video: 5099449889545545450
Processing video: 5103182645622502287
Processing video: 5134749367588120522
Processing video: 5146258161124252727
Processing video: 5172231547180314349
Processing video: 5173709444596630576
Processing video: 5218949624445806415
Processing video: 5366409594815891602
Processing video: 5391892065246550398Processing video: 5525084584552992937

total  1173319 subs 9168
Trial 632/1000, Params: dpd_5.0_dpg_5.0_ws_20_mg_10.0_sim_50.0, F1@0.50: 55.51
Processing video: 5085344787448740525
Processing video: 5085357672350628540
Processing video: 5086465773912997411
Processing video: 5090916219025116054
Processing video: 5092765202446045704
Processing video: 5097975856769557081
Processing video: 5099449889545545450
Processing video: 5103182645622502287
Processing video: 5134749367588120522
Processing video: 5146258161124252727
Processing video: 5366409594815891602
Processing video: 5218949624445806415
Processing video: 5172231547180314349
Processing video: 5173709444596630576
Processing video: 5525084584552992937
Processing video: 5391892065246550398
total  1173319 subs 9168
Trial 633/1000, Params: dpd_0.0_dpg_20.0_ws_50_mg_2.0_sim_100.0, F1@0.50: 41.35
Processing video: 5085344787448740525
Processing video: 5085357672350628540
Processing video: 5086465773912997411
Processing video: 5090916219025116054
Processing video: 5092765202446045704
Processing video: 5097975856769557081
Processing video: 5099449889545545450
Processing video: 5103182645622502287
Processing video: 5134749367588120522
Processing video: 5172231547180314349
Processing video: 5146258161124252727
Processing video: 5173709444596630576
Processing video: 5218949624445806415
Processing video: 5366409594815891602
Processing video: 5391892065246550398
Processing video: 5525084584552992937
total  1173319 subs 9168
Trial 634/1000, Params: dpd_0.8_dpg_100.0_ws_20_mg_4.0_sim_100.0, F1@0.50: 47.88
Processing video: 5085344787448740525
Processing video: 5085357672350628540
Processing video: 5086465773912997411
Processing video: 5090916219025116054
Processing video: 5092765202446045704
Processing video: 5097975856769557081
Processing video: 5099449889545545450
Processing video: 5103182645622502287
Processing video: 5134749367588120522
Processing video: 5146258161124252727
Processing video: 5172231547180314349
Processing video: 5173709444596630576
Processing video: 5218949624445806415
Processing video: 5366409594815891602
Processing video: 5391892065246550398
Processing video: 5525084584552992937
total  1173319 subs 9168
Trial 635/1000, Params: dpd_20.0_dpg_0.5_ws_50_mg_6.0_sim_100.0, F1@0.50: 54.12
Processing video: 5085344787448740525
Processing video: 5085357672350628540
Processing video: 5086465773912997411
Processing video: 5090916219025116054
Processing video: 5092765202446045704
Processing video: 5097975856769557081
Processing video: 5099449889545545450
Processing video: 5103182645622502287
Processing video: 5134749367588120522
Processing video: 5146258161124252727
Processing video: 5172231547180314349
Processing video: 5173709444596630576
Processing video: 5218949624445806415
Processing video: 5366409594815891602
Processing video: 5391892065246550398
Processing video: 5525084584552992937
total  1173319 subs 9168
Trial 636/1000, Params: dpd_100.0_dpg_0.1_ws_20_mg_8.0_sim_1.0, F1@0.50: 30.46
Processing video: 5085344787448740525Processing video: 5086465773912997411

Processing video: 5085357672350628540
Processing video: 5090916219025116054
Processing video: 5092765202446045704
Processing video: 5097975856769557081
Processing video: 5099449889545545450
Processing video: 5103182645622502287
Processing video: 5146258161124252727Processing video: 5172231547180314349

Processing video: 5134749367588120522
Processing video: 5173709444596630576
Processing video: 5218949624445806415
Processing video: 5366409594815891602
Processing video: 5525084584552992937
Processing video: 5391892065246550398
total  1173319 subs 9168
Trial 637/1000, Params: dpd_0.5_dpg_10.0_ws_30_mg_10.0_sim_30.0, F1@0.50: 52.64
Processing video: 5085344787448740525
Processing video: 5086465773912997411
Processing video: 5085357672350628540
Processing video: 5090916219025116054
Processing video: 5092765202446045704
Processing video: 5097975856769557081
Processing video: 5099449889545545450
Processing video: 5103182645622502287
Processing video: 5134749367588120522
Processing video: 5146258161124252727
Processing video: 5172231547180314349
Processing video: 5173709444596630576
Processing video: 5366409594815891602
Processing video: 5391892065246550398
Processing video: 5525084584552992937
Processing video: 5218949624445806415
total  1173319 subs 9168
Trial 638/1000, Params: dpd_10.0_dpg_0.8_ws_50_mg_4.0_sim_20.0, F1@0.50: 54.37
Processing video: 5085344787448740525
Processing video: 5085357672350628540
Processing video: 5086465773912997411
Processing video: 5090916219025116054
Processing video: 5092765202446045704
Processing video: 5097975856769557081
Processing video: 5099449889545545450
Processing video: 5103182645622502287
Processing video: 5134749367588120522
Processing video: 5218949624445806415
Processing video: 5172231547180314349
Processing video: 5173709444596630576Processing video: 5146258161124252727
Processing video: 5366409594815891602

Processing video: 5391892065246550398
Processing video: 5525084584552992937
total  1173319 subs 9168
Trial 639/1000, Params: dpd_0.1_dpg_1.0_ws_40_mg_2.0_sim_0.5, F1@0.50: 50.48
Processing video: 5085344787448740525
Processing video: 5085357672350628540
Processing video: 5086465773912997411
Processing video: 5090916219025116054
Processing video: 5092765202446045704
Processing video: 5097975856769557081
Processing video: 5099449889545545450
Processing video: 5103182645622502287
Processing video: 5134749367588120522
Processing video: 5146258161124252727
Processing video: 5172231547180314349
Processing video: 5173709444596630576
Processing video: 5218949624445806415
Processing video: 5366409594815891602
Processing video: 5391892065246550398
Processing video: 5525084584552992937
total  1173319 subs 9168
Trial 640/1000, Params: dpd_20.0_dpg_0.0_ws_20_mg_8.0_sim_5.0, F1@0.50: 45.11
Processing video: 5085344787448740525
Processing video: 5085357672350628540
Processing video: 5086465773912997411
Processing video: 5090916219025116054
Processing video: 5092765202446045704
Processing video: 5097975856769557081
Processing video: 5099449889545545450
Processing video: 5103182645622502287
Processing video: 5134749367588120522
Processing video: 5146258161124252727
Processing video: 5172231547180314349
Processing video: 5173709444596630576
Processing video: 5218949624445806415
Processing video: 5366409594815891602
Processing video: 5391892065246550398
Processing video: 5525084584552992937
total  1173319 subs 9168
Trial 641/1000, Params: dpd_0.1_dpg_0.0_ws_20_mg_6.0_sim_0.0, F1@0.50: 47.98
Processing video: 5085344787448740525
Processing video: 5085357672350628540
Processing video: 5086465773912997411
Processing video: 5090916219025116054
Processing video: 5092765202446045704
Processing video: 5097975856769557081
Processing video: 5099449889545545450
Processing video: 5103182645622502287
Processing video: 5146258161124252727
Processing video: 5134749367588120522
Processing video: 5218949624445806415
Processing video: 5172231547180314349
Processing video: 5173709444596630576
Processing video: 5391892065246550398
Processing video: 5366409594815891602
Processing video: 5525084584552992937
total  1173319 subs 9168
Trial 642/1000, Params: dpd_5.0_dpg_10.0_ws_40_mg_2.0_sim_50.0, F1@0.50: 57.47
Processing video: 5085344787448740525
Processing video: 5085357672350628540
Processing video: 5086465773912997411
Processing video: 5090916219025116054
Processing video: 5092765202446045704
Processing video: 5097975856769557081
Processing video: 5099449889545545450
Processing video: 5103182645622502287
Processing video: 5134749367588120522
Processing video: 5146258161124252727
Processing video: 5172231547180314349
Processing video: 5366409594815891602
Processing video: 5391892065246550398
Processing video: 5525084584552992937
Processing video: 5218949624445806415Processing video: 5173709444596630576

total  1173319 subs 9168
Trial 643/1000, Params: dpd_100.0_dpg_0.0_ws_30_mg_10.0_sim_0.0, F1@0.50: 30.72
Processing video: 5085344787448740525Processing video: 5085357672350628540

Processing video: 5086465773912997411
Processing video: 5092765202446045704
Processing video: 5090916219025116054
Processing video: 5097975856769557081
Processing video: 5103182645622502287
Processing video: 5099449889545545450
Processing video: 5146258161124252727
Processing video: 5134749367588120522
Processing video: 5172231547180314349
Processing video: 5173709444596630576
Processing video: 5218949624445806415
Processing video: 5366409594815891602
Processing video: 5391892065246550398
Processing video: 5525084584552992937
total  1173319 subs 9168
Trial 644/1000, Params: dpd_0.1_dpg_0.8_ws_50_mg_10.0_sim_50.0, F1@0.50: 42.33
Processing video: 5085344787448740525
Processing video: 5085357672350628540
Processing video: 5086465773912997411
Processing video: 5092765202446045704
Processing video: 5090916219025116054Processing video: 5097975856769557081

Processing video: 5099449889545545450
Processing video: 5103182645622502287
Processing video: 5173709444596630576Processing video: 5134749367588120522

Processing video: 5172231547180314349Processing video: 5218949624445806415Processing video: 5146258161124252727


Processing video: 5366409594815891602
Processing video: 5391892065246550398
Processing video: 5525084584552992937
total  1173319 subs 9168
Trial 645/1000, Params: dpd_2.0_dpg_0.5_ws_30_mg_10.0_sim_0.0, F1@0.50: 49.99
Processing video: 5085344787448740525
Processing video: 5085357672350628540
Processing video: 5086465773912997411
Processing video: 5090916219025116054
Processing video: 5092765202446045704
Processing video: 5097975856769557081
Processing video: 5099449889545545450
Processing video: 5103182645622502287
Processing video: 5134749367588120522
Processing video: 5146258161124252727
Processing video: 5172231547180314349
Processing video: 5173709444596630576
Processing video: 5218949624445806415
Processing video: 5366409594815891602
Processing video: 5391892065246550398
Processing video: 5525084584552992937
total  1173319 subs 9168
Trial 646/1000, Params: dpd_100.0_dpg_2.0_ws_30_mg_4.0_sim_30.0, F1@0.50: 40.22
Processing video: 5085344787448740525
Processing video: 5085357672350628540
Processing video: 5086465773912997411
Processing video: 5090916219025116054
Processing video: 5092765202446045704
Processing video: 5097975856769557081
Processing video: 5099449889545545450
Processing video: 5103182645622502287
Processing video: 5134749367588120522
Processing video: 5172231547180314349
Processing video: 5173709444596630576
Processing video: 5146258161124252727
Processing video: 5218949624445806415
Processing video: 5391892065246550398
Processing video: 5366409594815891602
Processing video: 5525084584552992937
total  1173319 subs 9168
Trial 647/1000, Params: dpd_20.0_dpg_1.0_ws_30_mg_4.0_sim_2.0, F1@0.50: 44.33
Processing video: 5085344787448740525
Processing video: 5085357672350628540
Processing video: 5086465773912997411
Processing video: 5090916219025116054
Processing video: 5092765202446045704
Processing video: 5097975856769557081
Processing video: 5099449889545545450
Processing video: 5146258161124252727
Processing video: 5103182645622502287Processing video: 5134749367588120522

Processing video: 5173709444596630576
Processing video: 5172231547180314349
Processing video: 5391892065246550398
Processing video: 5218949624445806415
Processing video: 5366409594815891602
Processing video: 5525084584552992937
total  1173319 subs 9168
Trial 648/1000, Params: dpd_1.0_dpg_0.5_ws_40_mg_6.0_sim_0.0, F1@0.50: 50.35
Processing video: 5085344787448740525
Processing video: 5085357672350628540
Processing video: 5086465773912997411
Processing video: 5090916219025116054
Processing video: 5092765202446045704
Processing video: 5097975856769557081
Processing video: 5099449889545545450
Processing video: 5103182645622502287
Processing video: 5134749367588120522
Processing video: 5146258161124252727
Processing video: 5172231547180314349
Processing video: 5173709444596630576
Processing video: 5218949624445806415
Processing video: 5366409594815891602
Processing video: 5391892065246550398
Processing video: 5525084584552992937
total  1173319 subs 9168
Trial 649/1000, Params: dpd_5.0_dpg_0.0_ws_30_mg_2.0_sim_0.5, F1@0.50: 49.55
Processing video: 5086465773912997411
Processing video: 5090916219025116054
Processing video: 5092765202446045704
Processing video: 5085344787448740525
Processing video: 5085357672350628540
Processing video: 5097975856769557081
Processing video: 5099449889545545450
Processing video: 5146258161124252727
Processing video: 5103182645622502287
Processing video: 5134749367588120522
Processing video: 5172231547180314349
Processing video: 5218949624445806415
Processing video: 5366409594815891602
Processing video: 5173709444596630576
Processing video: 5525084584552992937
Processing video: 5391892065246550398
total  1173319 subs 9168
Trial 650/1000, Params: dpd_10.0_dpg_20.0_ws_40_mg_10.0_sim_1.0, F1@0.50: 51.06
Processing video: 5085344787448740525
Processing video: 5085357672350628540Processing video: 5090916219025116054

Processing video: 5086465773912997411
Processing video: 5092765202446045704
Processing video: 5097975856769557081
Processing video: 5099449889545545450
Processing video: 5103182645622502287
Processing video: 5134749367588120522
Processing video: 5146258161124252727
Processing video: 5172231547180314349
Processing video: 5173709444596630576
Processing video: 5218949624445806415
Processing video: 5366409594815891602
Processing video: 5391892065246550398
Processing video: 5525084584552992937
total  1173319 subs 9168
Trial 651/1000, Params: dpd_10.0_dpg_100.0_ws_40_mg_10.0_sim_20.0, F1@0.50: 51.04
Processing video: 5085344787448740525
Processing video: 5085357672350628540
Processing video: 5086465773912997411
Processing video: 5090916219025116054
Processing video: 5092765202446045704
Processing video: 5103182645622502287
Processing video: 5134749367588120522
Processing video: 5173709444596630576
Processing video: 5218949624445806415
Processing video: 5146258161124252727Processing video: 5172231547180314349Processing video: 5097975856769557081
Processing video: 5099449889545545450


Processing video: 5366409594815891602
Processing video: 5391892065246550398
Processing video: 5525084584552992937
total  1173319 subs 9168
Trial 652/1000, Params: dpd_0.5_dpg_0.1_ws_20_mg_8.0_sim_100.0, F1@0.50: 44.2
Processing video: 5085344787448740525
Processing video: 5086465773912997411Processing video: 5085357672350628540

Processing video: 5090916219025116054
Processing video: 5092765202446045704
Processing video: 5097975856769557081
Processing video: 5099449889545545450
Processing video: 5103182645622502287
Processing video: 5134749367588120522
Processing video: 5146258161124252727
Processing video: 5172231547180314349
Processing video: 5173709444596630576
Processing video: 5218949624445806415
Processing video: 5366409594815891602
Processing video: 5391892065246550398
Processing video: 5525084584552992937
total  1173319 subs 9168
Trial 653/1000, Params: dpd_5.0_dpg_2.0_ws_30_mg_4.0_sim_50.0, F1@0.50: 56.71
Processing video: 5085344787448740525
Processing video: 5085357672350628540
Processing video: 5086465773912997411
Processing video: 5090916219025116054
Processing video: 5092765202446045704
Processing video: 5097975856769557081
Processing video: 5099449889545545450
Processing video: 5103182645622502287
Processing video: 5134749367588120522
Processing video: 5218949624445806415
Processing video: 5391892065246550398
Processing video: 5173709444596630576Processing video: 5146258161124252727

Processing video: 5172231547180314349
Processing video: 5366409594815891602
Processing video: 5525084584552992937
total  1173319 subs 9168
Trial 654/1000, Params: dpd_0.0_dpg_0.5_ws_50_mg_2.0_sim_0.0, F1@0.50: 50.19
Processing video: 5085344787448740525
Processing video: 5086465773912997411
Processing video: 5085357672350628540
Processing video: 5090916219025116054
Processing video: 5092765202446045704
Processing video: 5097975856769557081
Processing video: 5099449889545545450
Processing video: 5103182645622502287
Processing video: 5134749367588120522
Processing video: 5172231547180314349
Processing video: 5173709444596630576
Processing video: 5146258161124252727
Processing video: 5218949624445806415
Processing video: 5366409594815891602
Processing video: 5525084584552992937
Processing video: 5391892065246550398
total  1173319 subs 9168
Trial 655/1000, Params: dpd_5.0_dpg_20.0_ws_30_mg_8.0_sim_50.0, F1@0.50: 56.95
Processing video: 5085344787448740525
Processing video: 5085357672350628540
Processing video: 5086465773912997411
Processing video: 5090916219025116054
Processing video: 5092765202446045704
Processing video: 5097975856769557081
Processing video: 5099449889545545450
Processing video: 5173709444596630576
Processing video: 5172231547180314349
Processing video: 5134749367588120522Processing video: 5103182645622502287
Processing video: 5146258161124252727

Processing video: 5218949624445806415
Processing video: 5366409594815891602
Processing video: 5525084584552992937
Processing video: 5391892065246550398
total  1173319 subs 9168
Trial 656/1000, Params: dpd_1.0_dpg_0.0_ws_20_mg_8.0_sim_100.0, F1@0.50: 45.33
Processing video: 5085344787448740525
Processing video: 5086465773912997411
Processing video: 5085357672350628540
Processing video: 5090916219025116054
Processing video: 5092765202446045704
Processing video: 5097975856769557081
Processing video: 5103182645622502287
Processing video: 5099449889545545450
Processing video: 5134749367588120522
Processing video: 5146258161124252727
Processing video: 5172231547180314349
Processing video: 5173709444596630576Processing video: 5218949624445806415

Processing video: 5366409594815891602
Processing video: 5391892065246550398
Processing video: 5525084584552992937
total  1173319 subs 9168
Trial 657/1000, Params: dpd_0.5_dpg_0.5_ws_20_mg_4.0_sim_20.0, F1@0.50: 53.41
Processing video: 5085344787448740525
Processing video: 5085357672350628540
Processing video: 5086465773912997411
Processing video: 5090916219025116054
Processing video: 5092765202446045704
Processing video: 5097975856769557081
Processing video: 5099449889545545450
Processing video: 5103182645622502287
Processing video: 5134749367588120522
Processing video: 5146258161124252727
Processing video: 5172231547180314349
Processing video: 5173709444596630576
Processing video: 5366409594815891602
Processing video: 5391892065246550398
Processing video: 5525084584552992937
Processing video: 5218949624445806415
total  1173319 subs 9168
Trial 658/1000, Params: dpd_20.0_dpg_100.0_ws_50_mg_2.0_sim_1.0, F1@0.50: 45.08
Processing video: 5085344787448740525
Processing video: 5085357672350628540
Processing video: 5086465773912997411
Processing video: 5090916219025116054
Processing video: 5092765202446045704
Processing video: 5097975856769557081
Processing video: 5099449889545545450
Processing video: 5103182645622502287
Processing video: 5134749367588120522
Processing video: 5146258161124252727
Processing video: 5366409594815891602
Processing video: 5172231547180314349
Processing video: 5173709444596630576Processing video: 5391892065246550398

Processing video: 5525084584552992937
Processing video: 5218949624445806415
total  1173319 subs 9168
Trial 659/1000, Params: dpd_2.0_dpg_5.0_ws_20_mg_2.0_sim_50.0, F1@0.50: 53.95
Processing video: 5085344787448740525
Processing video: 5090916219025116054Processing video: 5085357672350628540

Processing video: 5086465773912997411
Processing video: 5092765202446045704
Processing video: 5097975856769557081
Processing video: 5099449889545545450
Processing video: 5103182645622502287
Processing video: 5134749367588120522
Processing video: 5146258161124252727
Processing video: 5172231547180314349
Processing video: 5173709444596630576
Processing video: 5218949624445806415
Processing video: 5366409594815891602
Processing video: 5391892065246550398
Processing video: 5525084584552992937
total  1173319 subs 9168
Trial 660/1000, Params: dpd_5.0_dpg_0.8_ws_50_mg_10.0_sim_20.0, F1@0.50: 56.73
Processing video: 5085344787448740525
Processing video: 5085357672350628540
Processing video: 5086465773912997411
Processing video: 5090916219025116054
Processing video: 5092765202446045704
Processing video: 5097975856769557081
Processing video: 5099449889545545450
Processing video: 5103182645622502287
Processing video: 5134749367588120522
Processing video: 5146258161124252727
Processing video: 5172231547180314349
Processing video: 5173709444596630576
Processing video: 5218949624445806415
Processing video: 5366409594815891602
Processing video: 5391892065246550398
Processing video: 5525084584552992937
total  1173319 subs 9168
Trial 661/1000, Params: dpd_1.0_dpg_0.0_ws_20_mg_10.0_sim_0.0, F1@0.50: 47.91
Processing video: 5085344787448740525
Processing video: 5086465773912997411
Processing video: 5090916219025116054
Processing video: 5092765202446045704
Processing video: 5097975856769557081
Processing video: 5099449889545545450
Processing video: 5085357672350628540
Processing video: 5103182645622502287
Processing video: 5134749367588120522
Processing video: 5146258161124252727
Processing video: 5172231547180314349
Processing video: 5173709444596630576
Processing video: 5218949624445806415
Processing video: 5366409594815891602
Processing video: 5391892065246550398
Processing video: 5525084584552992937
total  1173319 subs 9168
Trial 662/1000, Params: dpd_0.5_dpg_0.1_ws_30_mg_4.0_sim_100.0, F1@0.50: 41.38
Processing video: 5085344787448740525
Processing video: 5085357672350628540
Processing video: 5086465773912997411
Processing video: 5090916219025116054
Processing video: 5092765202446045704
Processing video: 5099449889545545450
Processing video: 5103182645622502287
Processing video: 5172231547180314349
Processing video: 5173709444596630576
Processing video: 5097975856769557081
Processing video: 5391892065246550398
Processing video: 5366409594815891602Processing video: 5218949624445806415Processing video: 5525084584552992937

Processing video: 5134749367588120522

Processing video: 5146258161124252727
total  1173319 subs 9168
Trial 663/1000, Params: dpd_0.0_dpg_2.0_ws_40_mg_6.0_sim_50.0, F1@0.50: 43.67
Processing video: 5085344787448740525
Processing video: 5086465773912997411
Processing video: 5085357672350628540
Processing video: 5090916219025116054
Processing video: 5092765202446045704
Processing video: 5097975856769557081
Processing video: 5099449889545545450
Processing video: 5103182645622502287
Processing video: 5134749367588120522
Processing video: 5146258161124252727
Processing video: 5172231547180314349
Processing video: 5173709444596630576
Processing video: 5218949624445806415
Processing video: 5366409594815891602
Processing video: 5391892065246550398
Processing video: 5525084584552992937
total  1173319 subs 9168
Trial 664/1000, Params: dpd_2.0_dpg_2.0_ws_30_mg_2.0_sim_100.0, F1@0.50: 46.21
Processing video: 5085344787448740525
Processing video: 5085357672350628540
Processing video: 5086465773912997411
Processing video: 5090916219025116054
Processing video: 5092765202446045704
Processing video: 5097975856769557081
Processing video: 5099449889545545450
Processing video: 5103182645622502287
Processing video: 5134749367588120522
Processing video: 5146258161124252727
Processing video: 5172231547180314349
Processing video: 5173709444596630576
Processing video: 5218949624445806415
Processing video: 5366409594815891602
Processing video: 5391892065246550398
Processing video: 5525084584552992937
total  1173319 subs 9168
Trial 665/1000, Params: dpd_2.0_dpg_100.0_ws_40_mg_8.0_sim_50.0, F1@0.50: 47.6
Processing video: 5085344787448740525
Processing video: 5086465773912997411
Processing video: 5090916219025116054
Processing video: 5085357672350628540
Processing video: 5092765202446045704
Processing video: 5097975856769557081
Processing video: 5099449889545545450
Processing video: 5103182645622502287
Processing video: 5146258161124252727
Processing video: 5134749367588120522
Processing video: 5172231547180314349
Processing video: 5173709444596630576
Processing video: 5218949624445806415
Processing video: 5366409594815891602
Processing video: 5391892065246550398
Processing video: 5525084584552992937
total  1173319 subs 9168
Trial 666/1000, Params: dpd_100.0_dpg_0.5_ws_50_mg_4.0_sim_1.0, F1@0.50: 31.52
Processing video: 5085344787448740525
Processing video: 5085357672350628540
Processing video: 5086465773912997411
Processing video: 5090916219025116054
Processing video: 5092765202446045704
Processing video: 5097975856769557081
Processing video: 5099449889545545450
Processing video: 5103182645622502287
Processing video: 5173709444596630576
Processing video: 5366409594815891602
Processing video: 5146258161124252727
Processing video: 5391892065246550398
Processing video: 5218949624445806415Processing video: 5134749367588120522

Processing video: 5172231547180314349
Processing video: 5525084584552992937
total  1173319 subs 9168
Trial 667/1000, Params: dpd_1.0_dpg_0.5_ws_20_mg_6.0_sim_5.0, F1@0.50: 51.12
Processing video: 5085344787448740525
Processing video: 5086465773912997411
Processing video: 5085357672350628540
Processing video: 5090916219025116054
Processing video: 5092765202446045704
Processing video: 5097975856769557081
Processing video: 5099449889545545450
Processing video: 5103182645622502287
Processing video: 5134749367588120522
Processing video: 5146258161124252727
Processing video: 5172231547180314349
Processing video: 5173709444596630576
Processing video: 5218949624445806415
Processing video: 5366409594815891602
Processing video: 5391892065246550398
Processing video: 5525084584552992937
total  1173319 subs 9168
Trial 668/1000, Params: dpd_2.0_dpg_2.0_ws_40_mg_2.0_sim_50.0, F1@0.50: 52.29
Processing video: 5085344787448740525
Processing video: 5085357672350628540
Processing video: 5086465773912997411
Processing video: 5090916219025116054
Processing video: 5092765202446045704
Processing video: 5097975856769557081
Processing video: 5099449889545545450
Processing video: 5103182645622502287
Processing video: 5134749367588120522
Processing video: 5146258161124252727
Processing video: 5172231547180314349
Processing video: 5218949624445806415
Processing video: 5366409594815891602
Processing video: 5173709444596630576Processing video: 5391892065246550398

Processing video: 5525084584552992937
total  1173319 subs 9168
Trial 669/1000, Params: dpd_100.0_dpg_0.1_ws_40_mg_8.0_sim_30.0, F1@0.50: 38.56
Processing video: 5085344787448740525
Processing video: 5085357672350628540
Processing video: 5090916219025116054
Processing video: 5086465773912997411
Processing video: 5092765202446045704
Processing video: 5097975856769557081
Processing video: 5099449889545545450
Processing video: 5103182645622502287
Processing video: 5134749367588120522
Processing video: 5146258161124252727
Processing video: 5172231547180314349
Processing video: 5173709444596630576
Processing video: 5218949624445806415
Processing video: 5366409594815891602
Processing video: 5391892065246550398
Processing video: 5525084584552992937
total  1173319 subs 9168
Trial 670/1000, Params: dpd_5.0_dpg_1.0_ws_50_mg_10.0_sim_10.0, F1@0.50: 54.25
Processing video: 5085357672350628540
Processing video: 5086465773912997411
Processing video: 5085344787448740525
Processing video: 5090916219025116054
Processing video: 5092765202446045704
Processing video: 5099449889545545450
Processing video: 5103182645622502287
Processing video: 5097975856769557081Processing video: 5146258161124252727
Processing video: 5134749367588120522

Processing video: 5173709444596630576
Processing video: 5172231547180314349
Processing video: 5218949624445806415
Processing video: 5366409594815891602
Processing video: 5391892065246550398
Processing video: 5525084584552992937
total  1173319 subs 9168
Trial 671/1000, Params: dpd_0.8_dpg_20.0_ws_50_mg_10.0_sim_100.0, F1@0.50: 43.38
Processing video: 5085344787448740525
Processing video: 5085357672350628540
Processing video: 5090916219025116054
Processing video: 5086465773912997411
Processing video: 5092765202446045704
Processing video: 5097975856769557081
Processing video: 5099449889545545450
Processing video: 5103182645622502287
Processing video: 5134749367588120522
Processing video: 5146258161124252727
Processing video: 5172231547180314349
Processing video: 5173709444596630576
Processing video: 5218949624445806415
Processing video: 5366409594815891602
Processing video: 5391892065246550398
Processing video: 5525084584552992937
total  1173319 subs 9168
Trial 672/1000, Params: dpd_5.0_dpg_10.0_ws_20_mg_4.0_sim_100.0, F1@0.50: 53.09
Processing video: 5085357672350628540
Processing video: 5086465773912997411Processing video: 5085344787448740525

Processing video: 5092765202446045704
Processing video: 5090916219025116054
Processing video: 5097975856769557081
Processing video: 5099449889545545450
Processing video: 5103182645622502287
Processing video: 5146258161124252727
Processing video: 5172231547180314349Processing video: 5134749367588120522

Processing video: 5173709444596630576
Processing video: 5218949624445806415
Processing video: 5366409594815891602Processing video: 5525084584552992937
Processing video: 5391892065246550398

total  1173319 subs 9168
Trial 673/1000, Params: dpd_2.0_dpg_0.1_ws_40_mg_8.0_sim_0.5, F1@0.50: 50.49
Processing video: 5085344787448740525
Processing video: 5086465773912997411
Processing video: 5085357672350628540
Processing video: 5092765202446045704
Processing video: 5090916219025116054
Processing video: 5099449889545545450
Processing video: 5097975856769557081
Processing video: 5172231547180314349
Processing video: 5103182645622502287Processing video: 5146258161124252727

Processing video: 5134749367588120522
Processing video: 5173709444596630576
Processing video: 5218949624445806415
Processing video: 5366409594815891602
Processing video: 5391892065246550398
Processing video: 5525084584552992937
total  1173319 subs 9168
Trial 674/1000, Params: dpd_2.0_dpg_100.0_ws_40_mg_8.0_sim_100.0, F1@0.50: 45.97
Processing video: 5085344787448740525
Processing video: 5085357672350628540
Processing video: 5086465773912997411
Processing video: 5090916219025116054
Processing video: 5092765202446045704
Processing video: 5097975856769557081
Processing video: 5103182645622502287
Processing video: 5099449889545545450
Processing video: 5134749367588120522
Processing video: 5172231547180314349
Processing video: 5173709444596630576
Processing video: 5146258161124252727
Processing video: 5218949624445806415
Processing video: 5366409594815891602
Processing video: 5391892065246550398
Processing video: 5525084584552992937
total  1173319 subs 9168
Trial 675/1000, Params: dpd_0.8_dpg_0.0_ws_40_mg_2.0_sim_5.0, F1@0.50: 52.84
Processing video: 5085357672350628540
Processing video: 5085344787448740525
Processing video: 5086465773912997411
Processing video: 5090916219025116054
Processing video: 5092765202446045704
Processing video: 5099449889545545450
Processing video: 5097975856769557081
Processing video: 5103182645622502287
Processing video: 5134749367588120522
Processing video: 5172231547180314349
Processing video: 5146258161124252727
Processing video: 5173709444596630576
Processing video: 5218949624445806415
Processing video: 5366409594815891602
Processing video: 5391892065246550398
Processing video: 5525084584552992937
total  1173319 subs 9168
Trial 676/1000, Params: dpd_0.8_dpg_2.0_ws_20_mg_4.0_sim_5.0, F1@0.50: 51.83
Processing video: 5085344787448740525
Processing video: 5085357672350628540
Processing video: 5086465773912997411
Processing video: 5090916219025116054
Processing video: 5092765202446045704
Processing video: 5099449889545545450
Processing video: 5097975856769557081
Processing video: 5103182645622502287
Processing video: 5134749367588120522
Processing video: 5173709444596630576
Processing video: 5146258161124252727
Processing video: 5172231547180314349
Processing video: 5218949624445806415
Processing video: 5525084584552992937
Processing video: 5391892065246550398Processing video: 5366409594815891602

total  1173319 subs 9168
Trial 677/1000, Params: dpd_0.0_dpg_20.0_ws_50_mg_8.0_sim_0.5, F1@0.50: 44.93
Processing video: 5085344787448740525
Processing video: 5085357672350628540
Processing video: 5086465773912997411
Processing video: 5090916219025116054
Processing video: 5092765202446045704
Processing video: 5099449889545545450Processing video: 5097975856769557081

Processing video: 5103182645622502287
Processing video: 5134749367588120522
Processing video: 5172231547180314349
Processing video: 5146258161124252727
Processing video: 5218949624445806415
Processing video: 5173709444596630576
Processing video: 5366409594815891602
Processing video: 5391892065246550398
Processing video: 5525084584552992937
total  1173319 subs 9168
Trial 678/1000, Params: dpd_0.5_dpg_100.0_ws_20_mg_2.0_sim_0.5, F1@0.50: 33.23
Processing video: 5085344787448740525
Processing video: 5085357672350628540
Processing video: 5086465773912997411
Processing video: 5090916219025116054
Processing video: 5097975856769557081
Processing video: 5092765202446045704
Processing video: 5099449889545545450
Processing video: 5103182645622502287
Processing video: 5134749367588120522
Processing video: 5146258161124252727
Processing video: 5172231547180314349
Processing video: 5173709444596630576
Processing video: 5218949624445806415
Processing video: 5366409594815891602
Processing video: 5391892065246550398
Processing video: 5525084584552992937
total  1173319 subs 9168
Trial 679/1000, Params: dpd_0.8_dpg_20.0_ws_20_mg_6.0_sim_100.0, F1@0.50: 47.92
Processing video: 5085344787448740525Processing video: 5085357672350628540

Processing video: 5086465773912997411
Processing video: 5090916219025116054
Processing video: 5092765202446045704
Processing video: 5097975856769557081
Processing video: 5099449889545545450Processing video: 5103182645622502287

Processing video: 5134749367588120522
Processing video: 5172231547180314349
Processing video: 5173709444596630576
Processing video: 5146258161124252727
Processing video: 5218949624445806415
Processing video: 5366409594815891602
Processing video: 5525084584552992937
Processing video: 5391892065246550398
total  1173319 subs 9168
Trial 680/1000, Params: dpd_0.5_dpg_100.0_ws_20_mg_10.0_sim_30.0, F1@0.50: 45.78
Processing video: 5085357672350628540
Processing video: 5085344787448740525
Processing video: 5086465773912997411
Processing video: 5090916219025116054
Processing video: 5097975856769557081
Processing video: 5099449889545545450
Processing video: 5134749367588120522
Processing video: 5103182645622502287
Processing video: 5172231547180314349
Processing video: 5173709444596630576
Processing video: 5218949624445806415Processing video: 5092765202446045704

Processing video: 5366409594815891602
Processing video: 5391892065246550398
Processing video: 5525084584552992937
Processing video: 5146258161124252727
total  1173319 subs 9168
Trial 681/1000, Params: dpd_1.0_dpg_1.0_ws_50_mg_2.0_sim_5.0, F1@0.50: 53.35
Processing video: 5085344787448740525
Processing video: 5090916219025116054
Processing video: 5085357672350628540Processing video: 5086465773912997411

Processing video: 5092765202446045704
Processing video: 5097975856769557081
Processing video: 5103182645622502287
Processing video: 5099449889545545450
Processing video: 5134749367588120522
Processing video: 5146258161124252727
Processing video: 5172231547180314349
Processing video: 5173709444596630576
Processing video: 5218949624445806415
Processing video: 5366409594815891602
Processing video: 5391892065246550398Processing video: 5525084584552992937

total  1173319 subs 9168
Trial 682/1000, Params: dpd_5.0_dpg_0.1_ws_50_mg_6.0_sim_0.5, F1@0.50: 49.98
Processing video: 5085344787448740525
Processing video: 5085357672350628540
Processing video: 5086465773912997411
Processing video: 5092765202446045704Processing video: 5090916219025116054

Processing video: 5097975856769557081
Processing video: 5103182645622502287
Processing video: 5099449889545545450
Processing video: 5134749367588120522
Processing video: 5172231547180314349
Processing video: 5146258161124252727
Processing video: 5173709444596630576
Processing video: 5218949624445806415
Processing video: 5366409594815891602
Processing video: 5525084584552992937
Processing video: 5391892065246550398
total  1173319 subs 9168
Trial 683/1000, Params: dpd_100.0_dpg_10.0_ws_20_mg_2.0_sim_2.0, F1@0.50: 32.79
Processing video: 5085357672350628540Processing video: 5085344787448740525

Processing video: 5086465773912997411
Processing video: 5090916219025116054
Processing video: 5092765202446045704
Processing video: 5099449889545545450
Processing video: 5097975856769557081
Processing video: 5134749367588120522Processing video: 5146258161124252727

Processing video: 5103182645622502287
Processing video: 5172231547180314349
Processing video: 5218949624445806415
Processing video: 5173709444596630576
Processing video: 5391892065246550398
Processing video: 5366409594815891602
Processing video: 5525084584552992937
total  1173319 subs 9168
Trial 684/1000, Params: dpd_1.0_dpg_5.0_ws_20_mg_2.0_sim_0.5, F1@0.50: 49.83
Processing video: 5085344787448740525
Processing video: 5085357672350628540
Processing video: 5086465773912997411
Processing video: 5090916219025116054
Processing video: 5092765202446045704
Processing video: 5097975856769557081
Processing video: 5099449889545545450
Processing video: 5134749367588120522
Processing video: 5146258161124252727
Processing video: 5103182645622502287
Processing video: 5172231547180314349
Processing video: 5173709444596630576
Processing video: 5218949624445806415
Processing video: 5366409594815891602
Processing video: 5391892065246550398
Processing video: 5525084584552992937
total  1173319 subs 9168
Trial 685/1000, Params: dpd_10.0_dpg_100.0_ws_40_mg_10.0_sim_50.0, F1@0.50: 53.83
Processing video: 5085357672350628540
Processing video: 5086465773912997411
Processing video: 5085344787448740525
Processing video: 5090916219025116054Processing video: 5092765202446045704

Processing video: 5097975856769557081
Processing video: 5099449889545545450
Processing video: 5103182645622502287
Processing video: 5134749367588120522Processing video: 5146258161124252727

Processing video: 5173709444596630576
Processing video: 5172231547180314349
Processing video: 5218949624445806415
Processing video: 5391892065246550398
Processing video: 5366409594815891602Processing video: 5525084584552992937

total  1173319 subs 9168
Trial 686/1000, Params: dpd_5.0_dpg_0.8_ws_50_mg_8.0_sim_5.0, F1@0.50: 52.49
Processing video: 5085344787448740525
Processing video: 5085357672350628540
Processing video: 5092765202446045704
Processing video: 5086465773912997411
Processing video: 5090916219025116054
Processing video: 5097975856769557081
Processing video: 5099449889545545450
Processing video: 5103182645622502287
Processing video: 5134749367588120522
Processing video: 5146258161124252727
Processing video: 5172231547180314349
Processing video: 5173709444596630576
Processing video: 5218949624445806415
Processing video: 5366409594815891602
Processing video: 5391892065246550398
Processing video: 5525084584552992937
total  1173319 subs 9168
Trial 687/1000, Params: dpd_1.0_dpg_5.0_ws_30_mg_6.0_sim_50.0, F1@0.50: 49.78
Processing video: 5085344787448740525
Processing video: 5085357672350628540
Processing video: 5086465773912997411
Processing video: 5090916219025116054
Processing video: 5092765202446045704
Processing video: 5097975856769557081
Processing video: 5099449889545545450
Processing video: 5103182645622502287
Processing video: 5134749367588120522
Processing video: 5146258161124252727
Processing video: 5172231547180314349
Processing video: 5391892065246550398Processing video: 5366409594815891602Processing video: 5173709444596630576


Processing video: 5525084584552992937
Processing video: 5218949624445806415
total  1173319 subs 9168
Trial 688/1000, Params: dpd_0.1_dpg_100.0_ws_50_mg_10.0_sim_20.0, F1@0.50: 40.13
Processing video: 5085344787448740525
Processing video: 5086465773912997411
Processing video: 5090916219025116054
Processing video: 5085357672350628540
Processing video: 5092765202446045704
Processing video: 5097975856769557081
Processing video: 5099449889545545450
Processing video: 5103182645622502287
Processing video: 5134749367588120522
Processing video: 5172231547180314349
Processing video: 5146258161124252727
Processing video: 5173709444596630576
Processing video: 5218949624445806415
Processing video: 5366409594815891602
Processing video: 5391892065246550398
Processing video: 5525084584552992937
total  1173319 subs 9168
Trial 689/1000, Params: dpd_100.0_dpg_20.0_ws_50_mg_10.0_sim_50.0, F1@0.50: 41.57
Processing video: 5085344787448740525
Processing video: 5085357672350628540
Processing video: 5086465773912997411
Processing video: 5090916219025116054
Processing video: 5092765202446045704
Processing video: 5097975856769557081
Processing video: 5099449889545545450
Processing video: 5103182645622502287
Processing video: 5134749367588120522
Processing video: 5146258161124252727
Processing video: 5172231547180314349
Processing video: 5173709444596630576
Processing video: 5218949624445806415
Processing video: 5366409594815891602
Processing video: 5391892065246550398
Processing video: 5525084584552992937
total  1173319 subs 9168
Trial 690/1000, Params: dpd_5.0_dpg_2.0_ws_40_mg_8.0_sim_1.0, F1@0.50: 51.14
Processing video: 5085344787448740525
Processing video: 5085357672350628540
Processing video: 5086465773912997411
Processing video: 5090916219025116054
Processing video: 5092765202446045704
Processing video: 5097975856769557081
Processing video: 5099449889545545450
Processing video: 5103182645622502287
Processing video: 5134749367588120522
Processing video: 5146258161124252727
Processing video: 5366409594815891602Processing video: 5172231547180314349Processing video: 5218949624445806415Processing video: 5173709444596630576


Processing video: 5391892065246550398

Processing video: 5525084584552992937
total  1173319 subs 9168
Trial 691/1000, Params: dpd_0.8_dpg_0.1_ws_40_mg_2.0_sim_10.0, F1@0.50: 54.92
Processing video: 5085344787448740525
Processing video: 5085357672350628540
Processing video: 5086465773912997411
Processing video: 5090916219025116054
Processing video: 5092765202446045704
Processing video: 5097975856769557081
Processing video: 5099449889545545450
Processing video: 5103182645622502287
Processing video: 5134749367588120522
Processing video: 5146258161124252727
Processing video: 5172231547180314349
Processing video: 5173709444596630576
Processing video: 5218949624445806415
Processing video: 5391892065246550398
Processing video: 5525084584552992937
Processing video: 5366409594815891602
total  1173319 subs 9168
Trial 692/1000, Params: dpd_10.0_dpg_0.5_ws_50_mg_6.0_sim_5.0, F1@0.50: 49.92
Processing video: 5085357672350628540
Processing video: 5085344787448740525
Processing video: 5090916219025116054
Processing video: 5086465773912997411
Processing video: 5092765202446045704
Processing video: 5097975856769557081
Processing video: 5099449889545545450
Processing video: 5103182645622502287
Processing video: 5134749367588120522
Processing video: 5146258161124252727
Processing video: 5172231547180314349
Processing video: 5173709444596630576
Processing video: 5391892065246550398
Processing video: 5366409594815891602
Processing video: 5218949624445806415Processing video: 5525084584552992937

total  1173319 subs 9168
Trial 693/1000, Params: dpd_20.0_dpg_20.0_ws_40_mg_6.0_sim_0.5, F1@0.50: 47.57
Processing video: 5085344787448740525
Processing video: 5085357672350628540
Processing video: 5086465773912997411
Processing video: 5090916219025116054
Processing video: 5092765202446045704
Processing video: 5097975856769557081
Processing video: 5099449889545545450
Processing video: 5103182645622502287
Processing video: 5134749367588120522
Processing video: 5146258161124252727
Processing video: 5172231547180314349
Processing video: 5173709444596630576
Processing video: 5366409594815891602
Processing video: 5218949624445806415
Processing video: 5525084584552992937
Processing video: 5391892065246550398
total  1173319 subs 9168
Trial 694/1000, Params: dpd_2.0_dpg_5.0_ws_40_mg_2.0_sim_50.0, F1@0.50: 52.96
Processing video: 5085344787448740525
Processing video: 5085357672350628540
Processing video: 5086465773912997411
Processing video: 5090916219025116054
Processing video: 5092765202446045704
Processing video: 5097975856769557081
Processing video: 5099449889545545450
Processing video: 5103182645622502287
Processing video: 5134749367588120522
Processing video: 5146258161124252727
Processing video: 5218949624445806415
Processing video: 5172231547180314349
Processing video: 5391892065246550398
Processing video: 5173709444596630576Processing video: 5366409594815891602

Processing video: 5525084584552992937
total  1173319 subs 9168
Trial 695/1000, Params: dpd_10.0_dpg_100.0_ws_30_mg_2.0_sim_50.0, F1@0.50: 54.2
Processing video: 5085344787448740525
Processing video: 5086465773912997411
Processing video: 5090916219025116054
Processing video: 5085357672350628540
Processing video: 5092765202446045704
Processing video: 5097975856769557081
Processing video: 5099449889545545450
Processing video: 5103182645622502287
Processing video: 5172231547180314349Processing video: 5134749367588120522

Processing video: 5146258161124252727
Processing video: 5173709444596630576
Processing video: 5218949624445806415
Processing video: 5366409594815891602
Processing video: 5391892065246550398
Processing video: 5525084584552992937
total  1173319 subs 9168
Trial 696/1000, Params: dpd_0.1_dpg_0.0_ws_40_mg_4.0_sim_10.0, F1@0.50: 53.43
Processing video: 5085344787448740525
Processing video: 5085357672350628540
Processing video: 5086465773912997411
Processing video: 5090916219025116054
Processing video: 5092765202446045704
Processing video: 5097975856769557081
Processing video: 5099449889545545450
Processing video: 5103182645622502287
Processing video: 5134749367588120522
Processing video: 5172231547180314349
Processing video: 5366409594815891602
Processing video: 5146258161124252727Processing video: 5525084584552992937Processing video: 5218949624445806415


Processing video: 5391892065246550398
Processing video: 5173709444596630576
total  1173319 subs 9168
Trial 697/1000, Params: dpd_0.0_dpg_20.0_ws_50_mg_6.0_sim_50.0, F1@0.50: 46.48
Processing video: 5085344787448740525
Processing video: 5090916219025116054Processing video: 5085357672350628540

Processing video: 5086465773912997411
Processing video: 5092765202446045704
Processing video: 5097975856769557081
Processing video: 5099449889545545450
Processing video: 5103182645622502287
Processing video: 5134749367588120522
Processing video: 5146258161124252727
Processing video: 5173709444596630576
Processing video: 5218949624445806415
Processing video: 5172231547180314349
Processing video: 5366409594815891602
Processing video: 5525084584552992937Processing video: 5391892065246550398

total  1173319 subs 9168
Trial 698/1000, Params: dpd_5.0_dpg_2.0_ws_40_mg_2.0_sim_0.5, F1@0.50: 50.67
Processing video: 5085344787448740525
Processing video: 5085357672350628540
Processing video: 5086465773912997411
Processing video: 5090916219025116054
Processing video: 5092765202446045704
Processing video: 5097975856769557081
Processing video: 5099449889545545450
Processing video: 5103182645622502287
Processing video: 5134749367588120522
Processing video: 5173709444596630576
Processing video: 5146258161124252727
Processing video: 5172231547180314349Processing video: 5218949624445806415

Processing video: 5391892065246550398
Processing video: 5366409594815891602
Processing video: 5525084584552992937
total  1173319 subs 9168
Trial 699/1000, Params: dpd_2.0_dpg_0.0_ws_20_mg_4.0_sim_2.0, F1@0.50: 50.24
Processing video: 5085357672350628540Processing video: 5085344787448740525

Processing video: 5086465773912997411
Processing video: 5092765202446045704
Processing video: 5097975856769557081
Processing video: 5099449889545545450
Processing video: 5090916219025116054
Processing video: 5134749367588120522
Processing video: 5103182645622502287
Processing video: 5172231547180314349
Processing video: 5146258161124252727
Processing video: 5173709444596630576
Processing video: 5366409594815891602
Processing video: 5391892065246550398
Processing video: 5218949624445806415
Processing video: 5525084584552992937
total  1173319 subs 9168
Trial 700/1000, Params: dpd_1.0_dpg_100.0_ws_30_mg_8.0_sim_2.0, F1@0.50: 37.37
Processing video: 5085344787448740525
Processing video: 5085357672350628540
Processing video: 5086465773912997411
Processing video: 5090916219025116054
Processing video: 5097975856769557081
Processing video: 5099449889545545450
Processing video: 5092765202446045704
Processing video: 5134749367588120522
Processing video: 5146258161124252727
Processing video: 5103182645622502287
Processing video: 5172231547180314349
Processing video: 5218949624445806415
Processing video: 5366409594815891602
Processing video: 5173709444596630576
Processing video: 5525084584552992937
Processing video: 5391892065246550398
total  1173319 subs 9168
Trial 701/1000, Params: dpd_0.0_dpg_10.0_ws_20_mg_10.0_sim_5.0, F1@0.50: 49.99
Processing video: 5085344787448740525
Processing video: 5085357672350628540
Processing video: 5086465773912997411
Processing video: 5090916219025116054
Processing video: 5097975856769557081
Processing video: 5099449889545545450Processing video: 5092765202446045704

Processing video: 5103182645622502287
Processing video: 5134749367588120522
Processing video: 5172231547180314349
Processing video: 5146258161124252727
Processing video: 5173709444596630576
Processing video: 5218949624445806415
Processing video: 5366409594815891602
Processing video: 5391892065246550398
Processing video: 5525084584552992937
total  1173319 subs 9168
Trial 702/1000, Params: dpd_5.0_dpg_2.0_ws_50_mg_4.0_sim_20.0, F1@0.50: 57.42
Processing video: 5085344787448740525
Processing video: 5085357672350628540
Processing video: 5086465773912997411
Processing video: 5090916219025116054
Processing video: 5092765202446045704
Processing video: 5097975856769557081
Processing video: 5103182645622502287
Processing video: 5099449889545545450Processing video: 5134749367588120522

Processing video: 5146258161124252727
Processing video: 5172231547180314349
Processing video: 5173709444596630576
Processing video: 5218949624445806415
Processing video: 5366409594815891602
Processing video: 5391892065246550398
Processing video: 5525084584552992937
total  1173319 subs 9168
Trial 703/1000, Params: dpd_1.0_dpg_1.0_ws_30_mg_10.0_sim_20.0, F1@0.50: 55.92
Processing video: 5085344787448740525
Processing video: 5085357672350628540
Processing video: 5086465773912997411
Processing video: 5090916219025116054
Processing video: 5092765202446045704
Processing video: 5097975856769557081
Processing video: 5099449889545545450
Processing video: 5103182645622502287
Processing video: 5134749367588120522
Processing video: 5146258161124252727
Processing video: 5172231547180314349
Processing video: 5173709444596630576
Processing video: 5366409594815891602
Processing video: 5218949624445806415
Processing video: 5391892065246550398
Processing video: 5525084584552992937
total  1173319 subs 9168
Trial 704/1000, Params: dpd_100.0_dpg_100.0_ws_30_mg_6.0_sim_100.0, F1@0.50: 51.25
Processing video: 5085357672350628540
Processing video: 5085344787448740525
Processing video: 5086465773912997411
Processing video: 5090916219025116054
Processing video: 5092765202446045704
Processing video: 5097975856769557081
Processing video: 5099449889545545450
Processing video: 5103182645622502287
Processing video: 5134749367588120522
Processing video: 5146258161124252727
Processing video: 5172231547180314349
Processing video: 5173709444596630576
Processing video: 5218949624445806415
Processing video: 5366409594815891602
Processing video: 5525084584552992937Processing video: 5391892065246550398

total  1173319 subs 9168
Trial 705/1000, Params: dpd_1.0_dpg_0.8_ws_20_mg_6.0_sim_0.0, F1@0.50: 48.76
Processing video: 5085344787448740525
Processing video: 5086465773912997411
Processing video: 5090916219025116054
Processing video: 5092765202446045704
Processing video: 5097975856769557081
Processing video: 5085357672350628540
Processing video: 5099449889545545450
Processing video: 5103182645622502287
Processing video: 5134749367588120522
Processing video: 5146258161124252727
Processing video: 5172231547180314349
Processing video: 5173709444596630576
Processing video: 5366409594815891602
Processing video: 5391892065246550398
Processing video: 5525084584552992937
Processing video: 5218949624445806415
total  1173319 subs 9168
Trial 706/1000, Params: dpd_0.0_dpg_0.8_ws_40_mg_4.0_sim_30.0, F1@0.50: 46.94
Processing video: 5085344787448740525
Processing video: 5085357672350628540
Processing video: 5086465773912997411
Processing video: 5090916219025116054
Processing video: 5092765202446045704
Processing video: 5097975856769557081
Processing video: 5099449889545545450
Processing video: 5103182645622502287
Processing video: 5134749367588120522
Processing video: 5146258161124252727
Processing video: 5172231547180314349
Processing video: 5525084584552992937Processing video: 5218949624445806415Processing video: 5173709444596630576Processing video: 5366409594815891602Processing video: 5391892065246550398




total  1173319 subs 9168
Trial 707/1000, Params: dpd_100.0_dpg_5.0_ws_50_mg_2.0_sim_1.0, F1@0.50: 31.83
Processing video: 5085344787448740525
Processing video: 5085357672350628540
Processing video: 5086465773912997411
Processing video: 5092765202446045704
Processing video: 5090916219025116054
Processing video: 5097975856769557081
Processing video: 5099449889545545450
Processing video: 5103182645622502287
Processing video: 5146258161124252727
Processing video: 5134749367588120522
Processing video: 5172231547180314349
Processing video: 5366409594815891602
Processing video: 5218949624445806415Processing video: 5173709444596630576

Processing video: 5391892065246550398
Processing video: 5525084584552992937
total  1173319 subs 9168
Trial 708/1000, Params: dpd_1.0_dpg_20.0_ws_20_mg_10.0_sim_100.0, F1@0.50: 47.95
Processing video: 5085344787448740525
Processing video: 5085357672350628540
Processing video: 5086465773912997411
Processing video: 5090916219025116054
Processing video: 5092765202446045704
Processing video: 5097975856769557081
Processing video: 5103182645622502287
Processing video: 5134749367588120522
Processing video: 5099449889545545450
Processing video: 5146258161124252727
Processing video: 5525084584552992937Processing video: 5172231547180314349Processing video: 5173709444596630576Processing video: 5218949624445806415

Processing video: 5391892065246550398


Processing video: 5366409594815891602
total  1173319 subs 9168
Trial 709/1000, Params: dpd_20.0_dpg_0.8_ws_30_mg_10.0_sim_2.0, F1@0.50: 44.15
Processing video: 5085344787448740525
Processing video: 5085357672350628540
Processing video: 5086465773912997411
Processing video: 5090916219025116054
Processing video: 5092765202446045704
Processing video: 5097975856769557081
Processing video: 5099449889545545450
Processing video: 5103182645622502287
Processing video: 5134749367588120522
Processing video: 5146258161124252727
Processing video: 5172231547180314349
Processing video: 5173709444596630576
Processing video: 5218949624445806415
Processing video: 5366409594815891602
Processing video: 5391892065246550398
Processing video: 5525084584552992937
total  1173319 subs 9168
Trial 710/1000, Params: dpd_1.0_dpg_2.0_ws_30_mg_8.0_sim_1.0, F1@0.50: 51.35
Processing video: 5085344787448740525
Processing video: 5085357672350628540
Processing video: 5086465773912997411
Processing video: 5090916219025116054
Processing video: 5092765202446045704
Processing video: 5097975856769557081
Processing video: 5099449889545545450
Processing video: 5103182645622502287
Processing video: 5134749367588120522
Processing video: 5146258161124252727
Processing video: 5218949624445806415
Processing video: 5172231547180314349
Processing video: 5391892065246550398
Processing video: 5173709444596630576Processing video: 5366409594815891602

Processing video: 5525084584552992937
total  1173319 subs 9168
Trial 711/1000, Params: dpd_0.5_dpg_0.8_ws_40_mg_8.0_sim_5.0, F1@0.50: 52.85
Processing video: 5085344787448740525
Processing video: 5086465773912997411Processing video: 5085357672350628540

Processing video: 5092765202446045704
Processing video: 5090916219025116054
Processing video: 5099449889545545450
Processing video: 5097975856769557081Processing video: 5103182645622502287

Processing video: 5146258161124252727
Processing video: 5172231547180314349
Processing video: 5134749367588120522
Processing video: 5218949624445806415
Processing video: 5366409594815891602
Processing video: 5173709444596630576
Processing video: 5391892065246550398
Processing video: 5525084584552992937
total  1173319 subs 9168
Trial 712/1000, Params: dpd_5.0_dpg_20.0_ws_30_mg_2.0_sim_20.0, F1@0.50: 57.54
Processing video: 5085344787448740525
Processing video: 5085357672350628540
Processing video: 5086465773912997411
Processing video: 5090916219025116054
Processing video: 5092765202446045704
Processing video: 5097975856769557081
Processing video: 5134749367588120522
Processing video: 5172231547180314349
Processing video: 5218949624445806415
Processing video: 5173709444596630576Processing video: 5103182645622502287

Processing video: 5146258161124252727Processing video: 5099449889545545450

Processing video: 5391892065246550398
Processing video: 5366409594815891602
Processing video: 5525084584552992937
total  1173319 subs 9168
Trial 713/1000, Params: dpd_20.0_dpg_0.8_ws_40_mg_6.0_sim_20.0, F1@0.50: 50.07
Processing video: 5085344787448740525
Processing video: 5085357672350628540
Processing video: 5092765202446045704
Processing video: 5086465773912997411
Processing video: 5090916219025116054
Processing video: 5097975856769557081
Processing video: 5099449889545545450
Processing video: 5103182645622502287
Processing video: 5134749367588120522
Processing video: 5146258161124252727
Processing video: 5172231547180314349
Processing video: 5173709444596630576
Processing video: 5218949624445806415
Processing video: 5366409594815891602
Processing video: 5391892065246550398
Processing video: 5525084584552992937
total  1173319 subs 9168
Trial 714/1000, Params: dpd_5.0_dpg_0.5_ws_30_mg_8.0_sim_30.0, F1@0.50: 56.8
Processing video: 5085344787448740525
Processing video: 5085357672350628540
Processing video: 5086465773912997411
Processing video: 5090916219025116054
Processing video: 5092765202446045704
Processing video: 5097975856769557081
Processing video: 5099449889545545450
Processing video: 5103182645622502287
Processing video: 5134749367588120522
Processing video: 5146258161124252727
Processing video: 5172231547180314349
Processing video: 5173709444596630576
Processing video: 5218949624445806415
Processing video: 5366409594815891602
Processing video: 5391892065246550398
Processing video: 5525084584552992937
total  1173319 subs 9168
Trial 715/1000, Params: dpd_0.0_dpg_2.0_ws_20_mg_2.0_sim_0.0, F1@0.50: 48.5
Processing video: 5085344787448740525
Processing video: 5085357672350628540Processing video: 5086465773912997411
Processing video: 5090916219025116054

Processing video: 5092765202446045704
Processing video: 5097975856769557081
Processing video: 5103182645622502287
Processing video: 5099449889545545450
Processing video: 5134749367588120522
Processing video: 5146258161124252727
Processing video: 5172231547180314349
Processing video: 5173709444596630576
Processing video: 5218949624445806415
Processing video: 5366409594815891602
Processing video: 5391892065246550398
Processing video: 5525084584552992937
total  1173319 subs 9168
Trial 716/1000, Params: dpd_1.0_dpg_20.0_ws_40_mg_10.0_sim_0.5, F1@0.50: 49.09
Processing video: 5085344787448740525
Processing video: 5085357672350628540
Processing video: 5090916219025116054
Processing video: 5086465773912997411
Processing video: 5092765202446045704
Processing video: 5097975856769557081
Processing video: 5099449889545545450
Processing video: 5134749367588120522
Processing video: 5103182645622502287
Processing video: 5146258161124252727
Processing video: 5173709444596630576
Processing video: 5172231547180314349
Processing video: 5391892065246550398
Processing video: 5218949624445806415
Processing video: 5366409594815891602
Processing video: 5525084584552992937
total  1173319 subs 9168
Trial 717/1000, Params: dpd_2.0_dpg_1.0_ws_20_mg_8.0_sim_0.0, F1@0.50: 48.8
Processing video: 5085344787448740525
Processing video: 5085357672350628540
Processing video: 5086465773912997411
Processing video: 5090916219025116054
Processing video: 5092765202446045704
Processing video: 5097975856769557081
Processing video: 5099449889545545450
Processing video: 5103182645622502287
Processing video: 5218949624445806415
Processing video: 5172231547180314349Processing video: 5146258161124252727
Processing video: 5134749367588120522
Processing video: 5173709444596630576

Processing video: 5366409594815891602
Processing video: 5391892065246550398
Processing video: 5525084584552992937
total  1173319 subs 9168
Trial 718/1000, Params: dpd_0.8_dpg_1.0_ws_50_mg_2.0_sim_1.0, F1@0.50: 51.1
Processing video: 5085344787448740525
Processing video: 5086465773912997411
Processing video: 5090916219025116054
Processing video: 5092765202446045704
Processing video: 5097975856769557081
Processing video: 5085357672350628540
Processing video: 5103182645622502287
Processing video: 5099449889545545450
Processing video: 5134749367588120522
Processing video: 5172231547180314349
Processing video: 5146258161124252727
Processing video: 5218949624445806415
Processing video: 5173709444596630576
Processing video: 5391892065246550398
Processing video: 5366409594815891602
Processing video: 5525084584552992937
total  1173319 subs 9168
Trial 719/1000, Params: dpd_20.0_dpg_20.0_ws_20_mg_6.0_sim_30.0, F1@0.50: 53.59
Processing video: 5085344787448740525
Processing video: 5085357672350628540
Processing video: 5086465773912997411
Processing video: 5090916219025116054
Processing video: 5092765202446045704
Processing video: 5097975856769557081
Processing video: 5099449889545545450
Processing video: 5103182645622502287
Processing video: 5172231547180314349
Processing video: 5366409594815891602
Processing video: 5134749367588120522
Processing video: 5146258161124252727
Processing video: 5173709444596630576Processing video: 5218949624445806415

Processing video: 5391892065246550398
Processing video: 5525084584552992937
total  1173319 subs 9168
Trial 720/1000, Params: dpd_0.1_dpg_0.5_ws_20_mg_8.0_sim_20.0, F1@0.50: 51.31
Processing video: 5085344787448740525
Processing video: 5085357672350628540
Processing video: 5086465773912997411
Processing video: 5090916219025116054
Processing video: 5092765202446045704
Processing video: 5097975856769557081
Processing video: 5134749367588120522
Processing video: 5103182645622502287
Processing video: 5146258161124252727
Processing video: 5099449889545545450
Processing video: 5172231547180314349
Processing video: 5173709444596630576
Processing video: 5218949624445806415
Processing video: 5366409594815891602
Processing video: 5391892065246550398
Processing video: 5525084584552992937
total  1173319 subs 9168
Trial 721/1000, Params: dpd_20.0_dpg_1.0_ws_30_mg_4.0_sim_10.0, F1@0.50: 47.82
Processing video: 5085344787448740525
Processing video: 5085357672350628540
Processing video: 5086465773912997411
Processing video: 5090916219025116054
Processing video: 5092765202446045704
Processing video: 5097975856769557081
Processing video: 5099449889545545450
Processing video: 5103182645622502287
Processing video: 5134749367588120522
Processing video: 5146258161124252727
Processing video: 5172231547180314349
Processing video: 5173709444596630576
Processing video: 5218949624445806415
Processing video: 5525084584552992937
Processing video: 5366409594815891602
Processing video: 5391892065246550398
total  1173319 subs 9168
Trial 722/1000, Params: dpd_0.1_dpg_0.5_ws_50_mg_10.0_sim_30.0, F1@0.50: 46.97
Processing video: 5085344787448740525
Processing video: 5090916219025116054Processing video: 5086465773912997411

Processing video: 5085357672350628540
Processing video: 5092765202446045704
Processing video: 5097975856769557081
Processing video: 5099449889545545450
Processing video: 5146258161124252727
Processing video: 5103182645622502287
Processing video: 5134749367588120522
Processing video: 5173709444596630576
Processing video: 5172231547180314349
Processing video: 5366409594815891602
Processing video: 5218949624445806415
Processing video: 5391892065246550398
Processing video: 5525084584552992937
total  1173319 subs 9168
Trial 723/1000, Params: dpd_0.5_dpg_10.0_ws_50_mg_2.0_sim_20.0, F1@0.50: 54.21
Processing video: 5085344787448740525
Processing video: 5085357672350628540
Processing video: 5086465773912997411
Processing video: 5090916219025116054
Processing video: 5092765202446045704
Processing video: 5097975856769557081
Processing video: 5099449889545545450
Processing video: 5103182645622502287
Processing video: 5134749367588120522
Processing video: 5146258161124252727
Processing video: 5218949624445806415
Processing video: 5173709444596630576
Processing video: 5366409594815891602Processing video: 5525084584552992937Processing video: 5391892065246550398
Processing video: 5172231547180314349


total  1173319 subs 9168
Trial 724/1000, Params: dpd_20.0_dpg_0.1_ws_40_mg_8.0_sim_10.0, F1@0.50: 47.8
Processing video: 5085344787448740525
Processing video: 5085357672350628540
Processing video: 5086465773912997411
Processing video: 5090916219025116054
Processing video: 5092765202446045704
Processing video: 5097975856769557081
Processing video: 5099449889545545450
Processing video: 5103182645622502287
Processing video: 5134749367588120522
Processing video: 5146258161124252727
Processing video: 5172231547180314349
Processing video: 5173709444596630576
Processing video: 5218949624445806415
Processing video: 5391892065246550398Processing video: 5525084584552992937
Processing video: 5366409594815891602

total  1173319 subs 9168
Trial 725/1000, Params: dpd_1.0_dpg_5.0_ws_30_mg_4.0_sim_2.0, F1@0.50: 51.69
Processing video: 5085344787448740525
Processing video: 5085357672350628540
Processing video: 5086465773912997411
Processing video: 5090916219025116054
Processing video: 5097975856769557081
Processing video: 5099449889545545450
Processing video: 5103182645622502287
Processing video: 5092765202446045704
Processing video: 5146258161124252727
Processing video: 5172231547180314349
Processing video: 5366409594815891602
Processing video: 5391892065246550398
Processing video: 5134749367588120522Processing video: 5173709444596630576
Processing video: 5218949624445806415

Processing video: 5525084584552992937
total  1173319 subs 9168
Trial 726/1000, Params: dpd_10.0_dpg_0.1_ws_20_mg_6.0_sim_10.0, F1@0.50: 50.62
Processing video: 5085344787448740525
Processing video: 5086465773912997411Processing video: 5085357672350628540

Processing video: 5090916219025116054
Processing video: 5092765202446045704
Processing video: 5097975856769557081
Processing video: 5099449889545545450
Processing video: 5134749367588120522
Processing video: 5103182645622502287
Processing video: 5146258161124252727
Processing video: 5172231547180314349
Processing video: 5173709444596630576
Processing video: 5218949624445806415
Processing video: 5391892065246550398
Processing video: 5525084584552992937
Processing video: 5366409594815891602
total  1173319 subs 9168
Trial 727/1000, Params: dpd_2.0_dpg_5.0_ws_40_mg_8.0_sim_2.0, F1@0.50: 52.5
Processing video: 5085344787448740525
Processing video: 5085357672350628540
Processing video: 5090916219025116054
Processing video: 5092765202446045704
Processing video: 5099449889545545450
Processing video: 5097975856769557081
Processing video: 5086465773912997411
Processing video: 5134749367588120522
Processing video: 5103182645622502287
Processing video: 5146258161124252727
Processing video: 5172231547180314349
Processing video: 5173709444596630576
Processing video: 5218949624445806415
Processing video: 5366409594815891602
Processing video: 5391892065246550398
Processing video: 5525084584552992937
total  1173319 subs 9168
Trial 728/1000, Params: dpd_5.0_dpg_2.0_ws_40_mg_2.0_sim_1.0, F1@0.50: 51.13
Processing video: 5085344787448740525
Processing video: 5085357672350628540Processing video: 5086465773912997411

Processing video: 5090916219025116054
Processing video: 5097975856769557081
Processing video: 5092765202446045704
Processing video: 5103182645622502287
Processing video: 5134749367588120522
Processing video: 5099449889545545450
Processing video: 5172231547180314349
Processing video: 5146258161124252727
Processing video: 5218949624445806415
Processing video: 5173709444596630576
Processing video: 5366409594815891602Processing video: 5525084584552992937

Processing video: 5391892065246550398
total  1173319 subs 9168
Trial 729/1000, Params: dpd_2.0_dpg_100.0_ws_30_mg_8.0_sim_0.0, F1@0.50: 37.4
Processing video: 5085344787448740525
Processing video: 5085357672350628540Processing video: 5086465773912997411

Processing video: 5090916219025116054
Processing video: 5092765202446045704
Processing video: 5097975856769557081
Processing video: 5099449889545545450Processing video: 5103182645622502287

Processing video: 5146258161124252727
Processing video: 5134749367588120522
Processing video: 5172231547180314349
Processing video: 5173709444596630576
Processing video: 5218949624445806415
Processing video: 5366409594815891602
Processing video: 5391892065246550398
Processing video: 5525084584552992937
total  1173319 subs 9168
Trial 730/1000, Params: dpd_100.0_dpg_0.1_ws_30_mg_10.0_sim_5.0, F1@0.50: 33.94
Processing video: 5085344787448740525
Processing video: 5085357672350628540
Processing video: 5086465773912997411
Processing video: 5090916219025116054
Processing video: 5092765202446045704
Processing video: 5097975856769557081
Processing video: 5099449889545545450
Processing video: 5103182645622502287
Processing video: 5134749367588120522
Processing video: 5146258161124252727
Processing video: 5172231547180314349
Processing video: 5173709444596630576
Processing video: 5218949624445806415
Processing video: 5366409594815891602
Processing video: 5391892065246550398
Processing video: 5525084584552992937
total  1173319 subs 9168
Trial 731/1000, Params: dpd_5.0_dpg_0.8_ws_50_mg_2.0_sim_20.0, F1@0.50: 56.83
Processing video: 5085344787448740525
Processing video: 5085357672350628540
Processing video: 5086465773912997411
Processing video: 5090916219025116054
Processing video: 5092765202446045704
Processing video: 5097975856769557081
Processing video: 5099449889545545450
Processing video: 5103182645622502287
Processing video: 5134749367588120522
Processing video: 5146258161124252727
Processing video: 5172231547180314349
Processing video: 5173709444596630576
Processing video: 5218949624445806415
Processing video: 5366409594815891602
Processing video: 5391892065246550398
Processing video: 5525084584552992937
total  1173319 subs 9168
Trial 732/1000, Params: dpd_20.0_dpg_0.5_ws_30_mg_10.0_sim_20.0, F1@0.50: 49.92
Processing video: 5085357672350628540
Processing video: 5090916219025116054
Processing video: 5085344787448740525
Processing video: 5092765202446045704
Processing video: 5086465773912997411
Processing video: 5097975856769557081
Processing video: 5099449889545545450
Processing video: 5146258161124252727
Processing video: 5172231547180314349Processing video: 5103182645622502287Processing video: 5173709444596630576


Processing video: 5134749367588120522
Processing video: 5218949624445806415
Processing video: 5366409594815891602
Processing video: 5391892065246550398
Processing video: 5525084584552992937
total  1173319 subs 9168
Trial 733/1000, Params: dpd_100.0_dpg_20.0_ws_50_mg_10.0_sim_30.0, F1@0.50: 39.11
Processing video: 5085344787448740525
Processing video: 5086465773912997411
Processing video: 5090916219025116054
Processing video: 5092765202446045704
Processing video: 5097975856769557081
Processing video: 5099449889545545450
Processing video: 5103182645622502287
Processing video: 5085357672350628540
Processing video: 5134749367588120522
Processing video: 5146258161124252727
Processing video: 5172231547180314349
Processing video: 5173709444596630576
Processing video: 5218949624445806415
Processing video: 5391892065246550398
Processing video: 5366409594815891602
Processing video: 5525084584552992937
total  1173319 subs 9168
Trial 734/1000, Params: dpd_100.0_dpg_20.0_ws_20_mg_6.0_sim_100.0, F1@0.50: 47.64
Processing video: 5085344787448740525
Processing video: 5085357672350628540
Processing video: 5086465773912997411
Processing video: 5090916219025116054
Processing video: 5092765202446045704
Processing video: 5146258161124252727
Processing video: 5099449889545545450
Processing video: 5097975856769557081Processing video: 5134749367588120522

Processing video: 5172231547180314349Processing video: 5218949624445806415

Processing video: 5173709444596630576
Processing video: 5366409594815891602
Processing video: 5103182645622502287
Processing video: 5391892065246550398
Processing video: 5525084584552992937
total  1173319 subs 9168
Trial 735/1000, Params: dpd_10.0_dpg_10.0_ws_50_mg_4.0_sim_10.0, F1@0.50: 54.52
Processing video: 5085344787448740525
Processing video: 5090916219025116054
Processing video: 5086465773912997411
Processing video: 5085357672350628540
Processing video: 5092765202446045704
Processing video: 5097975856769557081
Processing video: 5099449889545545450
Processing video: 5103182645622502287
Processing video: 5146258161124252727
Processing video: 5172231547180314349
Processing video: 5134749367588120522
Processing video: 5173709444596630576
Processing video: 5218949624445806415
Processing video: 5366409594815891602
Processing video: 5391892065246550398
Processing video: 5525084584552992937
total  1173319 subs 9168
Trial 736/1000, Params: dpd_5.0_dpg_5.0_ws_20_mg_4.0_sim_50.0, F1@0.50: 55.94
Processing video: 5085344787448740525
Processing video: 5085357672350628540
Processing video: 5086465773912997411
Processing video: 5090916219025116054
Processing video: 5092765202446045704
Processing video: 5097975856769557081
Processing video: 5099449889545545450
Processing video: 5103182645622502287
Processing video: 5134749367588120522
Processing video: 5146258161124252727
Processing video: 5173709444596630576
Processing video: 5172231547180314349
Processing video: 5218949624445806415
Processing video: 5391892065246550398Processing video: 5366409594815891602
Processing video: 5525084584552992937

total  1173319 subs 9168
Trial 737/1000, Params: dpd_100.0_dpg_100.0_ws_30_mg_4.0_sim_1.0, F1@0.50: 40.26
Processing video: 5085357672350628540
Processing video: 5085344787448740525
Processing video: 5086465773912997411
Processing video: 5090916219025116054
Processing video: 5092765202446045704
Processing video: 5099449889545545450
Processing video: 5097975856769557081
Processing video: 5103182645622502287
Processing video: 5134749367588120522
Processing video: 5172231547180314349
Processing video: 5173709444596630576
Processing video: 5146258161124252727
Processing video: 5391892065246550398Processing video: 5218949624445806415

Processing video: 5366409594815891602
Processing video: 5525084584552992937
total  1173319 subs 9168
Trial 738/1000, Params: dpd_0.0_dpg_2.0_ws_20_mg_8.0_sim_1.0, F1@0.50: 48.98
Processing video: 5085344787448740525
Processing video: 5085357672350628540
Processing video: 5086465773912997411
Processing video: 5092765202446045704
Processing video: 5090916219025116054
Processing video: 5097975856769557081
Processing video: 5099449889545545450
Processing video: 5103182645622502287
Processing video: 5134749367588120522
Processing video: 5146258161124252727
Processing video: 5172231547180314349
Processing video: 5173709444596630576
Processing video: 5218949624445806415
Processing video: 5366409594815891602
Processing video: 5391892065246550398
Processing video: 5525084584552992937
total  1173319 subs 9168
Trial 739/1000, Params: dpd_2.0_dpg_10.0_ws_30_mg_2.0_sim_1.0, F1@0.50: 51.67
Processing video: 5085357672350628540
Processing video: 5086465773912997411
Processing video: 5085344787448740525
Processing video: 5090916219025116054
Processing video: 5092765202446045704
Processing video: 5099449889545545450
Processing video: 5097975856769557081
Processing video: 5103182645622502287
Processing video: 5134749367588120522
Processing video: 5172231547180314349
Processing video: 5146258161124252727
Processing video: 5173709444596630576
Processing video: 5218949624445806415
Processing video: 5366409594815891602
Processing video: 5391892065246550398
Processing video: 5525084584552992937
total  1173319 subs 9168
Trial 740/1000, Params: dpd_0.5_dpg_0.8_ws_50_mg_6.0_sim_0.0, F1@0.50: 50.33
Processing video: 5085357672350628540
Processing video: 5085344787448740525
Processing video: 5086465773912997411
Processing video: 5090916219025116054
Processing video: 5092765202446045704
Processing video: 5099449889545545450
Processing video: 5097975856769557081
Processing video: 5103182645622502287
Processing video: 5134749367588120522
Processing video: 5146258161124252727
Processing video: 5172231547180314349
Processing video: 5173709444596630576
Processing video: 5218949624445806415
Processing video: 5366409594815891602
Processing video: 5391892065246550398
Processing video: 5525084584552992937
total  1173319 subs 9168
Trial 741/1000, Params: dpd_0.8_dpg_20.0_ws_50_mg_8.0_sim_2.0, F1@0.50: 49.71
Processing video: 5085344787448740525
Processing video: 5085357672350628540
Processing video: 5086465773912997411
Processing video: 5090916219025116054
Processing video: 5092765202446045704
Processing video: 5097975856769557081
Processing video: 5099449889545545450
Processing video: 5103182645622502287
Processing video: 5134749367588120522
Processing video: 5172231547180314349
Processing video: 5146258161124252727
Processing video: 5173709444596630576
Processing video: 5218949624445806415
Processing video: 5366409594815891602
Processing video: 5525084584552992937
Processing video: 5391892065246550398
total  1173319 subs 9168
Trial 742/1000, Params: dpd_20.0_dpg_10.0_ws_30_mg_2.0_sim_0.5, F1@0.50: 44.47
Processing video: 5085344787448740525
Processing video: 5085357672350628540
Processing video: 5090916219025116054
Processing video: 5086465773912997411
Processing video: 5092765202446045704
Processing video: 5097975856769557081
Processing video: 5099449889545545450Processing video: 5103182645622502287

Processing video: 5134749367588120522
Processing video: 5146258161124252727
Processing video: 5172231547180314349
Processing video: 5173709444596630576
Processing video: 5218949624445806415
Processing video: 5366409594815891602
Processing video: 5391892065246550398
Processing video: 5525084584552992937
total  1173319 subs 9168
Trial 743/1000, Params: dpd_20.0_dpg_10.0_ws_30_mg_8.0_sim_2.0, F1@0.50: 45.94
Processing video: 5085344787448740525
Processing video: 5085357672350628540
Processing video: 5086465773912997411
Processing video: 5090916219025116054
Processing video: 5092765202446045704
Processing video: 5099449889545545450
Processing video: 5097975856769557081
Processing video: 5103182645622502287
Processing video: 5134749367588120522
Processing video: 5172231547180314349
Processing video: 5146258161124252727
Processing video: 5173709444596630576
Processing video: 5366409594815891602
Processing video: 5218949624445806415
Processing video: 5391892065246550398
Processing video: 5525084584552992937
total  1173319 subs 9168
Trial 744/1000, Params: dpd_5.0_dpg_0.8_ws_50_mg_4.0_sim_5.0, F1@0.50: 52.6
Processing video: 5085344787448740525
Processing video: 5090916219025116054
Processing video: 5085357672350628540Processing video: 5097975856769557081

Processing video: 5092765202446045704
Processing video: 5099449889545545450
Processing video: 5103182645622502287Processing video: 5134749367588120522

Processing video: 5146258161124252727
Processing video: 5218949624445806415
Processing video: 5172231547180314349
Processing video: 5173709444596630576
Processing video: 5086465773912997411
Processing video: 5366409594815891602
Processing video: 5525084584552992937
Processing video: 5391892065246550398
total  1173319 subs 9168
Trial 745/1000, Params: dpd_2.0_dpg_20.0_ws_50_mg_6.0_sim_50.0, F1@0.50: 53.22
Processing video: 5085357672350628540
Processing video: 5086465773912997411
Processing video: 5090916219025116054
Processing video: 5092765202446045704
Processing video: 5097975856769557081
Processing video: 5085344787448740525
Processing video: 5099449889545545450
Processing video: 5103182645622502287
Processing video: 5134749367588120522
Processing video: 5146258161124252727
Processing video: 5173709444596630576
Processing video: 5172231547180314349
Processing video: 5366409594815891602
Processing video: 5218949624445806415
Processing video: 5391892065246550398
Processing video: 5525084584552992937
total  1173319 subs 9168
Trial 746/1000, Params: dpd_10.0_dpg_10.0_ws_40_mg_4.0_sim_10.0, F1@0.50: 54.54
Processing video: 5085344787448740525
Processing video: 5085357672350628540
Processing video: 5086465773912997411
Processing video: 5090916219025116054
Processing video: 5092765202446045704
Processing video: 5099449889545545450
Processing video: 5097975856769557081
Processing video: 5103182645622502287
Processing video: 5146258161124252727
Processing video: 5134749367588120522
Processing video: 5172231547180314349
Processing video: 5218949624445806415
Processing video: 5173709444596630576
Processing video: 5366409594815891602
Processing video: 5525084584552992937
Processing video: 5391892065246550398
total  1173319 subs 9168
Trial 747/1000, Params: dpd_0.5_dpg_0.0_ws_50_mg_2.0_sim_1.0, F1@0.50: 50.52
Processing video: 5085344787448740525
Processing video: 5085357672350628540
Processing video: 5090916219025116054
Processing video: 5086465773912997411
Processing video: 5092765202446045704
Processing video: 5097975856769557081
Processing video: 5099449889545545450
Processing video: 5103182645622502287
Processing video: 5134749367588120522
Processing video: 5146258161124252727
Processing video: 5366409594815891602
Processing video: 5172231547180314349
Processing video: 5173709444596630576
Processing video: 5391892065246550398
Processing video: 5525084584552992937
Processing video: 5218949624445806415
total  1173319 subs 9168
Trial 748/1000, Params: dpd_20.0_dpg_100.0_ws_30_mg_2.0_sim_30.0, F1@0.50: 52.46
Processing video: 5085344787448740525
Processing video: 5085357672350628540
Processing video: 5086465773912997411
Processing video: 5090916219025116054
Processing video: 5092765202446045704
Processing video: 5097975856769557081
Processing video: 5099449889545545450
Processing video: 5172231547180314349Processing video: 5134749367588120522Processing video: 5146258161124252727Processing video: 5103182645622502287



Processing video: 5173709444596630576
Processing video: 5218949624445806415
Processing video: 5366409594815891602
Processing video: 5525084584552992937
Processing video: 5391892065246550398
total  1173319 subs 9168
Trial 749/1000, Params: dpd_2.0_dpg_1.0_ws_40_mg_8.0_sim_0.0, F1@0.50: 50.75
Processing video: 5085344787448740525
Processing video: 5085357672350628540
Processing video: 5090916219025116054
Processing video: 5086465773912997411
Processing video: 5092765202446045704
Processing video: 5097975856769557081
Processing video: 5099449889545545450Processing video: 5103182645622502287

Processing video: 5134749367588120522
Processing video: 5146258161124252727
Processing video: 5172231547180314349
Processing video: 5173709444596630576
Processing video: 5218949624445806415
Processing video: 5366409594815891602
Processing video: 5391892065246550398
Processing video: 5525084584552992937
total  1173319 subs 9168
Trial 750/1000, Params: dpd_20.0_dpg_100.0_ws_30_mg_10.0_sim_2.0, F1@0.50: 43.94
Processing video: 5085344787448740525
Processing video: 5085357672350628540
Processing video: 5086465773912997411
Processing video: 5092765202446045704
Processing video: 5090916219025116054
Processing video: 5097975856769557081
Processing video: 5099449889545545450
Processing video: 5103182645622502287
Processing video: 5134749367588120522
Processing video: 5146258161124252727
Processing video: 5172231547180314349
Processing video: 5366409594815891602
Processing video: 5525084584552992937
Processing video: 5391892065246550398
Processing video: 5218949624445806415
Processing video: 5173709444596630576
total  1173319 subs 9168
Trial 751/1000, Params: dpd_0.5_dpg_100.0_ws_30_mg_6.0_sim_1.0, F1@0.50: 34.83
Processing video: 5085344787448740525
Processing video: 5086465773912997411
Processing video: 5090916219025116054
Processing video: 5085357672350628540
Processing video: 5092765202446045704
Processing video: 5097975856769557081
Processing video: 5099449889545545450
Processing video: 5103182645622502287
Processing video: 5134749367588120522
Processing video: 5146258161124252727
Processing video: 5172231547180314349
Processing video: 5173709444596630576
Processing video: 5218949624445806415
Processing video: 5366409594815891602
Processing video: 5391892065246550398
Processing video: 5525084584552992937
total  1173319 subs 9168
Trial 752/1000, Params: dpd_1.0_dpg_0.1_ws_30_mg_10.0_sim_50.0, F1@0.50: 47.5
Processing video: 5085344787448740525
Processing video: 5085357672350628540
Processing video: 5086465773912997411
Processing video: 5090916219025116054
Processing video: 5092765202446045704
Processing video: 5097975856769557081
Processing video: 5099449889545545450
Processing video: 5103182645622502287
Processing video: 5134749367588120522
Processing video: 5173709444596630576
Processing video: 5146258161124252727
Processing video: 5366409594815891602
Processing video: 5218949624445806415
Processing video: 5525084584552992937
Processing video: 5391892065246550398
Processing video: 5172231547180314349
total  1173319 subs 9168
Trial 753/1000, Params: dpd_0.1_dpg_20.0_ws_50_mg_6.0_sim_1.0, F1@0.50: 46.13
Processing video: 5085344787448740525
Processing video: 5086465773912997411
Processing video: 5090916219025116054
Processing video: 5085357672350628540
Processing video: 5092765202446045704
Processing video: 5097975856769557081
Processing video: 5099449889545545450
Processing video: 5103182645622502287
Processing video: 5134749367588120522
Processing video: 5146258161124252727
Processing video: 5172231547180314349
Processing video: 5173709444596630576
Processing video: 5218949624445806415
Processing video: 5366409594815891602
Processing video: 5391892065246550398
Processing video: 5525084584552992937
total  1173319 subs 9168
Trial 754/1000, Params: dpd_5.0_dpg_10.0_ws_20_mg_2.0_sim_30.0, F1@0.50: 56.76
Processing video: 5085344787448740525
Processing video: 5085357672350628540
Processing video: 5086465773912997411
Processing video: 5097975856769557081
Processing video: 5090916219025116054
Processing video: 5134749367588120522
Processing video: 5146258161124252727
Processing video: 5103182645622502287Processing video: 5092765202446045704
Processing video: 5099449889545545450
Processing video: 5173709444596630576

Processing video: 5218949624445806415
Processing video: 5172231547180314349
Processing video: 5391892065246550398
Processing video: 5366409594815891602
Processing video: 5525084584552992937
total  1173319 subs 9168
Trial 755/1000, Params: dpd_20.0_dpg_0.5_ws_50_mg_4.0_sim_1.0, F1@0.50: 44.52
Processing video: 5085344787448740525
Processing video: 5086465773912997411
Processing video: 5090916219025116054
Processing video: 5085357672350628540
Processing video: 5092765202446045704
Processing video: 5097975856769557081
Processing video: 5099449889545545450
Processing video: 5103182645622502287
Processing video: 5146258161124252727
Processing video: 5134749367588120522
Processing video: 5172231547180314349
Processing video: 5218949624445806415
Processing video: 5173709444596630576
Processing video: 5366409594815891602
Processing video: 5391892065246550398
Processing video: 5525084584552992937
total  1173319 subs 9168
Trial 756/1000, Params: dpd_2.0_dpg_0.5_ws_40_mg_8.0_sim_100.0, F1@0.50: 43.7
Processing video: 5085344787448740525
Processing video: 5085357672350628540
Processing video: 5086465773912997411
Processing video: 5090916219025116054
Processing video: 5092765202446045704
Processing video: 5097975856769557081
Processing video: 5099449889545545450
Processing video: 5103182645622502287
Processing video: 5134749367588120522
Processing video: 5146258161124252727
Processing video: 5172231547180314349
Processing video: 5173709444596630576
Processing video: 5218949624445806415
Processing video: 5366409594815891602
Processing video: 5391892065246550398
Processing video: 5525084584552992937
total  1173319 subs 9168
Trial 757/1000, Params: dpd_0.8_dpg_20.0_ws_50_mg_10.0_sim_1.0, F1@0.50: 49.08
Processing video: 5085344787448740525
Processing video: 5085357672350628540
Processing video: 5086465773912997411
Processing video: 5090916219025116054
Processing video: 5092765202446045704
Processing video: 5097975856769557081
Processing video: 5099449889545545450
Processing video: 5103182645622502287
Processing video: 5134749367588120522
Processing video: 5172231547180314349
Processing video: 5525084584552992937
Processing video: 5146258161124252727Processing video: 5366409594815891602Processing video: 5218949624445806415Processing video: 5173709444596630576Processing video: 5391892065246550398




total  1173319 subs 9168
Trial 758/1000, Params: dpd_100.0_dpg_10.0_ws_30_mg_10.0_sim_50.0, F1@0.50: 43.27
Processing video: 5085344787448740525
Processing video: 5085357672350628540
Processing video: 5086465773912997411
Processing video: 5090916219025116054
Processing video: 5092765202446045704
Processing video: 5097975856769557081
Processing video: 5099449889545545450
Processing video: 5103182645622502287
Processing video: 5146258161124252727
Processing video: 5134749367588120522
Processing video: 5172231547180314349
Processing video: 5218949624445806415
Processing video: 5173709444596630576
Processing video: 5391892065246550398
Processing video: 5366409594815891602
Processing video: 5525084584552992937
total  1173319 subs 9168
Trial 759/1000, Params: dpd_0.5_dpg_5.0_ws_30_mg_6.0_sim_5.0, F1@0.50: 52.97
Processing video: 5085344787448740525
Processing video: 5090916219025116054
Processing video: 5092765202446045704
Processing video: 5085357672350628540
Processing video: 5103182645622502287
Processing video: 5086465773912997411Processing video: 5097975856769557081Processing video: 5134749367588120522


Processing video: 5099449889545545450
Processing video: 5146258161124252727
Processing video: 5172231547180314349
Processing video: 5173709444596630576
Processing video: 5218949624445806415
Processing video: 5366409594815891602
Processing video: 5525084584552992937
Processing video: 5391892065246550398
total  1173319 subs 9168
Trial 760/1000, Params: dpd_5.0_dpg_0.8_ws_20_mg_10.0_sim_100.0, F1@0.50: 51.2
Processing video: 5085344787448740525
Processing video: 5085357672350628540
Processing video: 5090916219025116054
Processing video: 5086465773912997411Processing video: 5092765202446045704

Processing video: 5097975856769557081
Processing video: 5103182645622502287
Processing video: 5099449889545545450
Processing video: 5134749367588120522
Processing video: 5172231547180314349
Processing video: 5173709444596630576
Processing video: 5146258161124252727
Processing video: 5218949624445806415
Processing video: 5366409594815891602
Processing video: 5391892065246550398
Processing video: 5525084584552992937
total  1173319 subs 9168
Trial 761/1000, Params: dpd_100.0_dpg_0.1_ws_30_mg_6.0_sim_0.5, F1@0.50: 31.83
Processing video: 5085344787448740525
Processing video: 5085357672350628540
Processing video: 5086465773912997411
Processing video: 5090916219025116054
Processing video: 5097975856769557081
Processing video: 5092765202446045704
Processing video: 5099449889545545450
Processing video: 5134749367588120522
Processing video: 5173709444596630576
Processing video: 5146258161124252727Processing video: 5103182645622502287

Processing video: 5172231547180314349
Processing video: 5218949624445806415
Processing video: 5391892065246550398
Processing video: 5366409594815891602
Processing video: 5525084584552992937
total  1173319 subs 9168
Trial 762/1000, Params: dpd_20.0_dpg_1.0_ws_50_mg_6.0_sim_5.0, F1@0.50: 45.92
Processing video: 5085344787448740525
Processing video: 5086465773912997411
Processing video: 5085357672350628540
Processing video: 5090916219025116054
Processing video: 5092765202446045704
Processing video: 5097975856769557081
Processing video: 5099449889545545450
Processing video: 5103182645622502287
Processing video: 5134749367588120522
Processing video: 5146258161124252727
Processing video: 5172231547180314349
Processing video: 5366409594815891602
Processing video: 5173709444596630576
Processing video: 5218949624445806415
Processing video: 5391892065246550398
Processing video: 5525084584552992937
total  1173319 subs 9168
Trial 763/1000, Params: dpd_0.0_dpg_100.0_ws_50_mg_8.0_sim_50.0, F1@0.50: 42.42
Processing video: 5085344787448740525
Processing video: 5085357672350628540
Processing video: 5086465773912997411
Processing video: 5090916219025116054
Processing video: 5092765202446045704
Processing video: 5097975856769557081
Processing video: 5099449889545545450
Processing video: 5103182645622502287
Processing video: 5134749367588120522
Processing video: 5146258161124252727
Processing video: 5172231547180314349
Processing video: 5173709444596630576
Processing video: 5218949624445806415
Processing video: 5366409594815891602
Processing video: 5525084584552992937
Processing video: 5391892065246550398
total  1173319 subs 9168
Trial 764/1000, Params: dpd_100.0_dpg_2.0_ws_30_mg_8.0_sim_0.5, F1@0.50: 31.61
Processing video: 5085344787448740525
Processing video: 5085357672350628540
Processing video: 5086465773912997411
Processing video: 5090916219025116054
Processing video: 5092765202446045704
Processing video: 5097975856769557081
Processing video: 5099449889545545450
Processing video: 5103182645622502287
Processing video: 5134749367588120522
Processing video: 5146258161124252727
Processing video: 5172231547180314349
Processing video: 5173709444596630576
Processing video: 5525084584552992937Processing video: 5366409594815891602

Processing video: 5391892065246550398Processing video: 5218949624445806415

total  1173319 subs 9168
Trial 765/1000, Params: dpd_10.0_dpg_5.0_ws_20_mg_4.0_sim_1.0, F1@0.50: 47.3
Processing video: 5085344787448740525
Processing video: 5085357672350628540
Processing video: 5090916219025116054
Processing video: 5086465773912997411
Processing video: 5099449889545545450
Processing video: 5103182645622502287
Processing video: 5097975856769557081Processing video: 5092765202446045704

Processing video: 5134749367588120522
Processing video: 5146258161124252727
Processing video: 5172231547180314349
Processing video: 5173709444596630576
Processing video: 5218949624445806415
Processing video: 5366409594815891602
Processing video: 5391892065246550398
Processing video: 5525084584552992937
total  1173319 subs 9168
Trial 766/1000, Params: dpd_5.0_dpg_0.0_ws_40_mg_10.0_sim_5.0, F1@0.50: 51.97
Processing video: 5085344787448740525
Processing video: 5085357672350628540
Processing video: 5086465773912997411
Processing video: 5090916219025116054
Processing video: 5092765202446045704
Processing video: 5097975856769557081
Processing video: 5099449889545545450
Processing video: 5103182645622502287
Processing video: 5134749367588120522
Processing video: 5146258161124252727
Processing video: 5172231547180314349
Processing video: 5173709444596630576
Processing video: 5218949624445806415
Processing video: 5366409594815891602
Processing video: 5391892065246550398Processing video: 5525084584552992937

total  1173319 subs 9168
Trial 767/1000, Params: dpd_5.0_dpg_0.8_ws_30_mg_8.0_sim_5.0, F1@0.50: 52.11
Processing video: 5085344787448740525
Processing video: 5085357672350628540
Processing video: 5090916219025116054
Processing video: 5086465773912997411
Processing video: 5092765202446045704
Processing video: 5097975856769557081
Processing video: 5099449889545545450
Processing video: 5103182645622502287
Processing video: 5134749367588120522
Processing video: 5146258161124252727
Processing video: 5172231547180314349
Processing video: 5173709444596630576
Processing video: 5218949624445806415
Processing video: 5366409594815891602
Processing video: 5525084584552992937
Processing video: 5391892065246550398
total  1173319 subs 9168
Trial 768/1000, Params: dpd_0.0_dpg_0.8_ws_30_mg_6.0_sim_5.0, F1@0.50: 52.5
Processing video: 5085344787448740525
Processing video: 5085357672350628540
Processing video: 5086465773912997411
Processing video: 5090916219025116054
Processing video: 5092765202446045704
Processing video: 5097975856769557081
Processing video: 5099449889545545450
Processing video: 5103182645622502287
Processing video: 5134749367588120522
Processing video: 5146258161124252727
Processing video: 5172231547180314349
Processing video: 5173709444596630576
Processing video: 5366409594815891602
Processing video: 5391892065246550398
Processing video: 5218949624445806415
Processing video: 5525084584552992937
total  1173319 subs 9168
Trial 769/1000, Params: dpd_2.0_dpg_100.0_ws_30_mg_2.0_sim_100.0, F1@0.50: 47.27
Processing video: 5085344787448740525
Processing video: 5085357672350628540Processing video: 5086465773912997411

Processing video: 5090916219025116054
Processing video: 5092765202446045704
Processing video: 5097975856769557081
Processing video: 5099449889545545450
Processing video: 5103182645622502287
Processing video: 5134749367588120522
Processing video: 5146258161124252727
Processing video: 5173709444596630576
Processing video: 5172231547180314349Processing video: 5218949624445806415

Processing video: 5366409594815891602
Processing video: 5391892065246550398
Processing video: 5525084584552992937
total  1173319 subs 9168
Trial 770/1000, Params: dpd_5.0_dpg_1.0_ws_30_mg_10.0_sim_50.0, F1@0.50: 56.0
Processing video: 5085344787448740525
Processing video: 5085357672350628540
Processing video: 5086465773912997411
Processing video: 5090916219025116054
Processing video: 5092765202446045704
Processing video: 5097975856769557081
Processing video: 5099449889545545450
Processing video: 5134749367588120522
Processing video: 5103182645622502287
Processing video: 5218949624445806415
Processing video: 5172231547180314349Processing video: 5173709444596630576

Processing video: 5391892065246550398
Processing video: 5366409594815891602
Processing video: 5146258161124252727
Processing video: 5525084584552992937
total  1173319 subs 9168
Trial 771/1000, Params: dpd_5.0_dpg_0.1_ws_20_mg_8.0_sim_30.0, F1@0.50: 55.26
Processing video: 5085344787448740525
Processing video: 5085357672350628540
Processing video: 5086465773912997411
Processing video: 5090916219025116054
Processing video: 5092765202446045704
Processing video: 5097975856769557081
Processing video: 5099449889545545450
Processing video: 5103182645622502287
Processing video: 5134749367588120522
Processing video: 5146258161124252727
Processing video: 5172231547180314349
Processing video: 5173709444596630576
Processing video: 5366409594815891602
Processing video: 5218949624445806415Processing video: 5391892065246550398

Processing video: 5525084584552992937
total  1173319 subs 9168
Trial 772/1000, Params: dpd_10.0_dpg_2.0_ws_30_mg_2.0_sim_30.0, F1@0.50: 55.86
Processing video: 5085344787448740525
Processing video: 5085357672350628540
Processing video: 5086465773912997411
Processing video: 5090916219025116054
Processing video: 5092765202446045704
Processing video: 5097975856769557081
Processing video: 5099449889545545450
Processing video: 5103182645622502287
Processing video: 5134749367588120522
Processing video: 5391892065246550398
Processing video: 5146258161124252727
Processing video: 5173709444596630576
Processing video: 5525084584552992937
Processing video: 5366409594815891602
Processing video: 5218949624445806415
Processing video: 5172231547180314349
total  1173319 subs 9168
Trial 773/1000, Params: dpd_1.0_dpg_10.0_ws_50_mg_10.0_sim_5.0, F1@0.50: 53.5
Processing video: 5085344787448740525
Processing video: 5085357672350628540
Processing video: 5090916219025116054
Processing video: 5086465773912997411
Processing video: 5092765202446045704
Processing video: 5097975856769557081
Processing video: 5099449889545545450
Processing video: 5103182645622502287
Processing video: 5134749367588120522
Processing video: 5146258161124252727
Processing video: 5173709444596630576
Processing video: 5366409594815891602
Processing video: 5172231547180314349
Processing video: 5218949624445806415
Processing video: 5391892065246550398
Processing video: 5525084584552992937
total  1173319 subs 9168
Trial 774/1000, Params: dpd_1.0_dpg_10.0_ws_20_mg_6.0_sim_1.0, F1@0.50: 49.34
Processing video: 5085344787448740525
Processing video: 5085357672350628540
Processing video: 5086465773912997411
Processing video: 5090916219025116054
Processing video: 5092765202446045704
Processing video: 5097975856769557081
Processing video: 5099449889545545450
Processing video: 5103182645622502287
Processing video: 5134749367588120522
Processing video: 5146258161124252727
Processing video: 5172231547180314349
Processing video: 5366409594815891602
Processing video: 5391892065246550398
Processing video: 5173709444596630576
Processing video: 5525084584552992937
Processing video: 5218949624445806415
total  1173319 subs 9168
Trial 775/1000, Params: dpd_5.0_dpg_5.0_ws_30_mg_2.0_sim_0.0, F1@0.50: 50.37
Processing video: 5085344787448740525
Processing video: 5086465773912997411
Processing video: 5090916219025116054
Processing video: 5092765202446045704
Processing video: 5097975856769557081
Processing video: 5099449889545545450
Processing video: 5103182645622502287
Processing video: 5134749367588120522
Processing video: 5146258161124252727
Processing video: 5172231547180314349
Processing video: 5173709444596630576
Processing video: 5218949624445806415
Processing video: 5366409594815891602
Processing video: 5391892065246550398
Processing video: 5525084584552992937
Processing video: 5085357672350628540
total  1173319 subs 9168
Trial 776/1000, Params: dpd_5.0_dpg_0.5_ws_50_mg_6.0_sim_20.0, F1@0.50: 56.79
Processing video: 5085344787448740525
Processing video: 5085357672350628540
Processing video: 5086465773912997411
Processing video: 5090916219025116054
Processing video: 5092765202446045704
Processing video: 5097975856769557081
Processing video: 5099449889545545450
Processing video: 5103182645622502287
Processing video: 5134749367588120522
Processing video: 5172231547180314349
Processing video: 5146258161124252727Processing video: 5173709444596630576

Processing video: 5218949624445806415
Processing video: 5366409594815891602
Processing video: 5391892065246550398
Processing video: 5525084584552992937
total  1173319 subs 9168
Trial 777/1000, Params: dpd_0.1_dpg_20.0_ws_40_mg_8.0_sim_2.0, F1@0.50: 47.28
Processing video: 5085344787448740525
Processing video: 5086465773912997411
Processing video: 5090916219025116054
Processing video: 5092765202446045704
Processing video: 5097975856769557081
Processing video: 5099449889545545450
Processing video: 5103182645622502287
Processing video: 5085357672350628540
Processing video: 5134749367588120522
Processing video: 5146258161124252727
Processing video: 5172231547180314349
Processing video: 5218949624445806415
Processing video: 5366409594815891602
Processing video: 5173709444596630576
Processing video: 5391892065246550398
Processing video: 5525084584552992937
total  1173319 subs 9168
Trial 778/1000, Params: dpd_0.8_dpg_5.0_ws_40_mg_8.0_sim_50.0, F1@0.50: 48.94
Processing video: 5086465773912997411
Processing video: 5085344787448740525
Processing video: 5092765202446045704
Processing video: 5097975856769557081
Processing video: 5090916219025116054Processing video: 5099449889545545450Processing video: 5085357672350628540

Processing video: 5103182645622502287

Processing video: 5134749367588120522
Processing video: 5146258161124252727
Processing video: 5172231547180314349
Processing video: 5173709444596630576
Processing video: 5218949624445806415
Processing video: 5366409594815891602
Processing video: 5525084584552992937
Processing video: 5391892065246550398
total  1173319 subs 9168
Trial 779/1000, Params: dpd_0.5_dpg_0.8_ws_20_mg_4.0_sim_30.0, F1@0.50: 51.79
Processing video: 5085344787448740525
Processing video: 5085357672350628540
Processing video: 5086465773912997411
Processing video: 5090916219025116054
Processing video: 5092765202446045704
Processing video: 5097975856769557081
Processing video: 5099449889545545450
Processing video: 5103182645622502287
Processing video: 5134749367588120522
Processing video: 5146258161124252727
Processing video: 5172231547180314349
Processing video: 5173709444596630576
Processing video: 5218949624445806415
Processing video: 5366409594815891602
Processing video: 5391892065246550398
Processing video: 5525084584552992937
total  1173319 subs 9168
Trial 780/1000, Params: dpd_0.0_dpg_100.0_ws_50_mg_10.0_sim_10.0, F1@0.50: 37.15
Processing video: 5085344787448740525
Processing video: 5085357672350628540
Processing video: 5086465773912997411
Processing video: 5090916219025116054
Processing video: 5092765202446045704
Processing video: 5097975856769557081
Processing video: 5099449889545545450
Processing video: 5103182645622502287
Processing video: 5218949624445806415Processing video: 5172231547180314349Processing video: 5173709444596630576


Processing video: 5134749367588120522Processing video: 5146258161124252727

Processing video: 5366409594815891602
Processing video: 5391892065246550398
Processing video: 5525084584552992937
total  1173319 subs 9168
Trial 781/1000, Params: dpd_20.0_dpg_0.8_ws_40_mg_10.0_sim_20.0, F1@0.50: 50.01
Processing video: 5085344787448740525
Processing video: 5085357672350628540
Processing video: 5086465773912997411
Processing video: 5090916219025116054
Processing video: 5092765202446045704
Processing video: 5097975856769557081
Processing video: 5099449889545545450
Processing video: 5134749367588120522
Processing video: 5103182645622502287
Processing video: 5146258161124252727
Processing video: 5172231547180314349
Processing video: 5173709444596630576
Processing video: 5218949624445806415
Processing video: 5366409594815891602
Processing video: 5391892065246550398
Processing video: 5525084584552992937
total  1173319 subs 9168
Trial 782/1000, Params: dpd_10.0_dpg_2.0_ws_40_mg_4.0_sim_5.0, F1@0.50: 50.69
Processing video: 5085344787448740525
Processing video: 5086465773912997411Processing video: 5085357672350628540

Processing video: 5090916219025116054
Processing video: 5092765202446045704
Processing video: 5097975856769557081
Processing video: 5103182645622502287
Processing video: 5099449889545545450
Processing video: 5134749367588120522
Processing video: 5146258161124252727
Processing video: 5173709444596630576
Processing video: 5172231547180314349
Processing video: 5218949624445806415
Processing video: 5525084584552992937
Processing video: 5366409594815891602
Processing video: 5391892065246550398
total  1173319 subs 9168
Trial 783/1000, Params: dpd_1.0_dpg_5.0_ws_40_mg_2.0_sim_5.0, F1@0.50: 53.62
Processing video: 5085344787448740525
Processing video: 5086465773912997411
Processing video: 5085357672350628540
Processing video: 5090916219025116054
Processing video: 5092765202446045704
Processing video: 5099449889545545450
Processing video: 5097975856769557081
Processing video: 5103182645622502287
Processing video: 5146258161124252727
Processing video: 5173709444596630576
Processing video: 5134749367588120522
Processing video: 5172231547180314349
Processing video: 5218949624445806415
Processing video: 5366409594815891602
Processing video: 5391892065246550398
Processing video: 5525084584552992937
total  1173319 subs 9168
Trial 784/1000, Params: dpd_1.0_dpg_2.0_ws_20_mg_4.0_sim_20.0, F1@0.50: 55.46
Processing video: 5085344787448740525
Processing video: 5086465773912997411
Processing video: 5085357672350628540Processing video: 5090916219025116054

Processing video: 5092765202446045704
Processing video: 5097975856769557081
Processing video: 5103182645622502287
Processing video: 5134749367588120522
Processing video: 5146258161124252727
Processing video: 5099449889545545450
Processing video: 5172231547180314349
Processing video: 5173709444596630576
Processing video: 5218949624445806415
Processing video: 5366409594815891602
Processing video: 5391892065246550398Processing video: 5525084584552992937

total  1173319 subs 9168
Trial 785/1000, Params: dpd_100.0_dpg_2.0_ws_40_mg_8.0_sim_100.0, F1@0.50: 45.97
Processing video: 5085344787448740525
Processing video: 5085357672350628540
Processing video: 5086465773912997411
Processing video: 5090916219025116054
Processing video: 5092765202446045704
Processing video: 5099449889545545450
Processing video: 5097975856769557081
Processing video: 5146258161124252727
Processing video: 5134749367588120522
Processing video: 5103182645622502287
Processing video: 5172231547180314349
Processing video: 5218949624445806415
Processing video: 5173709444596630576
Processing video: 5391892065246550398
Processing video: 5366409594815891602
Processing video: 5525084584552992937
total  1173319 subs 9168
Trial 786/1000, Params: dpd_5.0_dpg_5.0_ws_30_mg_4.0_sim_50.0, F1@0.50: 57.34
Processing video: 5085344787448740525
Processing video: 5085357672350628540
Processing video: 5086465773912997411
Processing video: 5090916219025116054
Processing video: 5092765202446045704
Processing video: 5099449889545545450
Processing video: 5097975856769557081
Processing video: 5134749367588120522
Processing video: 5146258161124252727
Processing video: 5103182645622502287
Processing video: 5172231547180314349Processing video: 5173709444596630576

Processing video: 5366409594815891602
Processing video: 5218949624445806415
Processing video: 5391892065246550398
Processing video: 5525084584552992937
total  1173319 subs 9168
Trial 787/1000, Params: dpd_0.5_dpg_0.0_ws_20_mg_2.0_sim_5.0, F1@0.50: 51.26
Processing video: 5085344787448740525
Processing video: 5085357672350628540
Processing video: 5090916219025116054
Processing video: 5086465773912997411
Processing video: 5092765202446045704
Processing video: 5099449889545545450
Processing video: 5097975856769557081
Processing video: 5103182645622502287
Processing video: 5172231547180314349
Processing video: 5134749367588120522
Processing video: 5146258161124252727
Processing video: 5173709444596630576
Processing video: 5218949624445806415
Processing video: 5391892065246550398
Processing video: 5366409594815891602
Processing video: 5525084584552992937
total  1173319 subs 9168
Trial 788/1000, Params: dpd_0.1_dpg_0.8_ws_40_mg_8.0_sim_30.0, F1@0.50: 47.59
Processing video: 5085344787448740525
Processing video: 5085357672350628540
Processing video: 5086465773912997411
Processing video: 5092765202446045704
Processing video: 5090916219025116054
Processing video: 5097975856769557081
Processing video: 5099449889545545450
Processing video: 5103182645622502287
Processing video: 5146258161124252727
Processing video: 5134749367588120522
Processing video: 5172231547180314349
Processing video: 5173709444596630576
Processing video: 5218949624445806415
Processing video: 5366409594815891602
Processing video: 5391892065246550398
Processing video: 5525084584552992937
total  1173319 subs 9168
Trial 789/1000, Params: dpd_1.0_dpg_20.0_ws_30_mg_8.0_sim_50.0, F1@0.50: 50.6
Processing video: 5085344787448740525
Processing video: 5086465773912997411
Processing video: 5085357672350628540
Processing video: 5090916219025116054
Processing video: 5097975856769557081Processing video: 5092765202446045704

Processing video: 5099449889545545450
Processing video: 5103182645622502287
Processing video: 5134749367588120522
Processing video: 5172231547180314349
Processing video: 5173709444596630576
Processing video: 5146258161124252727
Processing video: 5366409594815891602
Processing video: 5218949624445806415
Processing video: 5391892065246550398
Processing video: 5525084584552992937
total  1173319 subs 9168
Trial 790/1000, Params: dpd_0.5_dpg_0.1_ws_40_mg_4.0_sim_100.0, F1@0.50: 39.17
Processing video: 5085344787448740525
Processing video: 5086465773912997411
Processing video: 5090916219025116054
Processing video: 5085357672350628540
Processing video: 5092765202446045704
Processing video: 5097975856769557081
Processing video: 5099449889545545450
Processing video: 5134749367588120522
Processing video: 5103182645622502287
Processing video: 5173709444596630576
Processing video: 5146258161124252727
Processing video: 5172231547180314349
Processing video: 5366409594815891602
Processing video: 5391892065246550398
Processing video: 5218949624445806415
Processing video: 5525084584552992937
total  1173319 subs 9168
Trial 791/1000, Params: dpd_0.5_dpg_2.0_ws_50_mg_4.0_sim_50.0, F1@0.50: 46.02
Processing video: 5085344787448740525Processing video: 5085357672350628540

Processing video: 5086465773912997411
Processing video: 5090916219025116054
Processing video: 5092765202446045704
Processing video: 5097975856769557081
Processing video: 5099449889545545450
Processing video: 5103182645622502287
Processing video: 5172231547180314349
Processing video: 5134749367588120522
Processing video: 5146258161124252727
Processing video: 5173709444596630576
Processing video: 5218949624445806415
Processing video: 5391892065246550398
Processing video: 5366409594815891602
Processing video: 5525084584552992937
total  1173319 subs 9168
Trial 792/1000, Params: dpd_100.0_dpg_5.0_ws_40_mg_8.0_sim_2.0, F1@0.50: 32.91
Processing video: 5085344787448740525
Processing video: 5085357672350628540
Processing video: 5086465773912997411
Processing video: 5090916219025116054
Processing video: 5092765202446045704
Processing video: 5097975856769557081
Processing video: 5099449889545545450
Processing video: 5103182645622502287
Processing video: 5134749367588120522
Processing video: 5146258161124252727
Processing video: 5172231547180314349
Processing video: 5218949624445806415
Processing video: 5173709444596630576
Processing video: 5391892065246550398
Processing video: 5366409594815891602
Processing video: 5525084584552992937
total  1173319 subs 9168
Trial 793/1000, Params: dpd_0.5_dpg_10.0_ws_20_mg_2.0_sim_5.0, F1@0.50: 51.59
Processing video: 5085357672350628540
Processing video: 5085344787448740525
Processing video: 5086465773912997411
Processing video: 5090916219025116054Processing video: 5092765202446045704

Processing video: 5099449889545545450
Processing video: 5097975856769557081
Processing video: 5146258161124252727
Processing video: 5103182645622502287
Processing video: 5134749367588120522
Processing video: 5173709444596630576
Processing video: 5172231547180314349
Processing video: 5218949624445806415
Processing video: 5366409594815891602
Processing video: 5525084584552992937
Processing video: 5391892065246550398
total  1173319 subs 9168
Trial 794/1000, Params: dpd_0.5_dpg_100.0_ws_30_mg_8.0_sim_1.0, F1@0.50: 34.81
Processing video: 5085344787448740525
Processing video: 5085357672350628540
Processing video: 5086465773912997411
Processing video: 5090916219025116054
Processing video: 5092765202446045704
Processing video: 5099449889545545450
Processing video: 5097975856769557081
Processing video: 5103182645622502287
Processing video: 5134749367588120522
Processing video: 5146258161124252727
Processing video: 5173709444596630576
Processing video: 5172231547180314349
Processing video: 5218949624445806415
Processing video: 5391892065246550398Processing video: 5525084584552992937

Processing video: 5366409594815891602
total  1173319 subs 9168
Trial 795/1000, Params: dpd_0.5_dpg_2.0_ws_20_mg_10.0_sim_1.0, F1@0.50: 49.11
Processing video: 5085344787448740525
Processing video: 5085357672350628540
Processing video: 5086465773912997411
Processing video: 5092765202446045704
Processing video: 5090916219025116054
Processing video: 5097975856769557081
Processing video: 5103182645622502287
Processing video: 5099449889545545450
Processing video: 5146258161124252727
Processing video: 5134749367588120522
Processing video: 5172231547180314349Processing video: 5366409594815891602

Processing video: 5173709444596630576
Processing video: 5218949624445806415
Processing video: 5391892065246550398
Processing video: 5525084584552992937
total  1173319 subs 9168
Trial 796/1000, Params: dpd_10.0_dpg_0.5_ws_50_mg_6.0_sim_0.5, F1@0.50: 47.87
Processing video: 5085344787448740525
Processing video: 5085357672350628540
Processing video: 5086465773912997411
Processing video: 5090916219025116054
Processing video: 5092765202446045704
Processing video: 5099449889545545450
Processing video: 5097975856769557081
Processing video: 5103182645622502287
Processing video: 5172231547180314349
Processing video: 5146258161124252727Processing video: 5134749367588120522

Processing video: 5173709444596630576
Processing video: 5218949624445806415
Processing video: 5366409594815891602
Processing video: 5391892065246550398
Processing video: 5525084584552992937
total  1173319 subs 9168
Trial 797/1000, Params: dpd_1.0_dpg_10.0_ws_50_mg_2.0_sim_20.0, F1@0.50: 55.7
Processing video: 5085344787448740525
Processing video: 5085357672350628540
Processing video: 5090916219025116054
Processing video: 5086465773912997411
Processing video: 5092765202446045704
Processing video: 5097975856769557081
Processing video: 5099449889545545450
Processing video: 5134749367588120522
Processing video: 5103182645622502287
Processing video: 5146258161124252727
Processing video: 5172231547180314349
Processing video: 5173709444596630576
Processing video: 5366409594815891602
Processing video: 5218949624445806415
Processing video: 5391892065246550398
Processing video: 5525084584552992937
total  1173319 subs 9168
Trial 798/1000, Params: dpd_10.0_dpg_0.5_ws_30_mg_2.0_sim_0.0, F1@0.50: 46.62
Processing video: 5085344787448740525
Processing video: 5085357672350628540
Processing video: 5090916219025116054
Processing video: 5086465773912997411
Processing video: 5097975856769557081Processing video: 5092765202446045704

Processing video: 5099449889545545450
Processing video: 5134749367588120522
Processing video: 5103182645622502287
Processing video: 5173709444596630576
Processing video: 5146258161124252727
Processing video: 5172231547180314349
Processing video: 5366409594815891602
Processing video: 5218949624445806415
Processing video: 5391892065246550398
Processing video: 5525084584552992937
total  1173319 subs 9168
Trial 799/1000, Params: dpd_2.0_dpg_0.5_ws_50_mg_2.0_sim_30.0, F1@0.50: 55.66
Processing video: 5085344787448740525
Processing video: 5085357672350628540
Processing video: 5086465773912997411
Processing video: 5090916219025116054
Processing video: 5092765202446045704
Processing video: 5097975856769557081
Processing video: 5099449889545545450
Processing video: 5103182645622502287
Processing video: 5134749367588120522
Processing video: 5172231547180314349
Processing video: 5173709444596630576
Processing video: 5218949624445806415
Processing video: 5146258161124252727
Processing video: 5366409594815891602
Processing video: 5391892065246550398
Processing video: 5525084584552992937
total  1173319 subs 9168
Trial 800/1000, Params: dpd_20.0_dpg_100.0_ws_50_mg_10.0_sim_100.0, F1@0.50: 55.24
Processing video: 5085344787448740525
Processing video: 5085357672350628540
Processing video: 5090916219025116054Processing video: 5086465773912997411

Processing video: 5097975856769557081Processing video: 5092765202446045704

Processing video: 5103182645622502287
Processing video: 5099449889545545450
Processing video: 5134749367588120522
Processing video: 5146258161124252727
Processing video: 5172231547180314349
Processing video: 5173709444596630576
Processing video: 5218949624445806415
Processing video: 5391892065246550398
Processing video: 5366409594815891602
Processing video: 5525084584552992937
total  1173319 subs 9168
Trial 801/1000, Params: dpd_2.0_dpg_2.0_ws_30_mg_6.0_sim_50.0, F1@0.50: 52.29
Processing video: 5085344787448740525
Processing video: 5085357672350628540
Processing video: 5086465773912997411
Processing video: 5090916219025116054
Processing video: 5092765202446045704
Processing video: 5103182645622502287Processing video: 5097975856769557081

Processing video: 5099449889545545450
Processing video: 5134749367588120522
Processing video: 5146258161124252727
Processing video: 5173709444596630576
Processing video: 5172231547180314349
Processing video: 5218949624445806415
Processing video: 5366409594815891602
Processing video: 5391892065246550398
Processing video: 5525084584552992937
total  1173319 subs 9168
Trial 802/1000, Params: dpd_0.8_dpg_0.8_ws_50_mg_10.0_sim_10.0, F1@0.50: 55.11
Processing video: 5085344787448740525
Processing video: 5086465773912997411
Processing video: 5085357672350628540
Processing video: 5090916219025116054
Processing video: 5099449889545545450
Processing video: 5092765202446045704
Processing video: 5097975856769557081
Processing video: 5103182645622502287
Processing video: 5134749367588120522Processing video: 5172231547180314349

Processing video: 5146258161124252727
Processing video: 5173709444596630576
Processing video: 5218949624445806415
Processing video: 5366409594815891602
Processing video: 5391892065246550398
Processing video: 5525084584552992937
total  1173319 subs 9168
Trial 803/1000, Params: dpd_0.5_dpg_0.5_ws_20_mg_8.0_sim_1.0, F1@0.50: 48.99
Processing video: 5085357672350628540
Processing video: 5085344787448740525
Processing video: 5086465773912997411
Processing video: 5090916219025116054
Processing video: 5092765202446045704
Processing video: 5099449889545545450
Processing video: 5103182645622502287
Processing video: 5097975856769557081
Processing video: 5134749367588120522
Processing video: 5172231547180314349
Processing video: 5146258161124252727
Processing video: 5173709444596630576Processing video: 5366409594815891602

Processing video: 5391892065246550398
Processing video: 5218949624445806415
Processing video: 5525084584552992937
total  1173319 subs 9168
Trial 804/1000, Params: dpd_0.8_dpg_100.0_ws_40_mg_4.0_sim_0.5, F1@0.50: 35.36
Processing video: 5085344787448740525
Processing video: 5085357672350628540
Processing video: 5090916219025116054
Processing video: 5086465773912997411
Processing video: 5092765202446045704
Processing video: 5099449889545545450
Processing video: 5097975856769557081
Processing video: 5103182645622502287
Processing video: 5134749367588120522
Processing video: 5146258161124252727
Processing video: 5172231547180314349
Processing video: 5173709444596630576
Processing video: 5218949624445806415
Processing video: 5366409594815891602
Processing video: 5391892065246550398
Processing video: 5525084584552992937
total  1173319 subs 9168
Trial 805/1000, Params: dpd_5.0_dpg_0.0_ws_40_mg_4.0_sim_5.0, F1@0.50: 52.16
Processing video: 5085344787448740525
Processing video: 5085357672350628540
Processing video: 5086465773912997411
Processing video: 5090916219025116054
Processing video: 5092765202446045704
Processing video: 5097975856769557081
Processing video: 5099449889545545450
Processing video: 5134749367588120522
Processing video: 5103182645622502287
Processing video: 5173709444596630576Processing video: 5146258161124252727

Processing video: 5172231547180314349
Processing video: 5218949624445806415
Processing video: 5366409594815891602
Processing video: 5525084584552992937
Processing video: 5391892065246550398
total  1173319 subs 9168
Trial 806/1000, Params: dpd_10.0_dpg_0.8_ws_30_mg_8.0_sim_30.0, F1@0.50: 55.34
Processing video: 5085344787448740525
Processing video: 5086465773912997411Processing video: 5085357672350628540

Processing video: 5090916219025116054
Processing video: 5092765202446045704
Processing video: 5097975856769557081
Processing video: 5103182645622502287
Processing video: 5099449889545545450
Processing video: 5146258161124252727
Processing video: 5134749367588120522
Processing video: 5172231547180314349
Processing video: 5218949624445806415
Processing video: 5173709444596630576
Processing video: 5366409594815891602
Processing video: 5525084584552992937
Processing video: 5391892065246550398
total  1173319 subs 9168
Trial 807/1000, Params: dpd_1.0_dpg_2.0_ws_40_mg_6.0_sim_50.0, F1@0.50: 48.37
Processing video: 5085357672350628540Processing video: 5086465773912997411

Processing video: 5085344787448740525
Processing video: 5090916219025116054
Processing video: 5097975856769557081
Processing video: 5092765202446045704
Processing video: 5134749367588120522
Processing video: 5099449889545545450
Processing video: 5103182645622502287
Processing video: 5146258161124252727
Processing video: 5172231547180314349
Processing video: 5173709444596630576
Processing video: 5218949624445806415
Processing video: 5366409594815891602
Processing video: 5525084584552992937
Processing video: 5391892065246550398
total  1173319 subs 9168
Trial 808/1000, Params: dpd_1.0_dpg_20.0_ws_20_mg_8.0_sim_10.0, F1@0.50: 52.04
Processing video: 5085344787448740525
Processing video: 5085357672350628540
Processing video: 5086465773912997411
Processing video: 5090916219025116054
Processing video: 5092765202446045704
Processing video: 5099449889545545450
Processing video: 5097975856769557081
Processing video: 5103182645622502287
Processing video: 5134749367588120522
Processing video: 5146258161124252727
Processing video: 5172231547180314349
Processing video: 5173709444596630576
Processing video: 5218949624445806415
Processing video: 5366409594815891602
Processing video: 5391892065246550398Processing video: 5525084584552992937

total  1173319 subs 9168
Trial 809/1000, Params: dpd_100.0_dpg_5.0_ws_20_mg_8.0_sim_0.0, F1@0.50: 29.06
Processing video: 5085344787448740525
Processing video: 5092765202446045704
Processing video: 5090916219025116054
Processing video: 5086465773912997411
Processing video: 5085357672350628540
Processing video: 5097975856769557081
Processing video: 5099449889545545450
Processing video: 5134749367588120522
Processing video: 5103182645622502287
Processing video: 5146258161124252727
Processing video: 5172231547180314349
Processing video: 5218949624445806415
Processing video: 5173709444596630576
Processing video: 5391892065246550398
Processing video: 5366409594815891602Processing video: 5525084584552992937

total  1173319 subs 9168
Trial 810/1000, Params: dpd_0.5_dpg_100.0_ws_30_mg_4.0_sim_20.0, F1@0.50: 43.02
Processing video: 5085344787448740525
Processing video: 5086465773912997411Processing video: 5085357672350628540

Processing video: 5090916219025116054
Processing video: 5092765202446045704
Processing video: 5097975856769557081
Processing video: 5099449889545545450
Processing video: 5134749367588120522
Processing video: 5103182645622502287
Processing video: 5146258161124252727
Processing video: 5172231547180314349
Processing video: 5173709444596630576
Processing video: 5218949624445806415
Processing video: 5366409594815891602
Processing video: 5525084584552992937
Processing video: 5391892065246550398
total  1173319 subs 9168
Trial 811/1000, Params: dpd_2.0_dpg_1.0_ws_20_mg_6.0_sim_50.0, F1@0.50: 52.27
Processing video: 5085344787448740525
Processing video: 5085357672350628540
Processing video: 5086465773912997411
Processing video: 5090916219025116054
Processing video: 5092765202446045704
Processing video: 5103182645622502287
Processing video: 5097975856769557081
Processing video: 5099449889545545450
Processing video: 5134749367588120522
Processing video: 5146258161124252727
Processing video: 5172231547180314349
Processing video: 5173709444596630576
Processing video: 5218949624445806415
Processing video: 5366409594815891602
Processing video: 5391892065246550398
Processing video: 5525084584552992937
total  1173319 subs 9168
Trial 812/1000, Params: dpd_100.0_dpg_1.0_ws_30_mg_4.0_sim_30.0, F1@0.50: 40.23
Processing video: 5085344787448740525
Processing video: 5085357672350628540
Processing video: 5086465773912997411
Processing video: 5090916219025116054
Processing video: 5092765202446045704
Processing video: 5097975856769557081
Processing video: 5099449889545545450
Processing video: 5134749367588120522
Processing video: 5103182645622502287
Processing video: 5146258161124252727
Processing video: 5172231547180314349
Processing video: 5173709444596630576
Processing video: 5218949624445806415
Processing video: 5366409594815891602
Processing video: 5525084584552992937
Processing video: 5391892065246550398
total  1173319 subs 9168
Trial 813/1000, Params: dpd_1.0_dpg_100.0_ws_40_mg_6.0_sim_2.0, F1@0.50: 36.98
Processing video: 5085344787448740525
Processing video: 5085357672350628540
Processing video: 5086465773912997411
Processing video: 5090916219025116054
Processing video: 5092765202446045704
Processing video: 5099449889545545450
Processing video: 5097975856769557081
Processing video: 5103182645622502287
Processing video: 5172231547180314349
Processing video: 5134749367588120522
Processing video: 5173709444596630576Processing video: 5146258161124252727

Processing video: 5366409594815891602
Processing video: 5218949624445806415
Processing video: 5525084584552992937Processing video: 5391892065246550398

total  1173319 subs 9168
Trial 814/1000, Params: dpd_0.0_dpg_0.0_ws_30_mg_10.0_sim_1.0, F1@0.50: 49.56
Processing video: 5086465773912997411
Processing video: 5085344787448740525
Processing video: 5085357672350628540
Processing video: 5090916219025116054
Processing video: 5092765202446045704
Processing video: 5097975856769557081
Processing video: 5134749367588120522
Processing video: 5099449889545545450
Processing video: 5103182645622502287
Processing video: 5146258161124252727
Processing video: 5172231547180314349
Processing video: 5173709444596630576
Processing video: 5366409594815891602
Processing video: 5218949624445806415
Processing video: 5391892065246550398
Processing video: 5525084584552992937
total  1173319 subs 9168
Trial 815/1000, Params: dpd_10.0_dpg_20.0_ws_40_mg_10.0_sim_50.0, F1@0.50: 58.23
Processing video: 5085344787448740525
Processing video: 5086465773912997411
Processing video: 5085357672350628540
Processing video: 5090916219025116054
Processing video: 5097975856769557081
Processing video: 5092765202446045704
Processing video: 5099449889545545450
Processing video: 5103182645622502287
Processing video: 5134749367588120522
Processing video: 5173709444596630576
Processing video: 5146258161124252727
Processing video: 5218949624445806415
Processing video: 5391892065246550398
Processing video: 5366409594815891602
Processing video: 5525084584552992937
Processing video: 5172231547180314349
total  1173319 subs 9168
Trial 816/1000, Params: dpd_20.0_dpg_0.5_ws_40_mg_4.0_sim_50.0, F1@0.50: 53.85
Processing video: 5085344787448740525
Processing video: 5085357672350628540
Processing video: 5090916219025116054
Processing video: 5086465773912997411
Processing video: 5092765202446045704
Processing video: 5097975856769557081
Processing video: 5134749367588120522Processing video: 5099449889545545450

Processing video: 5103182645622502287
Processing video: 5146258161124252727
Processing video: 5173709444596630576
Processing video: 5172231547180314349
Processing video: 5366409594815891602
Processing video: 5218949624445806415
Processing video: 5391892065246550398Processing video: 5525084584552992937

total  1173319 subs 9168
Trial 817/1000, Params: dpd_0.1_dpg_20.0_ws_30_mg_6.0_sim_0.5, F1@0.50: 45.2
Processing video: 5085344787448740525
Processing video: 5086465773912997411Processing video: 5085357672350628540
Processing video: 5090916219025116054

Processing video: 5092765202446045704
Processing video: 5099449889545545450
Processing video: 5097975856769557081
Processing video: 5103182645622502287
Processing video: 5146258161124252727
Processing video: 5134749367588120522
Processing video: 5173709444596630576
Processing video: 5172231547180314349
Processing video: 5218949624445806415
Processing video: 5525084584552992937
Processing video: 5391892065246550398
Processing video: 5366409594815891602
total  1173319 subs 9168
Trial 818/1000, Params: dpd_20.0_dpg_2.0_ws_30_mg_6.0_sim_50.0, F1@0.50: 53.56
Processing video: 5085344787448740525
Processing video: 5085357672350628540
Processing video: 5090916219025116054
Processing video: 5086465773912997411
Processing video: 5092765202446045704
Processing video: 5099449889545545450
Processing video: 5097975856769557081
Processing video: 5103182645622502287
Processing video: 5134749367588120522
Processing video: 5146258161124252727
Processing video: 5172231547180314349
Processing video: 5173709444596630576
Processing video: 5218949624445806415
Processing video: 5366409594815891602
Processing video: 5391892065246550398
Processing video: 5525084584552992937
total  1173319 subs 9168
Trial 819/1000, Params: dpd_0.0_dpg_1.0_ws_40_mg_10.0_sim_30.0, F1@0.50: 46.84
Processing video: 5085344787448740525
Processing video: 5085357672350628540
Processing video: 5086465773912997411
Processing video: 5090916219025116054
Processing video: 5092765202446045704
Processing video: 5097975856769557081
Processing video: 5099449889545545450
Processing video: 5103182645622502287
Processing video: 5134749367588120522
Processing video: 5172231547180314349
Processing video: 5146258161124252727
Processing video: 5173709444596630576
Processing video: 5366409594815891602
Processing video: 5218949624445806415
Processing video: 5525084584552992937
Processing video: 5391892065246550398
total  1173319 subs 9168
Trial 820/1000, Params: dpd_20.0_dpg_5.0_ws_20_mg_2.0_sim_10.0, F1@0.50: 48.24
Processing video: 5085344787448740525
Processing video: 5085357672350628540
Processing video: 5086465773912997411
Processing video: 5090916219025116054
Processing video: 5092765202446045704
Processing video: 5099449889545545450
Processing video: 5097975856769557081
Processing video: 5146258161124252727
Processing video: 5103182645622502287
Processing video: 5134749367588120522
Processing video: 5173709444596630576
Processing video: 5172231547180314349
Processing video: 5218949624445806415
Processing video: 5391892065246550398
Processing video: 5366409594815891602
Processing video: 5525084584552992937
total  1173319 subs 9168
Trial 821/1000, Params: dpd_100.0_dpg_100.0_ws_20_mg_6.0_sim_2.0, F1@0.50: 38.65
Processing video: 5085344787448740525
Processing video: 5085357672350628540
Processing video: 5086465773912997411
Processing video: 5090916219025116054
Processing video: 5092765202446045704
Processing video: 5097975856769557081Processing video: 5103182645622502287

Processing video: 5099449889545545450
Processing video: 5134749367588120522
Processing video: 5146258161124252727
Processing video: 5173709444596630576
Processing video: 5172231547180314349
Processing video: 5218949624445806415
Processing video: 5366409594815891602
Processing video: 5525084584552992937
Processing video: 5391892065246550398
total  1173319 subs 9168
Trial 822/1000, Params: dpd_100.0_dpg_10.0_ws_30_mg_6.0_sim_2.0, F1@0.50: 33.28
Processing video: 5085344787448740525
Processing video: 5085357672350628540
Processing video: 5086465773912997411
Processing video: 5090916219025116054
Processing video: 5099449889545545450
Processing video: 5092765202446045704
Processing video: 5097975856769557081
Processing video: 5103182645622502287
Processing video: 5134749367588120522
Processing video: 5146258161124252727
Processing video: 5173709444596630576
Processing video: 5172231547180314349
Processing video: 5218949624445806415
Processing video: 5366409594815891602
Processing video: 5525084584552992937
Processing video: 5391892065246550398
total  1173319 subs 9168
Trial 823/1000, Params: dpd_100.0_dpg_20.0_ws_20_mg_2.0_sim_0.5, F1@0.50: 31.34
Processing video: 5085344787448740525
Processing video: 5085357672350628540
Processing video: 5090916219025116054
Processing video: 5086465773912997411
Processing video: 5097975856769557081
Processing video: 5092765202446045704
Processing video: 5103182645622502287
Processing video: 5099449889545545450
Processing video: 5134749367588120522
Processing video: 5172231547180314349
Processing video: 5146258161124252727
Processing video: 5173709444596630576
Processing video: 5218949624445806415
Processing video: 5391892065246550398
Processing video: 5366409594815891602
Processing video: 5525084584552992937
total  1173319 subs 9168
Trial 824/1000, Params: dpd_0.0_dpg_0.8_ws_30_mg_2.0_sim_100.0, F1@0.50: 41.07
Processing video: 5085344787448740525
Processing video: 5086465773912997411
Processing video: 5090916219025116054
Processing video: 5092765202446045704Processing video: 5085357672350628540

Processing video: 5099449889545545450
Processing video: 5097975856769557081
Processing video: 5103182645622502287
Processing video: 5146258161124252727
Processing video: 5134749367588120522
Processing video: 5173709444596630576Processing video: 5172231547180314349

Processing video: 5218949624445806415
Processing video: 5366409594815891602
Processing video: 5391892065246550398
Processing video: 5525084584552992937
total  1173319 subs 9168
Trial 825/1000, Params: dpd_0.0_dpg_0.0_ws_20_mg_6.0_sim_10.0, F1@0.50: 51.2
Processing video: 5085344787448740525
Processing video: 5085357672350628540
Processing video: 5086465773912997411
Processing video: 5090916219025116054
Processing video: 5092765202446045704
Processing video: 5097975856769557081
Processing video: 5099449889545545450
Processing video: 5134749367588120522Processing video: 5103182645622502287

Processing video: 5172231547180314349
Processing video: 5146258161124252727
Processing video: 5218949624445806415
Processing video: 5173709444596630576
Processing video: 5366409594815891602
Processing video: 5391892065246550398
Processing video: 5525084584552992937
total  1173319 subs 9168
Trial 826/1000, Params: dpd_2.0_dpg_1.0_ws_20_mg_10.0_sim_20.0, F1@0.50: 55.5
Processing video: 5085344787448740525
Processing video: 5085357672350628540
Processing video: 5086465773912997411
Processing video: 5090916219025116054
Processing video: 5092765202446045704
Processing video: 5097975856769557081
Processing video: 5103182645622502287
Processing video: 5099449889545545450
Processing video: 5134749367588120522
Processing video: 5146258161124252727
Processing video: 5172231547180314349
Processing video: 5173709444596630576
Processing video: 5366409594815891602
Processing video: 5218949624445806415
Processing video: 5525084584552992937
Processing video: 5391892065246550398
total  1173319 subs 9168
Trial 827/1000, Params: dpd_0.0_dpg_5.0_ws_40_mg_2.0_sim_100.0, F1@0.50: 40.31
Processing video: 5085344787448740525
Processing video: 5085357672350628540
Processing video: 5086465773912997411
Processing video: 5092765202446045704
Processing video: 5090916219025116054
Processing video: 5097975856769557081
Processing video: 5103182645622502287
Processing video: 5099449889545545450
Processing video: 5134749367588120522
Processing video: 5146258161124252727
Processing video: 5172231547180314349
Processing video: 5173709444596630576Processing video: 5218949624445806415

Processing video: 5366409594815891602
Processing video: 5525084584552992937
Processing video: 5391892065246550398
total  1173319 subs 9168
Trial 828/1000, Params: dpd_0.1_dpg_100.0_ws_50_mg_2.0_sim_10.0, F1@0.50: 37.6
Processing video: 5085344787448740525
Processing video: 5085357672350628540
Processing video: 5086465773912997411
Processing video: 5090916219025116054
Processing video: 5092765202446045704
Processing video: 5099449889545545450Processing video: 5097975856769557081

Processing video: 5103182645622502287
Processing video: 5146258161124252727
Processing video: 5134749367588120522
Processing video: 5172231547180314349
Processing video: 5366409594815891602Processing video: 5173709444596630576

Processing video: 5218949624445806415
Processing video: 5391892065246550398
Processing video: 5525084584552992937
total  1173319 subs 9168
Trial 829/1000, Params: dpd_1.0_dpg_20.0_ws_40_mg_4.0_sim_30.0, F1@0.50: 53.55
Processing video: 5085344787448740525
Processing video: 5085357672350628540
Processing video: 5090916219025116054
Processing video: 5086465773912997411
Processing video: 5092765202446045704
Processing video: 5097975856769557081
Processing video: 5103182645622502287
Processing video: 5099449889545545450
Processing video: 5134749367588120522
Processing video: 5172231547180314349
Processing video: 5146258161124252727Processing video: 5173709444596630576

Processing video: 5218949624445806415
Processing video: 5391892065246550398
Processing video: 5525084584552992937
Processing video: 5366409594815891602
total  1173319 subs 9168
Trial 830/1000, Params: dpd_2.0_dpg_2.0_ws_50_mg_6.0_sim_100.0, F1@0.50: 43.51
Processing video: 5085344787448740525
Processing video: 5086465773912997411
Processing video: 5085357672350628540
Processing video: 5090916219025116054
Processing video: 5092765202446045704
Processing video: 5097975856769557081
Processing video: 5103182645622502287
Processing video: 5099449889545545450
Processing video: 5134749367588120522
Processing video: 5146258161124252727
Processing video: 5172231547180314349
Processing video: 5173709444596630576
Processing video: 5366409594815891602
Processing video: 5218949624445806415
Processing video: 5391892065246550398Processing video: 5525084584552992937

total  1173319 subs 9168
Trial 831/1000, Params: dpd_5.0_dpg_100.0_ws_30_mg_6.0_sim_0.0, F1@0.50: 41.3
Processing video: 5085357672350628540
Processing video: 5085344787448740525
Processing video: 5086465773912997411
Processing video: 5092765202446045704
Processing video: 5090916219025116054
Processing video: 5097975856769557081
Processing video: 5099449889545545450
Processing video: 5134749367588120522
Processing video: 5103182645622502287
Processing video: 5146258161124252727
Processing video: 5172231547180314349
Processing video: 5173709444596630576
Processing video: 5366409594815891602
Processing video: 5218949624445806415
Processing video: 5391892065246550398
Processing video: 5525084584552992937
total  1173319 subs 9168
Trial 832/1000, Params: dpd_0.5_dpg_10.0_ws_40_mg_4.0_sim_1.0, F1@0.50: 50.39
Processing video: 5085344787448740525
Processing video: 5085357672350628540
Processing video: 5086465773912997411
Processing video: 5092765202446045704
Processing video: 5090916219025116054
Processing video: 5097975856769557081
Processing video: 5099449889545545450
Processing video: 5134749367588120522
Processing video: 5103182645622502287
Processing video: 5172231547180314349
Processing video: 5146258161124252727Processing video: 5173709444596630576

Processing video: 5218949624445806415
Processing video: 5366409594815891602
Processing video: 5391892065246550398
Processing video: 5525084584552992937
total  1173319 subs 9168
Trial 833/1000, Params: dpd_0.8_dpg_0.1_ws_20_mg_8.0_sim_1.0, F1@0.50: 49.12
Processing video: 5085344787448740525
Processing video: 5085357672350628540
Processing video: 5086465773912997411
Processing video: 5090916219025116054
Processing video: 5092765202446045704
Processing video: 5097975856769557081
Processing video: 5099449889545545450
Processing video: 5103182645622502287
Processing video: 5134749367588120522
Processing video: 5172231547180314349
Processing video: 5146258161124252727
Processing video: 5218949624445806415
Processing video: 5173709444596630576
Processing video: 5366409594815891602
Processing video: 5525084584552992937
Processing video: 5391892065246550398
total  1173319 subs 9168
Trial 834/1000, Params: dpd_0.1_dpg_0.0_ws_40_mg_6.0_sim_30.0, F1@0.50: 46.26
Processing video: 5085344787448740525
Processing video: 5085357672350628540
Processing video: 5092765202446045704
Processing video: 5086465773912997411
Processing video: 5090916219025116054
Processing video: 5097975856769557081
Processing video: 5099449889545545450
Processing video: 5134749367588120522
Processing video: 5103182645622502287
Processing video: 5172231547180314349
Processing video: 5146258161124252727
Processing video: 5173709444596630576
Processing video: 5218949624445806415
Processing video: 5366409594815891602
Processing video: 5391892065246550398
Processing video: 5525084584552992937
total  1173319 subs 9168
Trial 835/1000, Params: dpd_2.0_dpg_0.8_ws_50_mg_10.0_sim_20.0, F1@0.50: 57.2
Processing video: 5085344787448740525
Processing video: 5085357672350628540
Processing video: 5086465773912997411
Processing video: 5090916219025116054
Processing video: 5092765202446045704
Processing video: 5097975856769557081
Processing video: 5134749367588120522
Processing video: 5099449889545545450
Processing video: 5103182645622502287
Processing video: 5146258161124252727
Processing video: 5172231547180314349
Processing video: 5173709444596630576
Processing video: 5366409594815891602
Processing video: 5218949624445806415
Processing video: 5391892065246550398
Processing video: 5525084584552992937
total  1173319 subs 9168
Trial 836/1000, Params: dpd_10.0_dpg_2.0_ws_30_mg_10.0_sim_0.0, F1@0.50: 46.54
Processing video: 5085344787448740525
Processing video: 5085357672350628540
Processing video: 5090916219025116054
Processing video: 5086465773912997411
Processing video: 5092765202446045704
Processing video: 5097975856769557081
Processing video: 5099449889545545450
Processing video: 5103182645622502287
Processing video: 5134749367588120522
Processing video: 5146258161124252727
Processing video: 5172231547180314349
Processing video: 5173709444596630576
Processing video: 5218949624445806415
Processing video: 5366409594815891602
Processing video: 5391892065246550398
Processing video: 5525084584552992937
total  1173319 subs 9168
Trial 837/1000, Params: dpd_5.0_dpg_0.0_ws_20_mg_8.0_sim_10.0, F1@0.50: 51.91
Processing video: 5085344787448740525
Processing video: 5085357672350628540
Processing video: 5086465773912997411
Processing video: 5099449889545545450
Processing video: 5090916219025116054
Processing video: 5103182645622502287
Processing video: 5146258161124252727
Processing video: 5092765202446045704Processing video: 5097975856769557081Processing video: 5134749367588120522


Processing video: 5172231547180314349
Processing video: 5173709444596630576
Processing video: 5218949624445806415
Processing video: 5366409594815891602
Processing video: 5391892065246550398
Processing video: 5525084584552992937
total  1173319 subs 9168
Trial 838/1000, Params: dpd_1.0_dpg_100.0_ws_50_mg_10.0_sim_2.0, F1@0.50: 36.44
Processing video: 5085344787448740525
Processing video: 5085357672350628540
Processing video: 5086465773912997411
Processing video: 5090916219025116054
Processing video: 5092765202446045704
Processing video: 5097975856769557081
Processing video: 5099449889545545450
Processing video: 5103182645622502287
Processing video: 5134749367588120522
Processing video: 5146258161124252727
Processing video: 5172231547180314349
Processing video: 5173709444596630576
Processing video: 5218949624445806415
Processing video: 5366409594815891602
Processing video: 5391892065246550398
Processing video: 5525084584552992937
total  1173319 subs 9168
Trial 839/1000, Params: dpd_5.0_dpg_0.0_ws_30_mg_10.0_sim_50.0, F1@0.50: 55.47
Processing video: 5085344787448740525
Processing video: 5085357672350628540
Processing video: 5086465773912997411
Processing video: 5090916219025116054
Processing video: 5092765202446045704
Processing video: 5097975856769557081
Processing video: 5099449889545545450
Processing video: 5103182645622502287
Processing video: 5134749367588120522
Processing video: 5146258161124252727
Processing video: 5172231547180314349
Processing video: 5173709444596630576
Processing video: 5218949624445806415
Processing video: 5366409594815891602
Processing video: 5525084584552992937
Processing video: 5391892065246550398
total  1173319 subs 9168
Trial 840/1000, Params: dpd_0.5_dpg_1.0_ws_50_mg_4.0_sim_10.0, F1@0.50: 55.13
Processing video: 5085344787448740525
Processing video: 5085357672350628540
Processing video: 5086465773912997411
Processing video: 5090916219025116054
Processing video: 5092765202446045704
Processing video: 5097975856769557081
Processing video: 5099449889545545450
Processing video: 5103182645622502287
Processing video: 5134749367588120522
Processing video: 5218949624445806415Processing video: 5173709444596630576

Processing video: 5366409594815891602
Processing video: 5172231547180314349
Processing video: 5146258161124252727
Processing video: 5391892065246550398
Processing video: 5525084584552992937
total  1173319 subs 9168
Trial 841/1000, Params: dpd_0.8_dpg_100.0_ws_50_mg_8.0_sim_20.0, F1@0.50: 42.4
Processing video: 5085344787448740525
Processing video: 5086465773912997411
Processing video: 5090916219025116054
Processing video: 5085357672350628540
Processing video: 5092765202446045704
Processing video: 5097975856769557081
Processing video: 5099449889545545450
Processing video: 5103182645622502287
Processing video: 5134749367588120522
Processing video: 5146258161124252727
Processing video: 5172231547180314349
Processing video: 5173709444596630576
Processing video: 5218949624445806415
Processing video: 5366409594815891602
Processing video: 5391892065246550398
Processing video: 5525084584552992937
total  1173319 subs 9168
Trial 842/1000, Params: dpd_2.0_dpg_1.0_ws_50_mg_2.0_sim_20.0, F1@0.50: 57.45
Processing video: 5085344787448740525
Processing video: 5085357672350628540
Processing video: 5086465773912997411
Processing video: 5090916219025116054
Processing video: 5092765202446045704
Processing video: 5097975856769557081
Processing video: 5099449889545545450
Processing video: 5103182645622502287
Processing video: 5146258161124252727
Processing video: 5172231547180314349Processing video: 5218949624445806415
Processing video: 5134749367588120522Processing video: 5366409594815891602Processing video: 5173709444596630576



Processing video: 5391892065246550398
Processing video: 5525084584552992937
total  1173319 subs 9168
Trial 843/1000, Params: dpd_0.5_dpg_0.0_ws_50_mg_6.0_sim_0.5, F1@0.50: 50.12
Processing video: 5085344787448740525
Processing video: 5085357672350628540
Processing video: 5086465773912997411
Processing video: 5090916219025116054
Processing video: 5092765202446045704
Processing video: 5097975856769557081
Processing video: 5099449889545545450
Processing video: 5103182645622502287
Processing video: 5134749367588120522
Processing video: 5146258161124252727
Processing video: 5391892065246550398
Processing video: 5173709444596630576Processing video: 5366409594815891602

Processing video: 5218949624445806415
Processing video: 5172231547180314349
Processing video: 5525084584552992937
total  1173319 subs 9168
Trial 844/1000, Params: dpd_0.1_dpg_5.0_ws_50_mg_6.0_sim_10.0, F1@0.50: 54.33
Processing video: 5085344787448740525
Processing video: 5085357672350628540
Processing video: 5086465773912997411
Processing video: 5090916219025116054
Processing video: 5092765202446045704
Processing video: 5097975856769557081
Processing video: 5099449889545545450
Processing video: 5172231547180314349Processing video: 5146258161124252727Processing video: 5103182645622502287
Processing video: 5134749367588120522


Processing video: 5173709444596630576
Processing video: 5218949624445806415
Processing video: 5366409594815891602
Processing video: 5525084584552992937
Processing video: 5391892065246550398
total  1173319 subs 9168
Trial 845/1000, Params: dpd_5.0_dpg_1.0_ws_20_mg_6.0_sim_20.0, F1@0.50: 54.74
Processing video: 5085344787448740525
Processing video: 5085357672350628540
Processing video: 5090916219025116054
Processing video: 5086465773912997411
Processing video: 5092765202446045704
Processing video: 5097975856769557081
Processing video: 5134749367588120522
Processing video: 5099449889545545450
Processing video: 5146258161124252727
Processing video: 5172231547180314349Processing video: 5103182645622502287

Processing video: 5173709444596630576
Processing video: 5218949624445806415
Processing video: 5366409594815891602
Processing video: 5391892065246550398
Processing video: 5525084584552992937
total  1173319 subs 9168
Trial 846/1000, Params: dpd_0.5_dpg_0.0_ws_20_mg_8.0_sim_0.5, F1@0.50: 48.57
Processing video: 5085344787448740525
Processing video: 5085357672350628540
Processing video: 5086465773912997411
Processing video: 5090916219025116054
Processing video: 5092765202446045704
Processing video: 5097975856769557081
Processing video: 5099449889545545450
Processing video: 5103182645622502287
Processing video: 5134749367588120522
Processing video: 5146258161124252727
Processing video: 5172231547180314349
Processing video: 5173709444596630576
Processing video: 5218949624445806415
Processing video: 5366409594815891602
Processing video: 5391892065246550398
Processing video: 5525084584552992937
total  1173319 subs 9168
Trial 847/1000, Params: dpd_5.0_dpg_100.0_ws_30_mg_4.0_sim_100.0, F1@0.50: 51.2
Processing video: 5085344787448740525
Processing video: 5085357672350628540
Processing video: 5086465773912997411
Processing video: 5090916219025116054
Processing video: 5092765202446045704
Processing video: 5097975856769557081
Processing video: 5099449889545545450
Processing video: 5103182645622502287
Processing video: 5134749367588120522
Processing video: 5146258161124252727
Processing video: 5172231547180314349
Processing video: 5173709444596630576
Processing video: 5218949624445806415
Processing video: 5366409594815891602
Processing video: 5525084584552992937
Processing video: 5391892065246550398
total  1173319 subs 9168
Trial 848/1000, Params: dpd_0.1_dpg_100.0_ws_50_mg_8.0_sim_2.0, F1@0.50: 33.47
Processing video: 5085344787448740525
Processing video: 5085357672350628540
Processing video: 5086465773912997411
Processing video: 5090916219025116054
Processing video: 5092765202446045704
Processing video: 5097975856769557081
Processing video: 5099449889545545450
Processing video: 5103182645622502287
Processing video: 5134749367588120522
Processing video: 5146258161124252727
Processing video: 5172231547180314349
Processing video: 5173709444596630576
Processing video: 5218949624445806415
Processing video: 5366409594815891602
Processing video: 5391892065246550398
Processing video: 5525084584552992937
total  1173319 subs 9168
Trial 849/1000, Params: dpd_100.0_dpg_0.1_ws_20_mg_8.0_sim_2.0, F1@0.50: 32.03
Processing video: 5085344787448740525
Processing video: 5086465773912997411
Processing video: 5090916219025116054
Processing video: 5134749367588120522
Processing video: 5085357672350628540Processing video: 5092765202446045704

Processing video: 5097975856769557081
Processing video: 5103182645622502287
Processing video: 5146258161124252727
Processing video: 5099449889545545450
Processing video: 5172231547180314349
Processing video: 5173709444596630576
Processing video: 5218949624445806415
Processing video: 5525084584552992937
Processing video: 5391892065246550398Processing video: 5366409594815891602

total  1173319 subs 9168
Trial 850/1000, Params: dpd_0.0_dpg_100.0_ws_20_mg_4.0_sim_30.0, F1@0.50: 45.1
Processing video: 5085344787448740525
Processing video: 5085357672350628540
Processing video: 5090916219025116054
Processing video: 5086465773912997411
Processing video: 5092765202446045704
Processing video: 5097975856769557081
Processing video: 5134749367588120522
Processing video: 5146258161124252727
Processing video: 5103182645622502287Processing video: 5099449889545545450

Processing video: 5173709444596630576
Processing video: 5218949624445806415
Processing video: 5172231547180314349
Processing video: 5525084584552992937
Processing video: 5366409594815891602
Processing video: 5391892065246550398
total  1173319 subs 9168
Trial 851/1000, Params: dpd_0.5_dpg_2.0_ws_50_mg_2.0_sim_0.5, F1@0.50: 50.67
Processing video: 5085344787448740525
Processing video: 5085357672350628540
Processing video: 5086465773912997411
Processing video: 5090916219025116054
Processing video: 5092765202446045704
Processing video: 5097975856769557081
Processing video: 5099449889545545450
Processing video: 5103182645622502287
Processing video: 5134749367588120522
Processing video: 5146258161124252727
Processing video: 5172231547180314349
Processing video: 5173709444596630576
Processing video: 5218949624445806415
Processing video: 5366409594815891602
Processing video: 5391892065246550398
Processing video: 5525084584552992937
total  1173319 subs 9168
Trial 852/1000, Params: dpd_0.8_dpg_10.0_ws_40_mg_8.0_sim_5.0, F1@0.50: 53.2
Processing video: 5085344787448740525
Processing video: 5085357672350628540
Processing video: 5086465773912997411
Processing video: 5090916219025116054
Processing video: 5092765202446045704
Processing video: 5097975856769557081
Processing video: 5099449889545545450
Processing video: 5103182645622502287
Processing video: 5134749367588120522
Processing video: 5146258161124252727
Processing video: 5172231547180314349
Processing video: 5173709444596630576
Processing video: 5218949624445806415
Processing video: 5366409594815891602
Processing video: 5391892065246550398
Processing video: 5525084584552992937
total  1173319 subs 9168
Trial 853/1000, Params: dpd_100.0_dpg_5.0_ws_20_mg_8.0_sim_50.0, F1@0.50: 44.34
Processing video: 5085344787448740525
Processing video: 5086465773912997411
Processing video: 5090916219025116054Processing video: 5092765202446045704Processing video: 5085357672350628540


Processing video: 5097975856769557081
Processing video: 5134749367588120522
Processing video: 5099449889545545450
Processing video: 5103182645622502287
Processing video: 5173709444596630576
Processing video: 5172231547180314349
Processing video: 5146258161124252727
Processing video: 5218949624445806415
Processing video: 5391892065246550398
Processing video: 5366409594815891602
Processing video: 5525084584552992937
total  1173319 subs 9168
Trial 854/1000, Params: dpd_1.0_dpg_0.8_ws_30_mg_8.0_sim_1.0, F1@0.50: 50.93
Processing video: 5085344787448740525
Processing video: 5085357672350628540
Processing video: 5086465773912997411
Processing video: 5090916219025116054
Processing video: 5092765202446045704
Processing video: 5097975856769557081
Processing video: 5099449889545545450
Processing video: 5103182645622502287
Processing video: 5134749367588120522
Processing video: 5146258161124252727
Processing video: 5172231547180314349
Processing video: 5173709444596630576
Processing video: 5218949624445806415
Processing video: 5366409594815891602
Processing video: 5391892065246550398
Processing video: 5525084584552992937
total  1173319 subs 9168
Trial 855/1000, Params: dpd_1.0_dpg_20.0_ws_20_mg_6.0_sim_50.0, F1@0.50: 51.4
Processing video: 5085344787448740525
Processing video: 5085357672350628540
Processing video: 5086465773912997411
Processing video: 5090916219025116054
Processing video: 5092765202446045704
Processing video: 5097975856769557081
Processing video: 5099449889545545450
Processing video: 5103182645622502287
Processing video: 5134749367588120522
Processing video: 5146258161124252727
Processing video: 5172231547180314349
Processing video: 5173709444596630576
Processing video: 5218949624445806415
Processing video: 5366409594815891602
Processing video: 5391892065246550398
Processing video: 5525084584552992937
total  1173319 subs 9168
Trial 856/1000, Params: dpd_100.0_dpg_1.0_ws_40_mg_10.0_sim_20.0, F1@0.50: 37.57
Processing video: 5085344787448740525
Processing video: 5085357672350628540
Processing video: 5086465773912997411
Processing video: 5090916219025116054
Processing video: 5092765202446045704
Processing video: 5097975856769557081
Processing video: 5099449889545545450
Processing video: 5103182645622502287
Processing video: 5134749367588120522
Processing video: 5366409594815891602
Processing video: 5146258161124252727
Processing video: 5391892065246550398
Processing video: 5172231547180314349
Processing video: 5173709444596630576
Processing video: 5525084584552992937
Processing video: 5218949624445806415
total  1173319 subs 9168
Trial 857/1000, Params: dpd_5.0_dpg_0.1_ws_20_mg_6.0_sim_0.5, F1@0.50: 47.67
Processing video: 5085344787448740525
Processing video: 5085357672350628540
Processing video: 5086465773912997411
Processing video: 5090916219025116054
Processing video: 5092765202446045704
Processing video: 5097975856769557081
Processing video: 5099449889545545450
Processing video: 5103182645622502287Processing video: 5134749367588120522

Processing video: 5146258161124252727
Processing video: 5173709444596630576
Processing video: 5172231547180314349
Processing video: 5218949624445806415
Processing video: 5366409594815891602
Processing video: 5391892065246550398
Processing video: 5525084584552992937
total  1173319 subs 9168
Trial 858/1000, Params: dpd_5.0_dpg_0.1_ws_40_mg_2.0_sim_20.0, F1@0.50: 57.07
Processing video: 5085344787448740525
Processing video: 5085357672350628540
Processing video: 5086465773912997411
Processing video: 5090916219025116054
Processing video: 5092765202446045704
Processing video: 5097975856769557081
Processing video: 5099449889545545450
Processing video: 5103182645622502287
Processing video: 5134749367588120522
Processing video: 5146258161124252727
Processing video: 5172231547180314349
Processing video: 5173709444596630576
Processing video: 5218949624445806415
Processing video: 5366409594815891602
Processing video: 5391892065246550398
Processing video: 5525084584552992937
total  1173319 subs 9168
Trial 859/1000, Params: dpd_5.0_dpg_5.0_ws_50_mg_6.0_sim_0.0, F1@0.50: 51.13
Processing video: 5085344787448740525
Processing video: 5085357672350628540
Processing video: 5086465773912997411
Processing video: 5092765202446045704
Processing video: 5090916219025116054
Processing video: 5097975856769557081
Processing video: 5099449889545545450
Processing video: 5103182645622502287
Processing video: 5134749367588120522
Processing video: 5146258161124252727
Processing video: 5172231547180314349
Processing video: 5173709444596630576
Processing video: 5218949624445806415
Processing video: 5366409594815891602
Processing video: 5391892065246550398
Processing video: 5525084584552992937
total  1173319 subs 9168
Trial 860/1000, Params: dpd_0.8_dpg_100.0_ws_20_mg_10.0_sim_30.0, F1@0.50: 46.26
Processing video: 5085344787448740525
Processing video: 5085357672350628540
Processing video: 5086465773912997411
Processing video: 5090916219025116054
Processing video: 5092765202446045704
Processing video: 5097975856769557081
Processing video: 5146258161124252727Processing video: 5103182645622502287Processing video: 5099449889545545450

Processing video: 5134749367588120522
Processing video: 5172231547180314349

Processing video: 5173709444596630576
Processing video: 5218949624445806415
Processing video: 5366409594815891602
Processing video: 5391892065246550398
Processing video: 5525084584552992937
total  1173319 subs 9168
Trial 861/1000, Params: dpd_10.0_dpg_0.8_ws_40_mg_6.0_sim_1.0, F1@0.50: 48.02
Processing video: 5085344787448740525
Processing video: 5086465773912997411
Processing video: 5090916219025116054
Processing video: 5092765202446045704
Processing video: 5097975856769557081
Processing video: 5099449889545545450
Processing video: 5103182645622502287
Processing video: 5085357672350628540
Processing video: 5134749367588120522
Processing video: 5172231547180314349
Processing video: 5146258161124252727
Processing video: 5173709444596630576
Processing video: 5218949624445806415
Processing video: 5366409594815891602
Processing video: 5391892065246550398
Processing video: 5525084584552992937
total  1173319 subs 9168
Trial 862/1000, Params: dpd_0.1_dpg_100.0_ws_20_mg_4.0_sim_30.0, F1@0.50: 45.32
Processing video: 5086465773912997411
Processing video: 5085344787448740525
Processing video: 5092765202446045704Processing video: 5090916219025116054

Processing video: 5097975856769557081
Processing video: 5085357672350628540
Processing video: 5099449889545545450
Processing video: 5103182645622502287
Processing video: 5134749367588120522
Processing video: 5146258161124252727
Processing video: 5172231547180314349
Processing video: 5366409594815891602
Processing video: 5173709444596630576
Processing video: 5391892065246550398Processing video: 5218949624445806415

Processing video: 5525084584552992937
total  1173319 subs 9168
Trial 863/1000, Params: dpd_0.0_dpg_0.0_ws_20_mg_6.0_sim_20.0, F1@0.50: 50.22
Processing video: 5085344787448740525
Processing video: 5085357672350628540
Processing video: 5086465773912997411
Processing video: 5090916219025116054
Processing video: 5092765202446045704
Processing video: 5097975856769557081
Processing video: 5099449889545545450
Processing video: 5103182645622502287
Processing video: 5134749367588120522
Processing video: 5146258161124252727
Processing video: 5172231547180314349
Processing video: 5173709444596630576
Processing video: 5218949624445806415
Processing video: 5366409594815891602
Processing video: 5391892065246550398
Processing video: 5525084584552992937
total  1173319 subs 9168
Trial 864/1000, Params: dpd_0.0_dpg_0.1_ws_40_mg_10.0_sim_100.0, F1@0.50: 36.54
Processing video: 5085344787448740525
Processing video: 5085357672350628540
Processing video: 5086465773912997411
Processing video: 5090916219025116054
Processing video: 5092765202446045704
Processing video: 5097975856769557081
Processing video: 5099449889545545450
Processing video: 5103182645622502287
Processing video: 5134749367588120522
Processing video: 5146258161124252727
Processing video: 5172231547180314349
Processing video: 5173709444596630576
Processing video: 5366409594815891602
Processing video: 5525084584552992937
Processing video: 5391892065246550398
Processing video: 5218949624445806415
total  1173319 subs 9168
Trial 865/1000, Params: dpd_0.1_dpg_0.8_ws_40_mg_4.0_sim_50.0, F1@0.50: 43.42
Processing video: 5085344787448740525
Processing video: 5085357672350628540
Processing video: 5086465773912997411
Processing video: 5090916219025116054
Processing video: 5092765202446045704
Processing video: 5097975856769557081
Processing video: 5099449889545545450
Processing video: 5103182645622502287
Processing video: 5134749367588120522
Processing video: 5172231547180314349
Processing video: 5146258161124252727
Processing video: 5173709444596630576
Processing video: 5218949624445806415
Processing video: 5366409594815891602
Processing video: 5391892065246550398
Processing video: 5525084584552992937
total  1173319 subs 9168
Trial 866/1000, Params: dpd_1.0_dpg_1.0_ws_40_mg_10.0_sim_50.0, F1@0.50: 47.78
Processing video: 5085344787448740525
Processing video: 5085357672350628540
Processing video: 5086465773912997411
Processing video: 5090916219025116054
Processing video: 5092765202446045704
Processing video: 5097975856769557081
Processing video: 5099449889545545450
Processing video: 5103182645622502287
Processing video: 5134749367588120522
Processing video: 5146258161124252727
Processing video: 5173709444596630576
Processing video: 5218949624445806415
Processing video: 5172231547180314349
Processing video: 5366409594815891602
Processing video: 5391892065246550398
Processing video: 5525084584552992937
total  1173319 subs 9168
Trial 867/1000, Params: dpd_0.8_dpg_0.0_ws_40_mg_10.0_sim_100.0, F1@0.50: 39.2
Processing video: 5085344787448740525
Processing video: 5086465773912997411
Processing video: 5090916219025116054
Processing video: 5092765202446045704
Processing video: 5097975856769557081
Processing video: 5099449889545545450
Processing video: 5085357672350628540
Processing video: 5103182645622502287
Processing video: 5134749367588120522
Processing video: 5146258161124252727
Processing video: 5366409594815891602
Processing video: 5172231547180314349Processing video: 5218949624445806415

Processing video: 5525084584552992937
Processing video: 5173709444596630576
Processing video: 5391892065246550398
total  1173319 subs 9168
Trial 868/1000, Params: dpd_2.0_dpg_0.1_ws_30_mg_8.0_sim_0.5, F1@0.50: 50.26
Processing video: 5085344787448740525
Processing video: 5085357672350628540
Processing video: 5086465773912997411
Processing video: 5092765202446045704
Processing video: 5097975856769557081
Processing video: 5090916219025116054
Processing video: 5099449889545545450
Processing video: 5103182645622502287
Processing video: 5134749367588120522
Processing video: 5146258161124252727
Processing video: 5172231547180314349
Processing video: 5218949624445806415
Processing video: 5173709444596630576
Processing video: 5366409594815891602
Processing video: 5391892065246550398
Processing video: 5525084584552992937
total  1173319 subs 9168
Trial 869/1000, Params: dpd_0.8_dpg_100.0_ws_50_mg_6.0_sim_0.5, F1@0.50: 34.97
Processing video: 5090916219025116054
Processing video: 5085344787448740525
Processing video: 5092765202446045704
Processing video: 5085357672350628540
Processing video: 5097975856769557081
Processing video: 5099449889545545450
Processing video: 5086465773912997411
Processing video: 5103182645622502287
Processing video: 5134749367588120522
Processing video: 5172231547180314349
Processing video: 5173709444596630576
Processing video: 5146258161124252727
Processing video: 5366409594815891602
Processing video: 5391892065246550398
Processing video: 5218949624445806415
Processing video: 5525084584552992937
total  1173319 subs 9168
Trial 870/1000, Params: dpd_0.0_dpg_1.0_ws_20_mg_8.0_sim_0.5, F1@0.50: 48.84
Processing video: 5085344787448740525
Processing video: 5086465773912997411
Processing video: 5085357672350628540
Processing video: 5090916219025116054
Processing video: 5092765202446045704
Processing video: 5097975856769557081
Processing video: 5099449889545545450
Processing video: 5103182645622502287
Processing video: 5134749367588120522
Processing video: 5146258161124252727
Processing video: 5172231547180314349
Processing video: 5173709444596630576
Processing video: 5218949624445806415
Processing video: 5366409594815891602
Processing video: 5391892065246550398
Processing video: 5525084584552992937
total  1173319 subs 9168
Trial 871/1000, Params: dpd_0.1_dpg_0.5_ws_50_mg_6.0_sim_1.0, F1@0.50: 50.51
Processing video: 5085344787448740525
Processing video: 5085357672350628540
Processing video: 5086465773912997411
Processing video: 5090916219025116054
Processing video: 5092765202446045704
Processing video: 5097975856769557081
Processing video: 5099449889545545450
Processing video: 5103182645622502287
Processing video: 5134749367588120522
Processing video: 5146258161124252727
Processing video: 5172231547180314349
Processing video: 5173709444596630576
Processing video: 5218949624445806415
Processing video: 5366409594815891602
Processing video: 5391892065246550398
Processing video: 5525084584552992937
total  1173319 subs 9168
Trial 872/1000, Params: dpd_5.0_dpg_10.0_ws_50_mg_8.0_sim_30.0, F1@0.50: 58.71
New best found!
New Best F1@0.50: 58.71 with parameters: dp_duration_penalty_weight=5.0, dp_gap_penalty_weight=10.0, dp_window_size=50, dp_max_gap=8.0, similarity_weight=30.0
Processing video: 5085344787448740525
Processing video: 5085357672350628540
Processing video: 5086465773912997411
Processing video: 5090916219025116054
Processing video: 5092765202446045704
Processing video: 5097975856769557081
Processing video: 5099449889545545450
Processing video: 5103182645622502287
Processing video: 5134749367588120522
Processing video: 5172231547180314349
Processing video: 5173709444596630576Processing video: 5218949624445806415
Processing video: 5146258161124252727

Processing video: 5366409594815891602
Processing video: 5391892065246550398
Processing video: 5525084584552992937
