Processing video: 5085344787448740525
Processing video: 5085357672350628540
Processing video: 5090916219025116054
Processing video: 5086465773912997411
Processing video: 5092765202446045704
Processing video: 5099449889545545450
Processing video: 5097975856769557081
Processing video: 5103182645622502287
Processing video: 5134749367588120522
Processing video: 5146258161124252727
Processing video: 5172231547180314349
Processing video: 5218949624445806415
Processing video: 5173709444596630576
Processing video: 5366409594815891602
Processing video: 5391892065246550398
Processing video: 5525084584552992937
total  1173319 subs 9168
Trial 1/1000, Params: dpd_20.0_dpg_20.0_ws_30_mg_4.0_sim_100.0, F1@0.50: 53.55
New best found!
New Best F1@0.50: 53.55 with parameters: dp_duration_penalty_weight=20.0, dp_gap_penalty_weight=20.0, dp_window_size=30, dp_max_gap=4.0, similarity_weight=100.0
Processing video: 5085357672350628540
Processing video: 5085344787448740525
Processing video: 5086465773912997411
Processing video: 5090916219025116054
Processing video: 5092765202446045704
Processing video: 5097975856769557081
Processing video: 5103182645622502287
Processing video: 5099449889545545450
Processing video: 5146258161124252727
Processing video: 5134749367588120522
Processing video: 5172231547180314349
Processing video: 5173709444596630576
Processing video: 5218949624445806415
Processing video: 5366409594815891602
Processing video: 5391892065246550398
Processing video: 5525084584552992937
total  1173319 subs 9168
Trial 2/1000, Params: dpd_0.1_dpg_20.0_ws_30_mg_6.0_sim_100.0, F1@0.50: 40.94
Processing video: 5085344787448740525
Processing video: 5085357672350628540
Processing video: 5086465773912997411
Processing video: 5090916219025116054
Processing video: 5092765202446045704
Processing video: 5097975856769557081
Processing video: 5099449889545545450
Processing video: 5103182645622502287
Processing video: 5134749367588120522
Processing video: 5146258161124252727
Processing video: 5172231547180314349
Processing video: 5173709444596630576
Processing video: 5218949624445806415
Processing video: 5366409594815891602
Processing video: 5391892065246550398
Processing video: 5525084584552992937
total  1173319 subs 9168
Trial 3/1000, Params: dpd_0.8_dpg_0.5_ws_50_mg_4.0_sim_100.0, F1@0.50: 36.34
Processing video: 5085344787448740525
Processing video: 5085357672350628540
Processing video: 5086465773912997411
Processing video: 5090916219025116054
Processing video: 5092765202446045704
Processing video: 5103182645622502287
Processing video: 5097975856769557081
Processing video: 5099449889545545450
Processing video: 5134749367588120522
Processing video: 5146258161124252727
Processing video: 5218949624445806415
Processing video: 5172231547180314349
Processing video: 5173709444596630576
Processing video: 5366409594815891602
Processing video: 5391892065246550398
Processing video: 5525084584552992937
total  1173319 subs 9168
Trial 4/1000, Params: dpd_2.0_dpg_1.0_ws_50_mg_6.0_sim_100.0, F1@0.50: 40.99
Processing video: 5085344787448740525
Processing video: 5085357672350628540
Processing video: 5086465773912997411
Processing video: 5090916219025116054
Processing video: 5092765202446045704
Processing video: 5097975856769557081
Processing video: 5099449889545545450
Processing video: 5103182645622502287Processing video: 5146258161124252727

Processing video: 5134749367588120522
Processing video: 5172231547180314349
Processing video: 5366409594815891602
Processing video: 5173709444596630576
Processing video: 5218949624445806415
Processing video: 5391892065246550398
Processing video: 5525084584552992937
total  1173319 subs 9168
Trial 5/1000, Params: dpd_1.0_dpg_10.0_ws_40_mg_6.0_sim_2.0, F1@0.50: 51.22
Processing video: 5085344787448740525
Processing video: 5085357672350628540
Processing video: 5086465773912997411
Processing video: 5090916219025116054
Processing video: 5092765202446045704
Processing video: 5097975856769557081
Processing video: 5103182645622502287
Processing video: 5099449889545545450
Processing video: 5172231547180314349
Processing video: 5134749367588120522
Processing video: 5146258161124252727
Processing video: 5366409594815891602
Processing video: 5173709444596630576
Processing video: 5218949624445806415
Processing video: 5391892065246550398
Processing video: 5525084584552992937
total  1173319 subs 9168
Trial 6/1000, Params: dpd_2.0_dpg_0.8_ws_20_mg_4.0_sim_30.0, F1@0.50: 52.32
Processing video: 5085344787448740525
Processing video: 5085357672350628540
Processing video: 5086465773912997411
Processing video: 5090916219025116054
Processing video: 5092765202446045704
Processing video: 5103182645622502287
Processing video: 5097975856769557081
Processing video: 5099449889545545450
Processing video: 5134749367588120522
Processing video: 5173709444596630576
Processing video: 5146258161124252727
Processing video: 5172231547180314349
Processing video: 5391892065246550398
Processing video: 5218949624445806415
Processing video: 5366409594815891602
Processing video: 5525084584552992937
total  1173319 subs 9168
Trial 7/1000, Params: dpd_20.0_dpg_0.8_ws_20_mg_4.0_sim_10.0, F1@0.50: 46.32
Processing video: 5085344787448740525
Processing video: 5085357672350628540
Processing video: 5086465773912997411
Processing video: 5090916219025116054
Processing video: 5092765202446045704
Processing video: 5097975856769557081
Processing video: 5099449889545545450
Processing video: 5134749367588120522
Processing video: 5103182645622502287
Processing video: 5146258161124252727
Processing video: 5172231547180314349
Processing video: 5218949624445806415
Processing video: 5173709444596630576
Processing video: 5366409594815891602
Processing video: 5391892065246550398
Processing video: 5525084584552992937
total  1173319 subs 9168
Trial 8/1000, Params: dpd_100.0_dpg_0.0_ws_20_mg_2.0_sim_0.0, F1@0.50: 29.24
Processing video: 5085344787448740525
Processing video: 5085357672350628540
Processing video: 5086465773912997411
Processing video: 5090916219025116054
Processing video: 5092765202446045704
Processing video: 5097975856769557081
Processing video: 5099449889545545450
Processing video: 5103182645622502287
Processing video: 5134749367588120522
Processing video: 5146258161124252727
Processing video: 5172231547180314349
Processing video: 5173709444596630576
Processing video: 5218949624445806415
Processing video: 5366409594815891602
Processing video: 5391892065246550398
Processing video: 5525084584552992937
total  1173319 subs 9168
Trial 9/1000, Params: dpd_0.5_dpg_20.0_ws_50_mg_2.0_sim_50.0, F1@0.50: 45.21
Processing video: 5085357672350628540
Processing video: 5085344787448740525
Processing video: 5086465773912997411
Processing video: 5090916219025116054
Processing video: 5092765202446045704
Processing video: 5097975856769557081
Processing video: 5134749367588120522
Processing video: 5099449889545545450
Processing video: 5103182645622502287
Processing video: 5146258161124252727
Processing video: 5172231547180314349
Processing video: 5173709444596630576
Processing video: 5391892065246550398
Processing video: 5218949624445806415
Processing video: 5366409594815891602
Processing video: 5525084584552992937
total  1173319 subs 9168
Trial 10/1000, Params: dpd_20.0_dpg_1.0_ws_50_mg_4.0_sim_2.0, F1@0.50: 44.71
Processing video: 5085344787448740525
Processing video: 5085357672350628540
Processing video: 5086465773912997411
Processing video: 5090916219025116054
Processing video: 5092765202446045704
Processing video: 5097975856769557081
Processing video: 5134749367588120522
Processing video: 5099449889545545450
Processing video: 5103182645622502287
Processing video: 5173709444596630576
Processing video: 5146258161124252727
Processing video: 5172231547180314349
Processing video: 5218949624445806415
Processing video: 5366409594815891602
Processing video: 5391892065246550398
Processing video: 5525084584552992937
total  1173319 subs 9168
Trial 11/1000, Params: dpd_0.8_dpg_20.0_ws_40_mg_8.0_sim_1.0, F1@0.50: 48.86
Processing video: 5085344787448740525
Processing video: 5086465773912997411
Processing video: 5085357672350628540
Processing video: 5090916219025116054
Processing video: 5092765202446045704
Processing video: 5097975856769557081
Processing video: 5099449889545545450
Processing video: 5103182645622502287
Processing video: 5134749367588120522
Processing video: 5173709444596630576
Processing video: 5146258161124252727
Processing video: 5172231547180314349
Processing video: 5218949624445806415
Processing video: 5366409594815891602
Processing video: 5525084584552992937
Processing video: 5391892065246550398
total  1173319 subs 9168
Trial 12/1000, Params: dpd_10.0_dpg_20.0_ws_40_mg_10.0_sim_0.0, F1@0.50: 50.42
Processing video: 5085344787448740525
Processing video: 5085357672350628540
Processing video: 5086465773912997411
Processing video: 5090916219025116054
Processing video: 5092765202446045704
Processing video: 5097975856769557081Processing video: 5103182645622502287

Processing video: 5099449889545545450
Processing video: 5134749367588120522
Processing video: 5146258161124252727
Processing video: 5218949624445806415
Processing video: 5172231547180314349
Processing video: 5173709444596630576
Processing video: 5366409594815891602
Processing video: 5391892065246550398
Processing video: 5525084584552992937
total  1173319 subs 9168
Trial 13/1000, Params: dpd_0.0_dpg_20.0_ws_50_mg_2.0_sim_0.5, F1@0.50: 44.81
Processing video: 5085344787448740525
Processing video: 5085357672350628540
Processing video: 5086465773912997411
Processing video: 5090916219025116054
Processing video: 5092765202446045704
Processing video: 5097975856769557081
Processing video: 5103182645622502287
Processing video: 5099449889545545450
Processing video: 5134749367588120522
Processing video: 5146258161124252727
Processing video: 5172231547180314349
Processing video: 5173709444596630576
Processing video: 5218949624445806415
Processing video: 5366409594815891602
Processing video: 5391892065246550398
Processing video: 5525084584552992937
total  1173319 subs 9168
Trial 14/1000, Params: dpd_1.0_dpg_100.0_ws_50_mg_10.0_sim_0.0, F1@0.50: 35.23
Processing video: 5085344787448740525Processing video: 5086465773912997411

Processing video: 5085357672350628540
Processing video: 5090916219025116054
Processing video: 5092765202446045704
Processing video: 5097975856769557081
Processing video: 5103182645622502287
Processing video: 5099449889545545450
Processing video: 5172231547180314349
Processing video: 5134749367588120522
Processing video: 5146258161124252727
Processing video: 5366409594815891602
Processing video: 5173709444596630576
Processing video: 5218949624445806415
Processing video: 5525084584552992937
Processing video: 5391892065246550398
total  1173319 subs 9168
Trial 15/1000, Params: dpd_100.0_dpg_0.8_ws_30_mg_6.0_sim_0.0, F1@0.50: 30.94
Processing video: 5085344787448740525
Processing video: 5085357672350628540
Processing video: 5086465773912997411
Processing video: 5090916219025116054
Processing video: 5092765202446045704
Processing video: 5097975856769557081
Processing video: 5099449889545545450
Processing video: 5103182645622502287
Processing video: 5134749367588120522
Processing video: 5146258161124252727
Processing video: 5172231547180314349
Processing video: 5218949624445806415
Processing video: 5366409594815891602
Processing video: 5173709444596630576
Processing video: 5391892065246550398
Processing video: 5525084584552992937
total  1173319 subs 9168
Trial 16/1000, Params: dpd_2.0_dpg_1.0_ws_20_mg_8.0_sim_50.0, F1@0.50: 50.89
Processing video: 5085357672350628540
Processing video: 5085344787448740525
Processing video: 5086465773912997411
Processing video: 5090916219025116054
Processing video: 5092765202446045704
Processing video: 5097975856769557081
Processing video: 5099449889545545450
Processing video: 5103182645622502287
Processing video: 5134749367588120522
Processing video: 5146258161124252727
Processing video: 5172231547180314349
Processing video: 5173709444596630576
Processing video: 5218949624445806415
Processing video: 5366409594815891602
Processing video: 5391892065246550398Processing video: 5525084584552992937

total  1173319 subs 9168
Trial 17/1000, Params: dpd_1.0_dpg_20.0_ws_50_mg_6.0_sim_1.0, F1@0.50: 49.11
Processing video: 5085344787448740525
Processing video: 5085357672350628540
Processing video: 5086465773912997411
Processing video: 5090916219025116054
Processing video: 5092765202446045704
Processing video: 5097975856769557081
Processing video: 5099449889545545450
Processing video: 5103182645622502287
Processing video: 5134749367588120522
Processing video: 5146258161124252727
Processing video: 5172231547180314349
Processing video: 5173709444596630576
Processing video: 5218949624445806415
Processing video: 5366409594815891602
Processing video: 5391892065246550398
Processing video: 5525084584552992937
total  1173319 subs 9168
Trial 18/1000, Params: dpd_2.0_dpg_100.0_ws_30_mg_4.0_sim_1.0, F1@0.50: 38.32
Processing video: 5085344787448740525
Processing video: 5085357672350628540
Processing video: 5086465773912997411
Processing video: 5090916219025116054
Processing video: 5092765202446045704
Processing video: 5097975856769557081
Processing video: 5103182645622502287
Processing video: 5099449889545545450
Processing video: 5134749367588120522
Processing video: 5146258161124252727
Processing video: 5218949624445806415
Processing video: 5172231547180314349
Processing video: 5173709444596630576
Processing video: 5366409594815891602
Processing video: 5391892065246550398
Processing video: 5525084584552992937
total  1173319 subs 9168
Trial 19/1000, Params: dpd_5.0_dpg_1.0_ws_20_mg_6.0_sim_20.0, F1@0.50: 51.32
Processing video: 5085344787448740525
Processing video: 5085357672350628540
Processing video: 5086465773912997411
Processing video: 5090916219025116054
Processing video: 5092765202446045704
Processing video: 5097975856769557081
Processing video: 5099449889545545450
Processing video: 5103182645622502287
Processing video: 5134749367588120522
Processing video: 5146258161124252727
Processing video: 5173709444596630576
Processing video: 5172231547180314349
Processing video: 5218949624445806415
Processing video: 5366409594815891602
Processing video: 5391892065246550398
Processing video: 5525084584552992937
total  1173319 subs 9168
Trial 20/1000, Params: dpd_0.5_dpg_1.0_ws_50_mg_4.0_sim_1.0, F1@0.50: 50.79
Processing video: 5085344787448740525
Processing video: 5085357672350628540
Processing video: 5086465773912997411
Processing video: 5090916219025116054
Processing video: 5092765202446045704
Processing video: 5097975856769557081
Processing video: 5099449889545545450
Processing video: 5103182645622502287
Processing video: 5134749367588120522
Processing video: 5146258161124252727
Processing video: 5172231547180314349Processing video: 5173709444596630576

Processing video: 5218949624445806415
Processing video: 5366409594815891602
Processing video: 5391892065246550398
Processing video: 5525084584552992937
total  1173319 subs 9168
Trial 21/1000, Params: dpd_20.0_dpg_20.0_ws_20_mg_8.0_sim_0.0, F1@0.50: 42.81
Processing video: 5085344787448740525
Processing video: 5085357672350628540
Processing video: 5086465773912997411
Processing video: 5090916219025116054
Processing video: 5092765202446045704
Processing video: 5097975856769557081
Processing video: 5099449889545545450
Processing video: 5103182645622502287
Processing video: 5146258161124252727
Processing video: 5134749367588120522
Processing video: 5172231547180314349
Processing video: 5173709444596630576
Processing video: 5218949624445806415
Processing video: 5366409594815891602
Processing video: 5391892065246550398
Processing video: 5525084584552992937
total  1173319 subs 9168
Trial 22/1000, Params: dpd_1.0_dpg_10.0_ws_30_mg_8.0_sim_30.0, F1@0.50: 52.72
Processing video: 5085344787448740525
Processing video: 5085357672350628540
Processing video: 5086465773912997411
Processing video: 5090916219025116054
Processing video: 5092765202446045704
Processing video: 5097975856769557081Processing video: 5103182645622502287

Processing video: 5099449889545545450
Processing video: 5134749367588120522
Processing video: 5173709444596630576
Processing video: 5146258161124252727
Processing video: 5172231547180314349
Processing video: 5366409594815891602
Processing video: 5218949624445806415
Processing video: 5391892065246550398Processing video: 5525084584552992937

total  1173319 subs 9168
Trial 23/1000, Params: dpd_0.8_dpg_20.0_ws_50_mg_10.0_sim_100.0, F1@0.50: 40.05
Processing video: 5085344787448740525
Processing video: 5085357672350628540
Processing video: 5086465773912997411
Processing video: 5090916219025116054
Processing video: 5092765202446045704
Processing video: 5097975856769557081
Processing video: 5099449889545545450
Processing video: 5103182645622502287
Processing video: 5134749367588120522
Processing video: 5146258161124252727
Processing video: 5172231547180314349
Processing video: 5173709444596630576
Processing video: 5366409594815891602
Processing video: 5218949624445806415
Processing video: 5391892065246550398
Processing video: 5525084584552992937
total  1173319 subs 9168
Trial 24/1000, Params: dpd_0.8_dpg_0.8_ws_40_mg_6.0_sim_100.0, F1@0.50: 38.09
Processing video: 5085344787448740525
Processing video: 5086465773912997411
Processing video: 5085357672350628540
Processing video: 5090916219025116054
Processing video: 5092765202446045704
Processing video: 5097975856769557081
Processing video: 5099449889545545450
Processing video: 5103182645622502287Processing video: 5146258161124252727

Processing video: 5134749367588120522
Processing video: 5172231547180314349
Processing video: 5173709444596630576
Processing video: 5218949624445806415
Processing video: 5366409594815891602
Processing video: 5391892065246550398
Processing video: 5525084584552992937
total  1173319 subs 9168
Trial 25/1000, Params: dpd_1.0_dpg_5.0_ws_40_mg_4.0_sim_1.0, F1@0.50: 51.14
Processing video: 5085344787448740525
Processing video: 5085357672350628540
Processing video: 5090916219025116054
Processing video: 5086465773912997411
Processing video: 5092765202446045704
Processing video: 5097975856769557081
Processing video: 5134749367588120522
Processing video: 5099449889545545450
Processing video: 5103182645622502287
Processing video: 5146258161124252727
Processing video: 5172231547180314349
Processing video: 5366409594815891602
Processing video: 5173709444596630576
Processing video: 5218949624445806415
Processing video: 5391892065246550398
Processing video: 5525084584552992937
total  1173319 subs 9168
Trial 26/1000, Params: dpd_1.0_dpg_20.0_ws_50_mg_6.0_sim_1.0, F1@0.50: 49.11
Processing video: 5085344787448740525
Processing video: 5085357672350628540
Processing video: 5086465773912997411
Processing video: 5090916219025116054
Processing video: 5092765202446045704
Processing video: 5097975856769557081
Processing video: 5103182645622502287
Processing video: 5099449889545545450
Processing video: 5134749367588120522
Processing video: 5146258161124252727
Processing video: 5172231547180314349
Processing video: 5173709444596630576
Processing video: 5218949624445806415
Processing video: 5366409594815891602
Processing video: 5391892065246550398
Processing video: 5525084584552992937
total  1173319 subs 9168
Trial 27/1000, Params: dpd_100.0_dpg_100.0_ws_50_mg_8.0_sim_50.0, F1@0.50: 44.25
Processing video: 5085344787448740525Processing video: 5086465773912997411

Processing video: 5085357672350628540
Processing video: 5090916219025116054
Processing video: 5092765202446045704
Processing video: 5097975856769557081
Processing video: 5099449889545545450
Processing video: 5146258161124252727
Processing video: 5103182645622502287
Processing video: 5134749367588120522
Processing video: 5173709444596630576
Processing video: 5172231547180314349
Processing video: 5218949624445806415
Processing video: 5366409594815891602
Processing video: 5391892065246550398
Processing video: 5525084584552992937
total  1173319 subs 9168
Trial 28/1000, Params: dpd_10.0_dpg_0.0_ws_50_mg_8.0_sim_30.0, F1@0.50: 51.81
Processing video: 5085344787448740525
Processing video: 5085357672350628540
Processing video: 5086465773912997411
Processing video: 5090916219025116054
Processing video: 5092765202446045704
Processing video: 5097975856769557081
Processing video: 5103182645622502287
Processing video: 5099449889545545450
Processing video: 5134749367588120522
Processing video: 5173709444596630576
Processing video: 5146258161124252727
Processing video: 5172231547180314349
Processing video: 5391892065246550398
Processing video: 5218949624445806415
Processing video: 5366409594815891602
Processing video: 5525084584552992937
total  1173319 subs 9168
Trial 29/1000, Params: dpd_10.0_dpg_0.8_ws_20_mg_2.0_sim_30.0, F1@0.50: 51.18
Processing video: 5085344787448740525
Processing video: 5085357672350628540
Processing video: 5086465773912997411
Processing video: 5090916219025116054
Processing video: 5092765202446045704
Processing video: 5097975856769557081
Processing video: 5134749367588120522
Processing video: 5099449889545545450
Processing video: 5103182645622502287
Processing video: 5173709444596630576
Processing video: 5146258161124252727
Processing video: 5172231547180314349
Processing video: 5391892065246550398
Processing video: 5218949624445806415
Processing video: 5366409594815891602
Processing video: 5525084584552992937
total  1173319 subs 9168
Trial 30/1000, Params: dpd_1.0_dpg_0.0_ws_50_mg_4.0_sim_50.0, F1@0.50: 45.92
Processing video: 5085344787448740525
Processing video: 5085357672350628540
Processing video: 5086465773912997411
Processing video: 5090916219025116054
Processing video: 5092765202446045704
Processing video: 5097975856769557081
Processing video: 5103182645622502287
Processing video: 5099449889545545450
Processing video: 5134749367588120522
Processing video: 5173709444596630576
Processing video: 5146258161124252727
Processing video: 5172231547180314349
Processing video: 5391892065246550398
Processing video: 5218949624445806415
Processing video: 5366409594815891602
Processing video: 5525084584552992937
total  1173319 subs 9168
Trial 31/1000, Params: dpd_0.0_dpg_2.0_ws_50_mg_6.0_sim_0.5, F1@0.50: 50.11
Processing video: 5086465773912997411
Processing video: 5085344787448740525
Processing video: 5085357672350628540
Processing video: 5090916219025116054
Processing video: 5092765202446045704
Processing video: 5097975856769557081
Processing video: 5099449889545545450
Processing video: 5146258161124252727
Processing video: 5103182645622502287
Processing video: 5134749367588120522
Processing video: 5172231547180314349
Processing video: 5173709444596630576
Processing video: 5391892065246550398
Processing video: 5218949624445806415
Processing video: 5366409594815891602
Processing video: 5525084584552992937
total  1173319 subs 9168
Trial 32/1000, Params: dpd_100.0_dpg_0.1_ws_50_mg_4.0_sim_5.0, F1@0.50: 32.37
Processing video: 5085344787448740525
Processing video: 5085357672350628540
Processing video: 5090916219025116054
Processing video: 5086465773912997411
Processing video: 5092765202446045704
Processing video: 5097975856769557081
Processing video: 5103182645622502287
Processing video: 5099449889545545450
Processing video: 5134749367588120522
Processing video: 5146258161124252727
Processing video: 5172231547180314349
Processing video: 5173709444596630576
Processing video: 5366409594815891602
Processing video: 5218949624445806415
Processing video: 5391892065246550398
Processing video: 5525084584552992937
total  1173319 subs 9168
Trial 33/1000, Params: dpd_0.0_dpg_0.8_ws_40_mg_6.0_sim_0.0, F1@0.50: 50.28
Processing video: 5085344787448740525
Processing video: 5085357672350628540
Processing video: 5086465773912997411
Processing video: 5090916219025116054
Processing video: 5092765202446045704
Processing video: 5097975856769557081
Processing video: 5099449889545545450
Processing video: 5103182645622502287
Processing video: 5146258161124252727
Processing video: 5134749367588120522
Processing video: 5218949624445806415
Processing video: 5366409594815891602
Processing video: 5172231547180314349
Processing video: 5173709444596630576
Processing video: 5391892065246550398
Processing video: 5525084584552992937
total  1173319 subs 9168
Trial 34/1000, Params: dpd_2.0_dpg_5.0_ws_20_mg_10.0_sim_100.0, F1@0.50: 46.33
Processing video: 5085344787448740525
Processing video: 5085357672350628540
Processing video: 5090916219025116054
Processing video: 5086465773912997411
Processing video: 5092765202446045704
Processing video: 5097975856769557081
Processing video: 5103182645622502287
Processing video: 5099449889545545450
Processing video: 5134749367588120522
Processing video: 5173709444596630576
Processing video: 5146258161124252727
Processing video: 5172231547180314349
Processing video: 5391892065246550398
Processing video: 5218949624445806415
Processing video: 5366409594815891602
Processing video: 5525084584552992937
total  1173319 subs 9168
Trial 35/1000, Params: dpd_0.8_dpg_0.8_ws_50_mg_8.0_sim_5.0, F1@0.50: 51.71
Processing video: 5085344787448740525
Processing video: 5085357672350628540Processing video: 5090916219025116054

Processing video: 5086465773912997411
Processing video: 5092765202446045704
Processing video: 5097975856769557081
Processing video: 5134749367588120522
Processing video: 5099449889545545450
Processing video: 5103182645622502287
Processing video: 5146258161124252727
Processing video: 5173709444596630576
Processing video: 5172231547180314349
Processing video: 5218949624445806415
Processing video: 5366409594815891602
Processing video: 5391892065246550398
Processing video: 5525084584552992937
total  1173319 subs 9168
Trial 36/1000, Params: dpd_0.5_dpg_0.8_ws_50_mg_2.0_sim_1.0, F1@0.50: 50.62
Processing video: 5085344787448740525
Processing video: 5085357672350628540
Processing video: 5086465773912997411
Processing video: 5090916219025116054
Processing video: 5092765202446045704
Processing video: 5097975856769557081
Processing video: 5099449889545545450
Processing video: 5103182645622502287
Processing video: 5134749367588120522
Processing video: 5146258161124252727
Processing video: 5172231547180314349
Processing video: 5173709444596630576
Processing video: 5218949624445806415
Processing video: 5366409594815891602
Processing video: 5391892065246550398
Processing video: 5525084584552992937
total  1173319 subs 9168
Trial 37/1000, Params: dpd_5.0_dpg_10.0_ws_50_mg_8.0_sim_100.0, F1@0.50: 49.51
Processing video: 5085344787448740525
Processing video: 5085357672350628540
Processing video: 5086465773912997411
Processing video: 5090916219025116054
Processing video: 5092765202446045704
Processing video: 5097975856769557081
Processing video: 5103182645622502287
Processing video: 5099449889545545450
Processing video: 5134749367588120522
Processing video: 5146258161124252727
Processing video: 5172231547180314349
Processing video: 5173709444596630576
Processing video: 5218949624445806415
Processing video: 5366409594815891602
Processing video: 5525084584552992937
Processing video: 5391892065246550398
total  1173319 subs 9168
Trial 38/1000, Params: dpd_0.1_dpg_2.0_ws_40_mg_8.0_sim_10.0, F1@0.50: 52.25
Processing video: 5085357672350628540
Processing video: 5085344787448740525
Processing video: 5086465773912997411
Processing video: 5090916219025116054
Processing video: 5092765202446045704
Processing video: 5097975856769557081
Processing video: 5099449889545545450
Processing video: 5134749367588120522
Processing video: 5103182645622502287
Processing video: 5146258161124252727
Processing video: 5218949624445806415
Processing video: 5172231547180314349
Processing video: 5173709444596630576
Processing video: 5366409594815891602
Processing video: 5391892065246550398
Processing video: 5525084584552992937
total  1173319 subs 9168
Trial 39/1000, Params: dpd_0.0_dpg_1.0_ws_30_mg_8.0_sim_30.0, F1@0.50: 47.22
Processing video: 5085344787448740525
Processing video: 5085357672350628540
Processing video: 5086465773912997411
Processing video: 5090916219025116054
Processing video: 5092765202446045704
Processing video: 5097975856769557081
Processing video: 5099449889545545450
Processing video: 5103182645622502287
Processing video: 5134749367588120522
Processing video: 5146258161124252727
Processing video: 5172231547180314349
Processing video: 5173709444596630576
Processing video: 5218949624445806415
Processing video: 5366409594815891602
Processing video: 5391892065246550398
Processing video: 5525084584552992937
total  1173319 subs 9168
Trial 40/1000, Params: dpd_1.0_dpg_20.0_ws_50_mg_10.0_sim_1.0, F1@0.50: 49.1
Processing video: 5085344787448740525
Processing video: 5085357672350628540
Processing video: 5086465773912997411
Processing video: 5090916219025116054
Processing video: 5092765202446045704
Processing video: 5097975856769557081
Processing video: 5103182645622502287
Processing video: 5099449889545545450
Processing video: 5134749367588120522
Processing video: 5172231547180314349
Processing video: 5146258161124252727
Processing video: 5218949624445806415
Processing video: 5173709444596630576
Processing video: 5366409594815891602
Processing video: 5391892065246550398
Processing video: 5525084584552992937
total  1173319 subs 9168
Trial 41/1000, Params: dpd_20.0_dpg_20.0_ws_50_mg_8.0_sim_20.0, F1@0.50: 51.38
Processing video: 5085344787448740525
Processing video: 5085357672350628540
Processing video: 5086465773912997411
Processing video: 5090916219025116054
Processing video: 5092765202446045704
Processing video: 5097975856769557081
Processing video: 5103182645622502287
Processing video: 5099449889545545450
Processing video: 5134749367588120522
Processing video: 5173709444596630576
Processing video: 5146258161124252727
Processing video: 5172231547180314349
Processing video: 5218949624445806415
Processing video: 5366409594815891602
Processing video: 5391892065246550398
Processing video: 5525084584552992937
total  1173319 subs 9168
Trial 42/1000, Params: dpd_100.0_dpg_0.8_ws_50_mg_4.0_sim_1.0, F1@0.50: 31.36
Processing video: 5085344787448740525
Processing video: 5085357672350628540
Processing video: 5086465773912997411
Processing video: 5090916219025116054
Processing video: 5092765202446045704
Processing video: 5097975856769557081
Processing video: 5099449889545545450
Processing video: 5103182645622502287
Processing video: 5146258161124252727
Processing video: 5134749367588120522
Processing video: 5172231547180314349
Processing video: 5173709444596630576
Processing video: 5218949624445806415
Processing video: 5366409594815891602
Processing video: 5391892065246550398
Processing video: 5525084584552992937
total  1173319 subs 9168
Trial 43/1000, Params: dpd_0.8_dpg_5.0_ws_30_mg_6.0_sim_0.0, F1@0.50: 50.13
Processing video: 5085344787448740525
Processing video: 5085357672350628540
Processing video: 5086465773912997411
Processing video: 5090916219025116054
Processing video: 5092765202446045704
Processing video: 5097975856769557081
Processing video: 5099449889545545450
Processing video: 5134749367588120522
Processing video: 5103182645622502287
Processing video: 5146258161124252727
Processing video: 5172231547180314349
Processing video: 5173709444596630576
Processing video: 5366409594815891602
Processing video: 5218949624445806415
Processing video: 5391892065246550398
Processing video: 5525084584552992937
total  1173319 subs 9168
Trial 44/1000, Params: dpd_1.0_dpg_0.5_ws_20_mg_8.0_sim_1.0, F1@0.50: 49.05
Processing video: 5085344787448740525
Processing video: 5085357672350628540
Processing video: 5086465773912997411
Processing video: 5090916219025116054
Processing video: 5092765202446045704
Processing video: 5097975856769557081
Processing video: 5099449889545545450
Processing video: 5103182645622502287
Processing video: 5134749367588120522
Processing video: 5172231547180314349
Processing video: 5146258161124252727
Processing video: 5173709444596630576
Processing video: 5391892065246550398
Processing video: 5218949624445806415
Processing video: 5366409594815891602
Processing video: 5525084584552992937
total  1173319 subs 9168
Trial 45/1000, Params: dpd_10.0_dpg_10.0_ws_20_mg_8.0_sim_50.0, F1@0.50: 53.06
Processing video: 5085344787448740525
Processing video: 5085357672350628540
Processing video: 5086465773912997411
Processing video: 5090916219025116054
Processing video: 5092765202446045704
Processing video: 5097975856769557081
Processing video: 5103182645622502287
Processing video: 5099449889545545450
Processing video: 5134749367588120522
Processing video: 5146258161124252727
Processing video: 5218949624445806415
Processing video: 5172231547180314349
Processing video: 5173709444596630576
Processing video: 5525084584552992937
Processing video: 5366409594815891602
Processing video: 5391892065246550398
total  1173319 subs 9168
Trial 46/1000, Params: dpd_2.0_dpg_100.0_ws_40_mg_4.0_sim_20.0, F1@0.50: 42.46
Processing video: 5085344787448740525
Processing video: 5085357672350628540
Processing video: 5086465773912997411
Processing video: 5090916219025116054
Processing video: 5092765202446045704
Processing video: 5097975856769557081
Processing video: 5134749367588120522Processing video: 5099449889545545450

Processing video: 5103182645622502287
Processing video: 5146258161124252727
Processing video: 5218949624445806415
Processing video: 5172231547180314349
Processing video: 5173709444596630576
Processing video: 5391892065246550398
Processing video: 5525084584552992937
Processing video: 5366409594815891602
total  1173319 subs 9168
Trial 47/1000, Params: dpd_100.0_dpg_0.8_ws_30_mg_2.0_sim_0.5, F1@0.50: 31.73
Processing video: 5085344787448740525
Processing video: 5085357672350628540
Processing video: 5086465773912997411
Processing video: 5090916219025116054
Processing video: 5092765202446045704
Processing video: 5097975856769557081
Processing video: 5103182645622502287
Processing video: 5099449889545545450
Processing video: 5134749367588120522
Processing video: 5146258161124252727
Processing video: 5173709444596630576
Processing video: 5172231547180314349
Processing video: 5366409594815891602
Processing video: 5218949624445806415
Processing video: 5391892065246550398
Processing video: 5525084584552992937
total  1173319 subs 9168
Trial 48/1000, Params: dpd_0.5_dpg_20.0_ws_50_mg_6.0_sim_50.0, F1@0.50: 45.17
Processing video: 5085344787448740525
Processing video: 5085357672350628540
Processing video: 5086465773912997411
Processing video: 5090916219025116054
Processing video: 5092765202446045704
Processing video: 5097975856769557081
Processing video: 5099449889545545450
Processing video: 5103182645622502287
Processing video: 5134749367588120522
Processing video: 5146258161124252727
Processing video: 5172231547180314349
Processing video: 5173709444596630576
Processing video: 5218949624445806415
Processing video: 5525084584552992937Processing video: 5366409594815891602

Processing video: 5391892065246550398
total  1173319 subs 9168
Trial 49/1000, Params: dpd_1.0_dpg_1.0_ws_50_mg_2.0_sim_0.5, F1@0.50: 50.77
Processing video: 5085357672350628540
Processing video: 5085344787448740525
Processing video: 5086465773912997411
Processing video: 5090916219025116054
Processing video: 5092765202446045704
Processing video: 5097975856769557081
Processing video: 5103182645622502287
Processing video: 5099449889545545450
Processing video: 5134749367588120522
Processing video: 5172231547180314349
Processing video: 5146258161124252727
Processing video: 5366409594815891602
Processing video: 5391892065246550398
Processing video: 5173709444596630576
Processing video: 5218949624445806415
Processing video: 5525084584552992937
total  1173319 subs 9168
Trial 50/1000, Params: dpd_2.0_dpg_0.8_ws_40_mg_2.0_sim_100.0, F1@0.50: 42.23
Processing video: 5085344787448740525
Processing video: 5085357672350628540
Processing video: 5090916219025116054
Processing video: 5086465773912997411
Processing video: 5092765202446045704
Processing video: 5097975856769557081
Processing video: 5099449889545545450
Processing video: 5146258161124252727
Processing video: 5103182645622502287
Processing video: 5134749367588120522
Processing video: 5172231547180314349
Processing video: 5173709444596630576
Processing video: 5391892065246550398
Processing video: 5218949624445806415
Processing video: 5366409594815891602
Processing video: 5525084584552992937
total  1173319 subs 9168
Trial 51/1000, Params: dpd_1.0_dpg_1.0_ws_40_mg_2.0_sim_30.0, F1@0.50: 52.35
Processing video: 5085344787448740525
Processing video: 5085357672350628540
Processing video: 5086465773912997411
Processing video: 5090916219025116054
Processing video: 5092765202446045704
Processing video: 5103182645622502287
Processing video: 5097975856769557081
Processing video: 5099449889545545450
Processing video: 5134749367588120522
Processing video: 5172231547180314349
Processing video: 5146258161124252727
Processing video: 5366409594815891602
Processing video: 5173709444596630576
Processing video: 5218949624445806415
Processing video: 5525084584552992937
Processing video: 5391892065246550398
total  1173319 subs 9168
Trial 52/1000, Params: dpd_5.0_dpg_0.1_ws_30_mg_6.0_sim_20.0, F1@0.50: 52.55
Processing video: 5085344787448740525
Processing video: 5085357672350628540
Processing video: 5086465773912997411
Processing video: 5090916219025116054
Processing video: 5092765202446045704
Processing video: 5097975856769557081
Processing video: 5103182645622502287
Processing video: 5099449889545545450
Processing video: 5134749367588120522
Processing video: 5172231547180314349
Processing video: 5146258161124252727
Processing video: 5173709444596630576
Processing video: 5391892065246550398
Processing video: 5218949624445806415
Processing video: 5366409594815891602
Processing video: 5525084584552992937
total  1173319 subs 9168
Trial 53/1000, Params: dpd_0.0_dpg_10.0_ws_20_mg_8.0_sim_10.0, F1@0.50: 49.45
Processing video: 5085344787448740525
Processing video: 5085357672350628540
Processing video: 5086465773912997411
Processing video: 5090916219025116054
Processing video: 5092765202446045704
Processing video: 5097975856769557081
Processing video: 5103182645622502287
Processing video: 5099449889545545450
Processing video: 5134749367588120522
Processing video: 5173709444596630576
Processing video: 5146258161124252727
Processing video: 5172231547180314349
Processing video: 5391892065246550398Processing video: 5218949624445806415

Processing video: 5366409594815891602
Processing video: 5525084584552992937
total  1173319 subs 9168
Trial 54/1000, Params: dpd_0.8_dpg_0.5_ws_50_mg_8.0_sim_0.5, F1@0.50: 50.41
Processing video: 5085344787448740525Processing video: 5086465773912997411

Processing video: 5085357672350628540
Processing video: 5090916219025116054
Processing video: 5092765202446045704
Processing video: 5097975856769557081
Processing video: 5134749367588120522Processing video: 5099449889545545450

Processing video: 5103182645622502287
Processing video: 5146258161124252727
Processing video: 5172231547180314349
Processing video: 5173709444596630576
Processing video: 5218949624445806415
Processing video: 5366409594815891602
Processing video: 5391892065246550398Processing video: 5525084584552992937

total  1173319 subs 9168
Trial 55/1000, Params: dpd_0.8_dpg_10.0_ws_40_mg_10.0_sim_100.0, F1@0.50: 40.65
Processing video: 5085344787448740525
Processing video: 5085357672350628540
Processing video: 5086465773912997411
Processing video: 5090916219025116054
Processing video: 5092765202446045704
Processing video: 5097975856769557081
Processing video: 5099449889545545450
Processing video: 5103182645622502287
Processing video: 5172231547180314349
Processing video: 5134749367588120522
Processing video: 5146258161124252727
Processing video: 5173709444596630576
Processing video: 5218949624445806415
Processing video: 5525084584552992937
Processing video: 5391892065246550398
Processing video: 5366409594815891602
total  1173319 subs 9168
Trial 56/1000, Params: dpd_10.0_dpg_0.5_ws_50_mg_8.0_sim_20.0, F1@0.50: 51.38
Processing video: 5085344787448740525
Processing video: 5085357672350628540
Processing video: 5086465773912997411
Processing video: 5090916219025116054
Processing video: 5092765202446045704
Processing video: 5097975856769557081
Processing video: 5099449889545545450
Processing video: 5103182645622502287
Processing video: 5172231547180314349
Processing video: 5134749367588120522
Processing video: 5146258161124252727
Processing video: 5173709444596630576
Processing video: 5218949624445806415
Processing video: 5366409594815891602
Processing video: 5391892065246550398
Processing video: 5525084584552992937
total  1173319 subs 9168
Trial 57/1000, Params: dpd_2.0_dpg_0.5_ws_30_mg_6.0_sim_10.0, F1@0.50: 52.58
Processing video: 5085344787448740525
Processing video: 5085357672350628540
Processing video: 5086465773912997411
Processing video: 5090916219025116054
Processing video: 5092765202446045704
Processing video: 5097975856769557081
Processing video: 5099449889545545450
Processing video: 5103182645622502287
Processing video: 5134749367588120522
Processing video: 5146258161124252727
Processing video: 5172231547180314349
Processing video: 5173709444596630576
Processing video: 5218949624445806415
Processing video: 5366409594815891602
Processing video: 5525084584552992937
Processing video: 5391892065246550398
total  1173319 subs 9168
Trial 58/1000, Params: dpd_0.8_dpg_0.1_ws_50_mg_4.0_sim_0.0, F1@0.50: 50.02
Processing video: 5085344787448740525
Processing video: 5085357672350628540
Processing video: 5086465773912997411
Processing video: 5090916219025116054
Processing video: 5092765202446045704
Processing video: 5097975856769557081
Processing video: 5103182645622502287
Processing video: 5099449889545545450
Processing video: 5134749367588120522
Processing video: 5146258161124252727
Processing video: 5172231547180314349
Processing video: 5173709444596630576
Processing video: 5218949624445806415
Processing video: 5525084584552992937
Processing video: 5391892065246550398
Processing video: 5366409594815891602
total  1173319 subs 9168
Trial 59/1000, Params: dpd_10.0_dpg_0.0_ws_20_mg_6.0_sim_5.0, F1@0.50: 47.47
Processing video: 5085344787448740525
Processing video: 5085357672350628540
Processing video: 5086465773912997411
Processing video: 5090916219025116054
Processing video: 5092765202446045704
Processing video: 5097975856769557081
Processing video: 5103182645622502287
Processing video: 5099449889545545450
Processing video: 5172231547180314349
Processing video: 5134749367588120522
Processing video: 5146258161124252727
Processing video: 5218949624445806415
Processing video: 5366409594815891602
Processing video: 5173709444596630576
Processing video: 5391892065246550398
Processing video: 5525084584552992937
total  1173319 subs 9168
Trial 60/1000, Params: dpd_20.0_dpg_0.1_ws_20_mg_8.0_sim_100.0, F1@0.50: 50.63
Processing video: 5085344787448740525
Processing video: 5085357672350628540
Processing video: 5090916219025116054
Processing video: 5086465773912997411
Processing video: 5092765202446045704
Processing video: 5097975856769557081
Processing video: 5099449889545545450
Processing video: 5103182645622502287
Processing video: 5146258161124252727
Processing video: 5172231547180314349
Processing video: 5134749367588120522
Processing video: 5218949624445806415
Processing video: 5173709444596630576
Processing video: 5525084584552992937
Processing video: 5366409594815891602
Processing video: 5391892065246550398
total  1173319 subs 9168
Trial 61/1000, Params: dpd_0.1_dpg_0.5_ws_40_mg_2.0_sim_2.0, F1@0.50: 50.66
Processing video: 5085344787448740525
Processing video: 5085357672350628540
Processing video: 5086465773912997411
Processing video: 5090916219025116054
Processing video: 5092765202446045704
Processing video: 5097975856769557081
Processing video: 5099449889545545450
Processing video: 5103182645622502287
Processing video: 5134749367588120522
Processing video: 5146258161124252727
Processing video: 5172231547180314349
Processing video: 5173709444596630576
Processing video: 5218949624445806415
Processing video: 5366409594815891602
Processing video: 5391892065246550398
Processing video: 5525084584552992937
total  1173319 subs 9168
Trial 62/1000, Params: dpd_0.1_dpg_0.8_ws_50_mg_4.0_sim_0.5, F1@0.50: 50.57
Processing video: 5085344787448740525
Processing video: 5085357672350628540
Processing video: 5086465773912997411
Processing video: 5090916219025116054
Processing video: 5092765202446045704
Processing video: 5097975856769557081
Processing video: 5099449889545545450
Processing video: 5103182645622502287
Processing video: 5134749367588120522
Processing video: 5173709444596630576
Processing video: 5146258161124252727
Processing video: 5172231547180314349
Processing video: 5218949624445806415
Processing video: 5525084584552992937
Processing video: 5366409594815891602
Processing video: 5391892065246550398
total  1173319 subs 9168
Trial 63/1000, Params: dpd_10.0_dpg_0.5_ws_50_mg_10.0_sim_50.0, F1@0.50: 53.09
Processing video: 5085344787448740525
Processing video: 5085357672350628540
Processing video: 5086465773912997411
Processing video: 5090916219025116054
Processing video: 5092765202446045704
Processing video: 5097975856769557081
Processing video: 5099449889545545450
Processing video: 5103182645622502287
Processing video: 5134749367588120522
Processing video: 5173709444596630576
Processing video: 5146258161124252727
Processing video: 5172231547180314349
Processing video: 5218949624445806415
Processing video: 5366409594815891602
Processing video: 5391892065246550398
Processing video: 5525084584552992937
total  1173319 subs 9168
Trial 64/1000, Params: dpd_0.0_dpg_0.5_ws_50_mg_10.0_sim_2.0, F1@0.50: 50.7
Processing video: 5085344787448740525
Processing video: 5086465773912997411
Processing video: 5085357672350628540
Processing video: 5090916219025116054
Processing video: 5092765202446045704
Processing video: 5097975856769557081
Processing video: 5103182645622502287
Processing video: 5099449889545545450
Processing video: 5134749367588120522
Processing video: 5146258161124252727
Processing video: 5172231547180314349
Processing video: 5173709444596630576
Processing video: 5366409594815891602
Processing video: 5218949624445806415
Processing video: 5525084584552992937
Processing video: 5391892065246550398
total  1173319 subs 9168
Trial 65/1000, Params: dpd_0.0_dpg_0.5_ws_30_mg_2.0_sim_2.0, F1@0.50: 50.45
Processing video: 5085344787448740525
Processing video: 5085357672350628540
Processing video: 5086465773912997411
Processing video: 5090916219025116054
Processing video: 5092765202446045704
Processing video: 5097975856769557081
Processing video: 5103182645622502287
Processing video: 5099449889545545450
Processing video: 5134749367588120522
Processing video: 5173709444596630576
Processing video: 5146258161124252727
Processing video: 5172231547180314349
Processing video: 5366409594815891602
Processing video: 5218949624445806415
Processing video: 5525084584552992937
Processing video: 5391892065246550398
total  1173319 subs 9168
Trial 66/1000, Params: dpd_0.5_dpg_5.0_ws_30_mg_6.0_sim_5.0, F1@0.50: 51.32
Processing video: 5085344787448740525
Processing video: 5085357672350628540
Processing video: 5086465773912997411
Processing video: 5090916219025116054
Processing video: 5092765202446045704
Processing video: 5097975856769557081
Processing video: 5099449889545545450
Processing video: 5134749367588120522
Processing video: 5103182645622502287
Processing video: 5146258161124252727
Processing video: 5172231547180314349
Processing video: 5173709444596630576
Processing video: 5218949624445806415
Processing video: 5366409594815891602
Processing video: 5391892065246550398
Processing video: 5525084584552992937
total  1173319 subs 9168
Trial 67/1000, Params: dpd_2.0_dpg_0.5_ws_50_mg_8.0_sim_100.0, F1@0.50: 40.41
Processing video: 5085344787448740525
Processing video: 5085357672350628540
Processing video: 5086465773912997411
Processing video: 5090916219025116054
Processing video: 5092765202446045704
Processing video: 5097975856769557081
Processing video: 5103182645622502287
Processing video: 5099449889545545450
Processing video: 5134749367588120522
Processing video: 5146258161124252727
Processing video: 5172231547180314349
Processing video: 5218949624445806415
Processing video: 5173709444596630576Processing video: 5391892065246550398

Processing video: 5366409594815891602
Processing video: 5525084584552992937
total  1173319 subs 9168
Trial 68/1000, Params: dpd_0.1_dpg_1.0_ws_50_mg_4.0_sim_30.0, F1@0.50: 46.48
Processing video: 5085344787448740525
Processing video: 5086465773912997411
Processing video: 5085357672350628540
Processing video: 5090916219025116054
Processing video: 5092765202446045704
Processing video: 5097975856769557081
Processing video: 5099449889545545450
Processing video: 5103182645622502287
Processing video: 5134749367588120522
Processing video: 5146258161124252727
Processing video: 5172231547180314349
Processing video: 5173709444596630576
Processing video: 5218949624445806415
Processing video: 5366409594815891602
Processing video: 5525084584552992937
Processing video: 5391892065246550398
total  1173319 subs 9168
Trial 69/1000, Params: dpd_0.0_dpg_20.0_ws_50_mg_4.0_sim_30.0, F1@0.50: 46.06
Processing video: 5085344787448740525
Processing video: 5085357672350628540
Processing video: 5086465773912997411
Processing video: 5090916219025116054
Processing video: 5092765202446045704
Processing video: 5097975856769557081
Processing video: 5103182645622502287
Processing video: 5099449889545545450
Processing video: 5134749367588120522
Processing video: 5146258161124252727
Processing video: 5172231547180314349
Processing video: 5173709444596630576
Processing video: 5218949624445806415Processing video: 5391892065246550398

Processing video: 5366409594815891602
Processing video: 5525084584552992937
total  1173319 subs 9168
Trial 70/1000, Params: dpd_5.0_dpg_1.0_ws_20_mg_10.0_sim_100.0, F1@0.50: 49.27
Processing video: 5085344787448740525
Processing video: 5085357672350628540
Processing video: 5086465773912997411
Processing video: 5090916219025116054
Processing video: 5092765202446045704
Processing video: 5097975856769557081
Processing video: 5099449889545545450
Processing video: 5146258161124252727Processing video: 5103182645622502287

Processing video: 5134749367588120522
Processing video: 5218949624445806415
Processing video: 5172231547180314349
Processing video: 5173709444596630576
Processing video: 5391892065246550398
Processing video: 5525084584552992937
Processing video: 5366409594815891602
total  1173319 subs 9168
Trial 71/1000, Params: dpd_2.0_dpg_100.0_ws_40_mg_10.0_sim_100.0, F1@0.50: 41.93
Processing video: 5085344787448740525
Processing video: 5085357672350628540
Processing video: 5086465773912997411
Processing video: 5090916219025116054
Processing video: 5092765202446045704
Processing video: 5097975856769557081
Processing video: 5099449889545545450
Processing video: 5103182645622502287
Processing video: 5146258161124252727
Processing video: 5134749367588120522
Processing video: 5218949624445806415
Processing video: 5172231547180314349
Processing video: 5173709444596630576
Processing video: 5366409594815891602
Processing video: 5391892065246550398
Processing video: 5525084584552992937
total  1173319 subs 9168
Trial 72/1000, Params: dpd_10.0_dpg_0.8_ws_20_mg_8.0_sim_100.0, F1@0.50: 50.83
Processing video: 5085344787448740525
Processing video: 5085357672350628540
Processing video: 5086465773912997411
Processing video: 5090916219025116054
Processing video: 5092765202446045704
Processing video: 5097975856769557081
Processing video: 5099449889545545450
Processing video: 5103182645622502287
Processing video: 5134749367588120522
Processing video: 5146258161124252727
Processing video: 5173709444596630576
Processing video: 5172231547180314349
Processing video: 5218949624445806415Processing video: 5366409594815891602

Processing video: 5391892065246550398
Processing video: 5525084584552992937
total  1173319 subs 9168
Trial 73/1000, Params: dpd_0.0_dpg_0.5_ws_40_mg_8.0_sim_50.0, F1@0.50: 40.37
Processing video: 5085344787448740525
Processing video: 5085357672350628540
Processing video: 5090916219025116054
Processing video: 5086465773912997411
Processing video: 5092765202446045704
Processing video: 5097975856769557081
Processing video: 5099449889545545450
Processing video: 5103182645622502287
Processing video: 5134749367588120522
Processing video: 5172231547180314349
Processing video: 5146258161124252727
Processing video: 5173709444596630576
Processing video: 5218949624445806415
Processing video: 5366409594815891602
Processing video: 5391892065246550398
Processing video: 5525084584552992937
total  1173319 subs 9168
Trial 74/1000, Params: dpd_0.8_dpg_0.1_ws_50_mg_4.0_sim_20.0, F1@0.50: 53.3
Processing video: 5085344787448740525
Processing video: 5085357672350628540
Processing video: 5086465773912997411
Processing video: 5090916219025116054
Processing video: 5092765202446045704
Processing video: 5097975856769557081
Processing video: 5099449889545545450
Processing video: 5103182645622502287
Processing video: 5134749367588120522
Processing video: 5173709444596630576
Processing video: 5146258161124252727
Processing video: 5172231547180314349
Processing video: 5366409594815891602
Processing video: 5218949624445806415Processing video: 5525084584552992937

Processing video: 5391892065246550398
total  1173319 subs 9168
Trial 75/1000, Params: dpd_100.0_dpg_100.0_ws_30_mg_8.0_sim_50.0, F1@0.50: 46.77
Processing video: 5085344787448740525
Processing video: 5085357672350628540
Processing video: 5086465773912997411
Processing video: 5090916219025116054
Processing video: 5092765202446045704
Processing video: 5097975856769557081
Processing video: 5099449889545545450
Processing video: 5103182645622502287
Processing video: 5146258161124252727
Processing video: 5134749367588120522
Processing video: 5173709444596630576
Processing video: 5172231547180314349
Processing video: 5366409594815891602
Processing video: 5218949624445806415
Processing video: 5391892065246550398
Processing video: 5525084584552992937
total  1173319 subs 9168
Trial 76/1000, Params: dpd_20.0_dpg_20.0_ws_30_mg_8.0_sim_0.0, F1@0.50: 45.56
Processing video: 5085344787448740525
Processing video: 5085357672350628540
Processing video: 5086465773912997411
Processing video: 5090916219025116054
Processing video: 5092765202446045704
Processing video: 5097975856769557081
Processing video: 5134749367588120522
Processing video: 5099449889545545450
Processing video: 5103182645622502287
Processing video: 5146258161124252727
Processing video: 5172231547180314349
Processing video: 5366409594815891602
Processing video: 5173709444596630576
Processing video: 5218949624445806415
Processing video: 5391892065246550398
Processing video: 5525084584552992937
total  1173319 subs 9168
Trial 77/1000, Params: dpd_20.0_dpg_100.0_ws_40_mg_2.0_sim_5.0, F1@0.50: 45.79
Processing video: 5085344787448740525
Processing video: 5085357672350628540Processing video: 5090916219025116054

Processing video: 5086465773912997411
Processing video: 5092765202446045704
Processing video: 5097975856769557081
Processing video: 5103182645622502287
Processing video: 5099449889545545450
Processing video: 5172231547180314349
Processing video: 5134749367588120522
Processing video: 5146258161124252727
Processing video: 5173709444596630576
Processing video: 5391892065246550398
Processing video: 5218949624445806415
Processing video: 5366409594815891602
Processing video: 5525084584552992937
total  1173319 subs 9168
Trial 78/1000, Params: dpd_100.0_dpg_0.8_ws_30_mg_4.0_sim_1.0, F1@0.50: 32.05
Processing video: 5085344787448740525
Processing video: 5086465773912997411
Processing video: 5085357672350628540
Processing video: 5090916219025116054
Processing video: 5092765202446045704
Processing video: 5097975856769557081
Processing video: 5099449889545545450
Processing video: 5103182645622502287
Processing video: 5134749367588120522Processing video: 5172231547180314349

Processing video: 5146258161124252727
Processing video: 5173709444596630576
Processing video: 5366409594815891602
Processing video: 5218949624445806415
Processing video: 5391892065246550398
Processing video: 5525084584552992937
total  1173319 subs 9168
Trial 79/1000, Params: dpd_2.0_dpg_0.5_ws_40_mg_2.0_sim_5.0, F1@0.50: 52.22
Processing video: 5085357672350628540
Processing video: 5085344787448740525
Processing video: 5086465773912997411
Processing video: 5090916219025116054
Processing video: 5092765202446045704
Processing video: 5097975856769557081
Processing video: 5099449889545545450
Processing video: 5134749367588120522
Processing video: 5103182645622502287
Processing video: 5173709444596630576
Processing video: 5146258161124252727
Processing video: 5172231547180314349
Processing video: 5218949624445806415
Processing video: 5366409594815891602
Processing video: 5391892065246550398
Processing video: 5525084584552992937
total  1173319 subs 9168
Trial 80/1000, Params: dpd_10.0_dpg_2.0_ws_40_mg_10.0_sim_2.0, F1@0.50: 48.33
Processing video: 5085357672350628540
Processing video: 5085344787448740525
Processing video: 5086465773912997411
Processing video: 5090916219025116054
Processing video: 5092765202446045704
Processing video: 5097975856769557081
Processing video: 5099449889545545450
Processing video: 5103182645622502287
Processing video: 5146258161124252727
Processing video: 5134749367588120522
Processing video: 5172231547180314349
Processing video: 5173709444596630576
Processing video: 5218949624445806415
Processing video: 5366409594815891602
Processing video: 5391892065246550398
Processing video: 5525084584552992937
total  1173319 subs 9168
Trial 81/1000, Params: dpd_2.0_dpg_2.0_ws_50_mg_8.0_sim_20.0, F1@0.50: 55.32
New best found!
New Best F1@0.50: 55.32 with parameters: dp_duration_penalty_weight=2.0, dp_gap_penalty_weight=2.0, dp_window_size=50, dp_max_gap=8.0, similarity_weight=20.0
Processing video: 5085344787448740525
Processing video: 5085357672350628540
Processing video: 5090916219025116054
Processing video: 5086465773912997411
Processing video: 5092765202446045704
Processing video: 5097975856769557081
Processing video: 5103182645622502287
Processing video: 5099449889545545450
Processing video: 5134749367588120522
Processing video: 5146258161124252727
Processing video: 5172231547180314349
Processing video: 5173709444596630576
Processing video: 5366409594815891602
Processing video: 5218949624445806415
Processing video: 5391892065246550398
Processing video: 5525084584552992937
total  1173319 subs 9168
Trial 82/1000, Params: dpd_20.0_dpg_20.0_ws_20_mg_8.0_sim_0.0, F1@0.50: 42.81
Processing video: 5085344787448740525
Processing video: 5085357672350628540
Processing video: 5086465773912997411
Processing video: 5090916219025116054
Processing video: 5092765202446045704
Processing video: 5097975856769557081
Processing video: 5103182645622502287
Processing video: 5099449889545545450
Processing video: 5134749367588120522
Processing video: 5146258161124252727
Processing video: 5172231547180314349
Processing video: 5173709444596630576
Processing video: 5218949624445806415
Processing video: 5366409594815891602
Processing video: 5525084584552992937
Processing video: 5391892065246550398
total  1173319 subs 9168
Trial 83/1000, Params: dpd_2.0_dpg_1.0_ws_50_mg_10.0_sim_30.0, F1@0.50: 54.2
Processing video: 5085357672350628540
Processing video: 5085344787448740525
Processing video: 5086465773912997411
Processing video: 5090916219025116054
Processing video: 5092765202446045704
Processing video: 5097975856769557081
Processing video: 5103182645622502287
Processing video: 5099449889545545450
Processing video: 5134749367588120522
Processing video: 5172231547180314349
Processing video: 5218949624445806415
Processing video: 5146258161124252727
Processing video: 5173709444596630576
Processing video: 5525084584552992937
Processing video: 5391892065246550398Processing video: 5366409594815891602

total  1173319 subs 9168
Trial 84/1000, Params: dpd_100.0_dpg_0.1_ws_50_mg_6.0_sim_0.0, F1@0.50: 31.07
Processing video: 5085357672350628540
Processing video: 5085344787448740525
Processing video: 5086465773912997411
Processing video: 5090916219025116054
Processing video: 5092765202446045704
Processing video: 5097975856769557081
Processing video: 5103182645622502287
Processing video: 5099449889545545450
Processing video: 5134749367588120522
Processing video: 5146258161124252727
Processing video: 5218949624445806415
Processing video: 5172231547180314349
Processing video: 5173709444596630576
Processing video: 5366409594815891602
Processing video: 5391892065246550398
Processing video: 5525084584552992937
total  1173319 subs 9168
Trial 85/1000, Params: dpd_0.0_dpg_10.0_ws_50_mg_10.0_sim_30.0, F1@0.50: 46.98
Processing video: 5085344787448740525
Processing video: 5085357672350628540
Processing video: 5086465773912997411
Processing video: 5090916219025116054
Processing video: 5092765202446045704
Processing video: 5097975856769557081
Processing video: 5099449889545545450
Processing video: 5103182645622502287
Processing video: 5134749367588120522
Processing video: 5146258161124252727
Processing video: 5172231547180314349
Processing video: 5173709444596630576
Processing video: 5218949624445806415
Processing video: 5366409594815891602
Processing video: 5391892065246550398
Processing video: 5525084584552992937
total  1173319 subs 9168
Trial 86/1000, Params: dpd_1.0_dpg_10.0_ws_20_mg_10.0_sim_10.0, F1@0.50: 51.37
Processing video: 5085344787448740525
Processing video: 5085357672350628540
Processing video: 5086465773912997411
Processing video: 5090916219025116054
Processing video: 5092765202446045704
Processing video: 5097975856769557081
Processing video: 5099449889545545450
Processing video: 5103182645622502287
Processing video: 5134749367588120522
Processing video: 5146258161124252727
Processing video: 5172231547180314349
Processing video: 5218949624445806415
Processing video: 5173709444596630576
Processing video: 5366409594815891602
Processing video: 5391892065246550398
Processing video: 5525084584552992937
total  1173319 subs 9168
Trial 87/1000, Params: dpd_20.0_dpg_1.0_ws_30_mg_8.0_sim_30.0, F1@0.50: 48.33
Processing video: 5085344787448740525
Processing video: 5085357672350628540
Processing video: 5086465773912997411
Processing video: 5090916219025116054
Processing video: 5092765202446045704
Processing video: 5097975856769557081
Processing video: 5099449889545545450
Processing video: 5103182645622502287
Processing video: 5134749367588120522
Processing video: 5172231547180314349
Processing video: 5146258161124252727
Processing video: 5173709444596630576
Processing video: 5366409594815891602
Processing video: 5525084584552992937Processing video: 5218949624445806415

Processing video: 5391892065246550398
total  1173319 subs 9168
Trial 88/1000, Params: dpd_10.0_dpg_100.0_ws_50_mg_6.0_sim_30.0, F1@0.50: 49.37
Processing video: 5085344787448740525Processing video: 5086465773912997411

Processing video: 5085357672350628540
Processing video: 5090916219025116054
Processing video: 5092765202446045704
Processing video: 5097975856769557081
Processing video: 5099449889545545450
Processing video: 5146258161124252727
Processing video: 5103182645622502287
Processing video: 5134749367588120522
Processing video: 5172231547180314349
Processing video: 5218949624445806415
Processing video: 5173709444596630576
Processing video: 5366409594815891602
Processing video: 5391892065246550398
Processing video: 5525084584552992937
total  1173319 subs 9168
Trial 89/1000, Params: dpd_20.0_dpg_0.0_ws_40_mg_10.0_sim_2.0, F1@0.50: 44.64
Processing video: 5085344787448740525
Processing video: 5085357672350628540
Processing video: 5086465773912997411
Processing video: 5090916219025116054
Processing video: 5092765202446045704
Processing video: 5097975856769557081
Processing video: 5103182645622502287
Processing video: 5099449889545545450
Processing video: 5134749367588120522
Processing video: 5146258161124252727
Processing video: 5172231547180314349
Processing video: 5173709444596630576
Processing video: 5218949624445806415
Processing video: 5366409594815891602
Processing video: 5391892065246550398
Processing video: 5525084584552992937
total  1173319 subs 9168
Trial 90/1000, Params: dpd_10.0_dpg_1.0_ws_50_mg_6.0_sim_5.0, F1@0.50: 49.11
Processing video: 5085344787448740525
Processing video: 5085357672350628540
Processing video: 5090916219025116054
Processing video: 5086465773912997411
Processing video: 5092765202446045704
Processing video: 5097975856769557081
Processing video: 5099449889545545450
Processing video: 5146258161124252727
Processing video: 5103182645622502287
Processing video: 5134749367588120522
Processing video: 5172231547180314349
Processing video: 5173709444596630576
Processing video: 5218949624445806415
Processing video: 5366409594815891602
Processing video: 5391892065246550398
Processing video: 5525084584552992937
total  1173319 subs 9168
Trial 91/1000, Params: dpd_5.0_dpg_1.0_ws_50_mg_2.0_sim_0.5, F1@0.50: 50.15
Processing video: 5085357672350628540
Processing video: 5085344787448740525
Processing video: 5086465773912997411
Processing video: 5090916219025116054
Processing video: 5092765202446045704
Processing video: 5097975856769557081
Processing video: 5099449889545545450
Processing video: 5103182645622502287
Processing video: 5134749367588120522
Processing video: 5146258161124252727
Processing video: 5172231547180314349
Processing video: 5173709444596630576
Processing video: 5391892065246550398
Processing video: 5218949624445806415
Processing video: 5366409594815891602
Processing video: 5525084584552992937
total  1173319 subs 9168
Trial 92/1000, Params: dpd_10.0_dpg_1.0_ws_50_mg_10.0_sim_0.5, F1@0.50: 47.67
Processing video: 5085344787448740525
Processing video: 5085357672350628540
Processing video: 5086465773912997411
Processing video: 5090916219025116054
Processing video: 5092765202446045704
Processing video: 5097975856769557081
Processing video: 5103182645622502287
Processing video: 5099449889545545450
Processing video: 5134749367588120522
Processing video: 5146258161124252727
Processing video: 5172231547180314349
Processing video: 5173709444596630576
Processing video: 5218949624445806415
Processing video: 5366409594815891602
Processing video: 5391892065246550398
Processing video: 5525084584552992937
total  1173319 subs 9168
Trial 93/1000, Params: dpd_5.0_dpg_0.0_ws_40_mg_8.0_sim_100.0, F1@0.50: 47.25
Processing video: 5085357672350628540
Processing video: 5085344787448740525
Processing video: 5086465773912997411
Processing video: 5090916219025116054
Processing video: 5092765202446045704
Processing video: 5097975856769557081
Processing video: 5103182645622502287
Processing video: 5099449889545545450
Processing video: 5146258161124252727
Processing video: 5173709444596630576
Processing video: 5134749367588120522
Processing video: 5172231547180314349
Processing video: 5218949624445806415
Processing video: 5366409594815891602
Processing video: 5391892065246550398
Processing video: 5525084584552992937
total  1173319 subs 9168
Trial 94/1000, Params: dpd_1.0_dpg_5.0_ws_30_mg_10.0_sim_0.0, F1@0.50: 50.27
Processing video: 5085344787448740525
Processing video: 5086465773912997411
Processing video: 5085357672350628540
Processing video: 5090916219025116054
Processing video: 5092765202446045704
Processing video: 5097975856769557081
Processing video: 5099449889545545450
Processing video: 5103182645622502287
Processing video: 5146258161124252727
Processing video: 5172231547180314349
Processing video: 5134749367588120522
Processing video: 5173709444596630576
Processing video: 5218949624445806415
Processing video: 5366409594815891602
Processing video: 5391892065246550398Processing video: 5525084584552992937

total  1173319 subs 9168
Trial 95/1000, Params: dpd_2.0_dpg_5.0_ws_30_mg_10.0_sim_30.0, F1@0.50: 54.18
Processing video: 5085344787448740525
Processing video: 5085357672350628540
Processing video: 5090916219025116054
Processing video: 5086465773912997411
Processing video: 5092765202446045704
Processing video: 5097975856769557081
Processing video: 5103182645622502287
Processing video: 5099449889545545450
Processing video: 5134749367588120522
Processing video: 5173709444596630576
Processing video: 5146258161124252727
Processing video: 5172231547180314349
Processing video: 5391892065246550398
Processing video: 5218949624445806415
Processing video: 5366409594815891602
Processing video: 5525084584552992937
total  1173319 subs 9168
Trial 96/1000, Params: dpd_2.0_dpg_100.0_ws_50_mg_4.0_sim_2.0, F1@0.50: 38.54
Processing video: 5085344787448740525
Processing video: 5085357672350628540
Processing video: 5086465773912997411
Processing video: 5090916219025116054
Processing video: 5092765202446045704
Processing video: 5097975856769557081
Processing video: 5103182645622502287
Processing video: 5099449889545545450
Processing video: 5134749367588120522
Processing video: 5146258161124252727
Processing video: 5218949624445806415
Processing video: 5172231547180314349
Processing video: 5173709444596630576
Processing video: 5366409594815891602
Processing video: 5391892065246550398
Processing video: 5525084584552992937
total  1173319 subs 9168
Trial 97/1000, Params: dpd_20.0_dpg_0.0_ws_50_mg_6.0_sim_5.0, F1@0.50: 45.56
Processing video: 5085357672350628540
Processing video: 5085344787448740525
Processing video: 5086465773912997411
Processing video: 5090916219025116054
Processing video: 5092765202446045704
Processing video: 5097975856769557081
Processing video: 5103182645622502287
Processing video: 5099449889545545450
Processing video: 5134749367588120522
Processing video: 5172231547180314349
Processing video: 5146258161124252727
Processing video: 5218949624445806415
Processing video: 5366409594815891602
Processing video: 5173709444596630576
Processing video: 5525084584552992937
Processing video: 5391892065246550398
total  1173319 subs 9168
Trial 98/1000, Params: dpd_0.5_dpg_100.0_ws_20_mg_6.0_sim_100.0, F1@0.50: 43.47
Processing video: 5085344787448740525
Processing video: 5085357672350628540
Processing video: 5086465773912997411
Processing video: 5090916219025116054
Processing video: 5092765202446045704
Processing video: 5097975856769557081
Processing video: 5103182645622502287
Processing video: 5099449889545545450
Processing video: 5134749367588120522
Processing video: 5146258161124252727
Processing video: 5173709444596630576
Processing video: 5172231547180314349
Processing video: 5218949624445806415
Processing video: 5366409594815891602
Processing video: 5391892065246550398Processing video: 5525084584552992937

total  1173319 subs 9168
Trial 99/1000, Params: dpd_5.0_dpg_0.8_ws_20_mg_2.0_sim_20.0, F1@0.50: 51.64
Processing video: 5085344787448740525
Processing video: 5085357672350628540
Processing video: 5086465773912997411
Processing video: 5090916219025116054
Processing video: 5092765202446045704
Processing video: 5097975856769557081
Processing video: 5134749367588120522
Processing video: 5099449889545545450
Processing video: 5103182645622502287
Processing video: 5173709444596630576
Processing video: 5146258161124252727
Processing video: 5172231547180314349
Processing video: 5218949624445806415
Processing video: 5525084584552992937
Processing video: 5366409594815891602
Processing video: 5391892065246550398
total  1173319 subs 9168
Trial 100/1000, Params: dpd_10.0_dpg_100.0_ws_40_mg_2.0_sim_30.0, F1@0.50: 49.68
Processing video: 5085344787448740525
Processing video: 5086465773912997411
Processing video: 5085357672350628540
Processing video: 5090916219025116054
Processing video: 5092765202446045704
Processing video: 5097975856769557081
Processing video: 5103182645622502287
Processing video: 5099449889545545450
Processing video: 5172231547180314349
Processing video: 5134749367588120522
Processing video: 5146258161124252727
Processing video: 5218949624445806415
Processing video: 5173709444596630576
Processing video: 5366409594815891602
Processing video: 5391892065246550398
Processing video: 5525084584552992937
total  1173319 subs 9168
Trial 101/1000, Params: dpd_0.1_dpg_0.5_ws_20_mg_10.0_sim_50.0, F1@0.50: 43.35
Processing video: 5085357672350628540
Processing video: 5085344787448740525
Processing video: 5086465773912997411
Processing video: 5090916219025116054
Processing video: 5092765202446045704
Processing video: 5097975856769557081
Processing video: 5099449889545545450
Processing video: 5103182645622502287
Processing video: 5134749367588120522
Processing video: 5146258161124252727
Processing video: 5172231547180314349
Processing video: 5173709444596630576
Processing video: 5218949624445806415
Processing video: 5366409594815891602
Processing video: 5391892065246550398
Processing video: 5525084584552992937
total  1173319 subs 9168
Trial 102/1000, Params: dpd_0.8_dpg_0.8_ws_40_mg_2.0_sim_30.0, F1@0.50: 51.43
Processing video: 5085344787448740525
Processing video: 5085357672350628540
Processing video: 5086465773912997411
Processing video: 5090916219025116054
Processing video: 5092765202446045704
Processing video: 5097975856769557081
Processing video: 5099449889545545450
Processing video: 5146258161124252727
Processing video: 5103182645622502287
Processing video: 5134749367588120522
Processing video: 5218949624445806415
Processing video: 5172231547180314349
Processing video: 5173709444596630576
Processing video: 5525084584552992937
Processing video: 5391892065246550398
Processing video: 5366409594815891602
total  1173319 subs 9168
Trial 103/1000, Params: dpd_1.0_dpg_0.5_ws_40_mg_10.0_sim_100.0, F1@0.50: 38.26
Processing video: 5085344787448740525
Processing video: 5085357672350628540
Processing video: 5086465773912997411
Processing video: 5090916219025116054
Processing video: 5092765202446045704
Processing video: 5097975856769557081
Processing video: 5099449889545545450
Processing video: 5146258161124252727
Processing video: 5103182645622502287
Processing video: 5134749367588120522
Processing video: 5172231547180314349
Processing video: 5218949624445806415
Processing video: 5173709444596630576
Processing video: 5391892065246550398
Processing video: 5366409594815891602
Processing video: 5525084584552992937
total  1173319 subs 9168
Trial 104/1000, Params: dpd_0.5_dpg_0.8_ws_40_mg_8.0_sim_0.0, F1@0.50: 50.22
Processing video: 5085357672350628540
Processing video: 5085344787448740525
Processing video: 5086465773912997411
Processing video: 5090916219025116054
Processing video: 5092765202446045704
Processing video: 5097975856769557081
Processing video: 5099449889545545450
Processing video: 5103182645622502287
Processing video: 5134749367588120522
Processing video: 5146258161124252727
Processing video: 5172231547180314349
Processing video: 5366409594815891602
Processing video: 5173709444596630576
Processing video: 5218949624445806415
Processing video: 5391892065246550398
Processing video: 5525084584552992937
total  1173319 subs 9168
Trial 105/1000, Params: dpd_20.0_dpg_0.5_ws_20_mg_2.0_sim_30.0, F1@0.50: 48.89
Processing video: 5085344787448740525
Processing video: 5085357672350628540
Processing video: 5086465773912997411
Processing video: 5090916219025116054
Processing video: 5092765202446045704
Processing video: 5097975856769557081
Processing video: 5103182645622502287
Processing video: 5099449889545545450
Processing video: 5134749367588120522
Processing video: 5146258161124252727
Processing video: 5172231547180314349
Processing video: 5173709444596630576
Processing video: 5218949624445806415
Processing video: 5366409594815891602
Processing video: 5391892065246550398
Processing video: 5525084584552992937
total  1173319 subs 9168
Trial 106/1000, Params: dpd_10.0_dpg_0.1_ws_30_mg_2.0_sim_100.0, F1@0.50: 51.48
Processing video: 5085344787448740525
Processing video: 5085357672350628540
Processing video: 5086465773912997411
Processing video: 5090916219025116054
Processing video: 5092765202446045704
Processing video: 5097975856769557081
Processing video: 5134749367588120522
Processing video: 5099449889545545450
Processing video: 5103182645622502287
Processing video: 5146258161124252727
Processing video: 5172231547180314349
Processing video: 5366409594815891602
Processing video: 5173709444596630576
Processing video: 5218949624445806415
Processing video: 5391892065246550398
Processing video: 5525084584552992937
total  1173319 subs 9168
Trial 107/1000, Params: dpd_2.0_dpg_0.0_ws_40_mg_10.0_sim_30.0, F1@0.50: 53.31
Processing video: 5085344787448740525
Processing video: 5086465773912997411
Processing video: 5085357672350628540
Processing video: 5090916219025116054
Processing video: 5092765202446045704
Processing video: 5097975856769557081
Processing video: 5099449889545545450
Processing video: 5103182645622502287
Processing video: 5134749367588120522
Processing video: 5146258161124252727
Processing video: 5172231547180314349
Processing video: 5218949624445806415
Processing video: 5173709444596630576
Processing video: 5366409594815891602
Processing video: 5391892065246550398
Processing video: 5525084584552992937
total  1173319 subs 9168
Trial 108/1000, Params: dpd_5.0_dpg_5.0_ws_20_mg_8.0_sim_0.5, F1@0.50: 48.68
Processing video: 5085344787448740525
Processing video: 5085357672350628540
Processing video: 5086465773912997411
Processing video: 5090916219025116054
Processing video: 5092765202446045704
Processing video: 5097975856769557081
Processing video: 5099449889545545450
Processing video: 5103182645622502287
Processing video: 5134749367588120522
Processing video: 5146258161124252727
Processing video: 5172231547180314349
Processing video: 5173709444596630576
Processing video: 5218949624445806415
Processing video: 5525084584552992937Processing video: 5366409594815891602

Processing video: 5391892065246550398
total  1173319 subs 9168
Trial 109/1000, Params: dpd_2.0_dpg_1.0_ws_30_mg_8.0_sim_0.5, F1@0.50: 50.79
Processing video: 5085344787448740525
Processing video: 5085357672350628540
Processing video: 5086465773912997411
Processing video: 5090916219025116054
Processing video: 5092765202446045704
Processing video: 5097975856769557081
Processing video: 5134749367588120522
Processing video: 5099449889545545450
Processing video: 5103182645622502287
Processing video: 5146258161124252727
Processing video: 5173709444596630576
Processing video: 5366409594815891602
Processing video: 5172231547180314349
Processing video: 5218949624445806415
Processing video: 5525084584552992937
Processing video: 5391892065246550398
total  1173319 subs 9168
Trial 110/1000, Params: dpd_20.0_dpg_100.0_ws_20_mg_10.0_sim_30.0, F1@0.50: 49.67
Processing video: 5086465773912997411Processing video: 5085344787448740525

Processing video: 5085357672350628540
Processing video: 5090916219025116054
Processing video: 5092765202446045704
Processing video: 5097975856769557081
Processing video: 5103182645622502287
Processing video: 5099449889545545450
Processing video: 5172231547180314349
Processing video: 5134749367588120522
Processing video: 5146258161124252727
Processing video: 5366409594815891602
Processing video: 5173709444596630576
Processing video: 5218949624445806415
Processing video: 5391892065246550398
Processing video: 5525084584552992937
total  1173319 subs 9168
Trial 111/1000, Params: dpd_5.0_dpg_10.0_ws_50_mg_10.0_sim_20.0, F1@0.50: 55.46
New best found!
New Best F1@0.50: 55.46 with parameters: dp_duration_penalty_weight=5.0, dp_gap_penalty_weight=10.0, dp_window_size=50, dp_max_gap=10.0, similarity_weight=20.0
Processing video: 5086465773912997411
Processing video: 5085344787448740525
Processing video: 5085357672350628540
Processing video: 5090916219025116054
Processing video: 5092765202446045704
Processing video: 5097975856769557081
Processing video: 5103182645622502287
Processing video: 5099449889545545450
Processing video: 5134749367588120522
Processing video: 5146258161124252727
Processing video: 5172231547180314349
Processing video: 5173709444596630576
Processing video: 5218949624445806415
Processing video: 5366409594815891602
Processing video: 5391892065246550398
Processing video: 5525084584552992937
total  1173319 subs 9168
Trial 112/1000, Params: dpd_100.0_dpg_0.5_ws_20_mg_10.0_sim_30.0, F1@0.50: 41.6
Processing video: 5085344787448740525Processing video: 5086465773912997411

Processing video: 5085357672350628540
Processing video: 5090916219025116054
Processing video: 5092765202446045704
Processing video: 5097975856769557081
Processing video: 5099449889545545450
Processing video: 5103182645622502287
Processing video: 5134749367588120522
Processing video: 5146258161124252727
Processing video: 5172231547180314349
Processing video: 5173709444596630576
Processing video: 5366409594815891602
Processing video: 5218949624445806415
Processing video: 5391892065246550398
Processing video: 5525084584552992937
total  1173319 subs 9168
Trial 113/1000, Params: dpd_10.0_dpg_100.0_ws_40_mg_2.0_sim_0.5, F1@0.50: 44.61
Processing video: 5085344787448740525
Processing video: 5085357672350628540
Processing video: 5086465773912997411
Processing video: 5090916219025116054
Processing video: 5092765202446045704
Processing video: 5097975856769557081
Processing video: 5099449889545545450
Processing video: 5103182645622502287
Processing video: 5134749367588120522
Processing video: 5146258161124252727
Processing video: 5172231547180314349
Processing video: 5173709444596630576
Processing video: 5218949624445806415
Processing video: 5366409594815891602
Processing video: 5391892065246550398
Processing video: 5525084584552992937
total  1173319 subs 9168
Trial 114/1000, Params: dpd_100.0_dpg_10.0_ws_20_mg_8.0_sim_100.0, F1@0.50: 44.99
Processing video: 5085344787448740525
Processing video: 5085357672350628540
Processing video: 5086465773912997411
Processing video: 5090916219025116054
Processing video: 5092765202446045704
Processing video: 5097975856769557081
Processing video: 5103182645622502287
Processing video: 5099449889545545450
Processing video: 5134749367588120522
Processing video: 5146258161124252727
Processing video: 5172231547180314349
Processing video: 5366409594815891602
Processing video: 5173709444596630576
Processing video: 5525084584552992937
Processing video: 5218949624445806415
Processing video: 5391892065246550398
total  1173319 subs 9168
Trial 115/1000, Params: dpd_1.0_dpg_5.0_ws_20_mg_6.0_sim_2.0, F1@0.50: 49.89
Processing video: 5085344787448740525
Processing video: 5085357672350628540
Processing video: 5086465773912997411
Processing video: 5090916219025116054
Processing video: 5092765202446045704
Processing video: 5097975856769557081
Processing video: 5099449889545545450
Processing video: 5103182645622502287
Processing video: 5146258161124252727
Processing video: 5134749367588120522
Processing video: 5172231547180314349
Processing video: 5366409594815891602
Processing video: 5173709444596630576
Processing video: 5218949624445806415
Processing video: 5391892065246550398
Processing video: 5525084584552992937
total  1173319 subs 9168
Trial 116/1000, Params: dpd_0.1_dpg_2.0_ws_40_mg_8.0_sim_30.0, F1@0.50: 47.62
Processing video: 5085344787448740525
Processing video: 5085357672350628540
Processing video: 5086465773912997411
Processing video: 5090916219025116054
Processing video: 5092765202446045704
Processing video: 5097975856769557081
Processing video: 5103182645622502287
Processing video: 5099449889545545450
Processing video: 5134749367588120522
Processing video: 5173709444596630576
Processing video: 5146258161124252727
Processing video: 5172231547180314349
Processing video: 5391892065246550398
Processing video: 5218949624445806415
Processing video: 5366409594815891602
Processing video: 5525084584552992937
total  1173319 subs 9168
Trial 117/1000, Params: dpd_0.0_dpg_0.8_ws_20_mg_8.0_sim_1.0, F1@0.50: 48.84
Processing video: 5085344787448740525
Processing video: 5085357672350628540
Processing video: 5086465773912997411
Processing video: 5090916219025116054
Processing video: 5092765202446045704
Processing video: 5097975856769557081
Processing video: 5099449889545545450
Processing video: 5103182645622502287
Processing video: 5134749367588120522
Processing video: 5146258161124252727
Processing video: 5172231547180314349
Processing video: 5218949624445806415
Processing video: 5173709444596630576
Processing video: 5525084584552992937
Processing video: 5366409594815891602
Processing video: 5391892065246550398
total  1173319 subs 9168
Trial 118/1000, Params: dpd_0.0_dpg_0.8_ws_40_mg_6.0_sim_0.0, F1@0.50: 50.28
Processing video: 5085357672350628540
Processing video: 5085344787448740525
Processing video: 5086465773912997411
Processing video: 5090916219025116054
Processing video: 5092765202446045704
Processing video: 5097975856769557081
Processing video: 5099449889545545450
Processing video: 5103182645622502287
Processing video: 5146258161124252727
Processing video: 5134749367588120522
Processing video: 5172231547180314349
Processing video: 5218949624445806415
Processing video: 5173709444596630576
Processing video: 5366409594815891602Processing video: 5525084584552992937

Processing video: 5391892065246550398
total  1173319 subs 9168
Trial 119/1000, Params: dpd_1.0_dpg_0.5_ws_50_mg_4.0_sim_2.0, F1@0.50: 51.17
Processing video: 5085344787448740525
Processing video: 5085357672350628540
Processing video: 5086465773912997411
Processing video: 5090916219025116054
Processing video: 5092765202446045704
Processing video: 5097975856769557081
Processing video: 5103182645622502287
Processing video: 5099449889545545450
Processing video: 5134749367588120522
Processing video: 5172231547180314349
Processing video: 5146258161124252727
Processing video: 5173709444596630576
Processing video: 5218949624445806415
Processing video: 5366409594815891602
Processing video: 5391892065246550398
Processing video: 5525084584552992937
total  1173319 subs 9168
Trial 120/1000, Params: dpd_5.0_dpg_1.0_ws_30_mg_4.0_sim_10.0, F1@0.50: 52.65
Processing video: 5085344787448740525
Processing video: 5085357672350628540
Processing video: 5086465773912997411
Processing video: 5090916219025116054
Processing video: 5092765202446045704
Processing video: 5097975856769557081Processing video: 5103182645622502287

Processing video: 5099449889545545450
Processing video: 5134749367588120522
Processing video: 5173709444596630576
Processing video: 5146258161124252727
Processing video: 5172231547180314349
Processing video: 5391892065246550398
Processing video: 5218949624445806415
Processing video: 5525084584552992937
Processing video: 5366409594815891602
total  1173319 subs 9168
Trial 121/1000, Params: dpd_0.0_dpg_100.0_ws_30_mg_8.0_sim_20.0, F1@0.50: 38.8
Processing video: 5085357672350628540
Processing video: 5085344787448740525
Processing video: 5086465773912997411
Processing video: 5090916219025116054
Processing video: 5092765202446045704
Processing video: 5097975856769557081
Processing video: 5099449889545545450
Processing video: 5134749367588120522
Processing video: 5103182645622502287
Processing video: 5146258161124252727
Processing video: 5172231547180314349
Processing video: 5173709444596630576
Processing video: 5218949624445806415
Processing video: 5366409594815891602
Processing video: 5391892065246550398
Processing video: 5525084584552992937
total  1173319 subs 9168
Trial 122/1000, Params: dpd_2.0_dpg_100.0_ws_50_mg_4.0_sim_0.5, F1@0.50: 38.0
Processing video: 5085344787448740525
Processing video: 5085357672350628540
Processing video: 5086465773912997411
Processing video: 5090916219025116054
Processing video: 5092765202446045704
Processing video: 5097975856769557081
Processing video: 5103182645622502287
Processing video: 5099449889545545450
Processing video: 5134749367588120522
Processing video: 5146258161124252727
Processing video: 5172231547180314349
Processing video: 5173709444596630576
Processing video: 5218949624445806415
Processing video: 5366409594815891602
Processing video: 5525084584552992937
Processing video: 5391892065246550398
total  1173319 subs 9168
Trial 123/1000, Params: dpd_2.0_dpg_0.8_ws_50_mg_2.0_sim_50.0, F1@0.50: 50.7
Processing video: 5085344787448740525
Processing video: 5085357672350628540
Processing video: 5086465773912997411
Processing video: 5090916219025116054
Processing video: 5092765202446045704
Processing video: 5097975856769557081
Processing video: 5103182645622502287
Processing video: 5099449889545545450
Processing video: 5146258161124252727
Processing video: 5134749367588120522
Processing video: 5172231547180314349
Processing video: 5366409594815891602
Processing video: 5173709444596630576
Processing video: 5218949624445806415
Processing video: 5525084584552992937
Processing video: 5391892065246550398
total  1173319 subs 9168
Trial 124/1000, Params: dpd_5.0_dpg_2.0_ws_30_mg_2.0_sim_0.0, F1@0.50: 49.76
Processing video: 5085344787448740525
Processing video: 5085357672350628540
Processing video: 5086465773912997411
Processing video: 5090916219025116054
Processing video: 5092765202446045704
Processing video: 5097975856769557081
Processing video: 5134749367588120522Processing video: 5099449889545545450

Processing video: 5103182645622502287
Processing video: 5146258161124252727
Processing video: 5172231547180314349
Processing video: 5218949624445806415
Processing video: 5366409594815891602
Processing video: 5173709444596630576
Processing video: 5391892065246550398
Processing video: 5525084584552992937
total  1173319 subs 9168
Trial 125/1000, Params: dpd_0.8_dpg_1.0_ws_20_mg_2.0_sim_10.0, F1@0.50: 51.54
Processing video: 5085344787448740525
Processing video: 5085357672350628540
Processing video: 5090916219025116054
Processing video: 5086465773912997411
Processing video: 5092765202446045704
Processing video: 5097975856769557081
Processing video: 5099449889545545450
Processing video: 5103182645622502287
Processing video: 5134749367588120522
Processing video: 5146258161124252727
Processing video: 5172231547180314349
Processing video: 5173709444596630576
Processing video: 5391892065246550398
Processing video: 5218949624445806415
Processing video: 5366409594815891602
Processing video: 5525084584552992937
total  1173319 subs 9168
Trial 126/1000, Params: dpd_10.0_dpg_20.0_ws_30_mg_6.0_sim_30.0, F1@0.50: 54.62
Processing video: 5085344787448740525
Processing video: 5085357672350628540
Processing video: 5086465773912997411
Processing video: 5090916219025116054
Processing video: 5092765202446045704
Processing video: 5097975856769557081
Processing video: 5103182645622502287
Processing video: 5099449889545545450
Processing video: 5134749367588120522
Processing video: 5146258161124252727
Processing video: 5172231547180314349
Processing video: 5218949624445806415
Processing video: 5173709444596630576
Processing video: 5366409594815891602
Processing video: 5391892065246550398
Processing video: 5525084584552992937
total  1173319 subs 9168
Trial 127/1000, Params: dpd_5.0_dpg_2.0_ws_50_mg_8.0_sim_30.0, F1@0.50: 54.91
Processing video: 5085344787448740525
Processing video: 5085357672350628540
Processing video: 5086465773912997411
Processing video: 5090916219025116054
Processing video: 5092765202446045704
Processing video: 5097975856769557081
Processing video: 5134749367588120522
Processing video: 5099449889545545450
Processing video: 5103182645622502287
Processing video: 5146258161124252727
Processing video: 5366409594815891602
Processing video: 5172231547180314349
Processing video: 5173709444596630576
Processing video: 5218949624445806415
Processing video: 5391892065246550398
Processing video: 5525084584552992937
total  1173319 subs 9168
Trial 128/1000, Params: dpd_20.0_dpg_1.0_ws_50_mg_10.0_sim_100.0, F1@0.50: 50.98
Processing video: 5085344787448740525
Processing video: 5085357672350628540
Processing video: 5086465773912997411
Processing video: 5090916219025116054
Processing video: 5092765202446045704
Processing video: 5097975856769557081
Processing video: 5103182645622502287
Processing video: 5099449889545545450
Processing video: 5134749367588120522
Processing video: 5146258161124252727
Processing video: 5218949624445806415Processing video: 5172231547180314349

Processing video: 5366409594815891602
Processing video: 5173709444596630576
Processing video: 5391892065246550398
Processing video: 5525084584552992937
total  1173319 subs 9168
Trial 129/1000, Params: dpd_10.0_dpg_2.0_ws_50_mg_4.0_sim_10.0, F1@0.50: 50.63
Processing video: 5085344787448740525
Processing video: 5085357672350628540
Processing video: 5086465773912997411
Processing video: 5090916219025116054
Processing video: 5092765202446045704
Processing video: 5097975856769557081
Processing video: 5134749367588120522
Processing video: 5099449889545545450
Processing video: 5103182645622502287
Processing video: 5146258161124252727
Processing video: 5173709444596630576
Processing video: 5172231547180314349
Processing video: 5391892065246550398
Processing video: 5218949624445806415
Processing video: 5366409594815891602
Processing video: 5525084584552992937
total  1173319 subs 9168
Trial 130/1000, Params: dpd_0.0_dpg_0.0_ws_20_mg_6.0_sim_10.0, F1@0.50: 49.72
Processing video: 5085344787448740525
Processing video: 5085357672350628540
Processing video: 5090916219025116054
Processing video: 5086465773912997411
Processing video: 5092765202446045704
Processing video: 5097975856769557081
Processing video: 5103182645622502287
Processing video: 5099449889545545450
Processing video: 5134749367588120522
Processing video: 5172231547180314349
Processing video: 5146258161124252727
Processing video: 5173709444596630576
Processing video: 5218949624445806415
Processing video: 5366409594815891602
Processing video: 5391892065246550398
Processing video: 5525084584552992937
total  1173319 subs 9168
Trial 131/1000, Params: dpd_5.0_dpg_20.0_ws_40_mg_4.0_sim_0.0, F1@0.50: 51.33
Processing video: 5085344787448740525
Processing video: 5085357672350628540
Processing video: 5086465773912997411
Processing video: 5090916219025116054
Processing video: 5092765202446045704
Processing video: 5097975856769557081
Processing video: 5103182645622502287
Processing video: 5099449889545545450
Processing video: 5172231547180314349
Processing video: 5134749367588120522
Processing video: 5146258161124252727
Processing video: 5173709444596630576
Processing video: 5218949624445806415
Processing video: 5366409594815891602
Processing video: 5391892065246550398
Processing video: 5525084584552992937
total  1173319 subs 9168
Trial 132/1000, Params: dpd_0.1_dpg_2.0_ws_50_mg_10.0_sim_20.0, F1@0.50: 50.93
Processing video: 5085344787448740525
Processing video: 5085357672350628540
Processing video: 5086465773912997411
Processing video: 5090916219025116054
Processing video: 5092765202446045704
Processing video: 5097975856769557081
Processing video: 5134749367588120522
Processing video: 5099449889545545450
Processing video: 5103182645622502287
Processing video: 5146258161124252727
Processing video: 5218949624445806415
Processing video: 5172231547180314349
Processing video: 5173709444596630576
Processing video: 5366409594815891602
Processing video: 5391892065246550398
Processing video: 5525084584552992937
total  1173319 subs 9168
Trial 133/1000, Params: dpd_20.0_dpg_0.0_ws_40_mg_10.0_sim_5.0, F1@0.50: 45.55
Processing video: 5086465773912997411
Processing video: 5085344787448740525
Processing video: 5085357672350628540
Processing video: 5090916219025116054
Processing video: 5092765202446045704
Processing video: 5097975856769557081
Processing video: 5134749367588120522
Processing video: 5099449889545545450
Processing video: 5103182645622502287
Processing video: 5172231547180314349
Processing video: 5146258161124252727
Processing video: 5366409594815891602
Processing video: 5173709444596630576
Processing video: 5218949624445806415
Processing video: 5391892065246550398
Processing video: 5525084584552992937
total  1173319 subs 9168
Trial 134/1000, Params: dpd_2.0_dpg_0.8_ws_30_mg_6.0_sim_100.0, F1@0.50: 43.65
Processing video: 5085344787448740525
Processing video: 5085357672350628540
Processing video: 5086465773912997411
Processing video: 5090916219025116054
Processing video: 5092765202446045704
Processing video: 5097975856769557081
Processing video: 5099449889545545450
Processing video: 5103182645622502287
Processing video: 5134749367588120522
Processing video: 5172231547180314349
Processing video: 5146258161124252727
Processing video: 5366409594815891602
Processing video: 5173709444596630576
Processing video: 5218949624445806415
Processing video: 5525084584552992937
Processing video: 5391892065246550398
total  1173319 subs 9168
Trial 135/1000, Params: dpd_1.0_dpg_100.0_ws_20_mg_10.0_sim_5.0, F1@0.50: 38.81
Processing video: 5085357672350628540
Processing video: 5085344787448740525
Processing video: 5086465773912997411
Processing video: 5090916219025116054
Processing video: 5092765202446045704
Processing video: 5097975856769557081
Processing video: 5103182645622502287
Processing video: 5099449889545545450
Processing video: 5134749367588120522
Processing video: 5172231547180314349
Processing video: 5146258161124252727
Processing video: 5218949624445806415
Processing video: 5173709444596630576
Processing video: 5366409594815891602
Processing video: 5391892065246550398
Processing video: 5525084584552992937
total  1173319 subs 9168
Trial 136/1000, Params: dpd_0.0_dpg_10.0_ws_40_mg_6.0_sim_1.0, F1@0.50: 48.62
Processing video: 5085344787448740525
Processing video: 5085357672350628540
Processing video: 5086465773912997411
Processing video: 5090916219025116054
Processing video: 5092765202446045704
Processing video: 5097975856769557081
Processing video: 5103182645622502287
Processing video: 5099449889545545450
Processing video: 5134749367588120522
Processing video: 5172231547180314349
Processing video: 5146258161124252727
Processing video: 5366409594815891602
Processing video: 5173709444596630576
Processing video: 5218949624445806415
Processing video: 5391892065246550398
Processing video: 5525084584552992937
total  1173319 subs 9168
Trial 137/1000, Params: dpd_2.0_dpg_0.1_ws_30_mg_8.0_sim_20.0, F1@0.50: 53.37
Processing video: 5085344787448740525
Processing video: 5085357672350628540
Processing video: 5086465773912997411
Processing video: 5090916219025116054
Processing video: 5092765202446045704
Processing video: 5097975856769557081
Processing video: 5099449889545545450
Processing video: 5103182645622502287
Processing video: 5134749367588120522
Processing video: 5146258161124252727
Processing video: 5172231547180314349
Processing video: 5173709444596630576
Processing video: 5218949624445806415
Processing video: 5366409594815891602
Processing video: 5391892065246550398
Processing video: 5525084584552992937
total  1173319 subs 9168
Trial 138/1000, Params: dpd_100.0_dpg_5.0_ws_20_mg_10.0_sim_30.0, F1@0.50: 41.77
Processing video: 5085344787448740525
Processing video: 5086465773912997411
Processing video: 5085357672350628540
Processing video: 5090916219025116054
Processing video: 5092765202446045704
Processing video: 5097975856769557081
Processing video: 5103182645622502287
Processing video: 5099449889545545450
Processing video: 5146258161124252727
Processing video: 5172231547180314349
Processing video: 5134749367588120522
Processing video: 5173709444596630576
Processing video: 5218949624445806415
Processing video: 5366409594815891602
Processing video: 5391892065246550398
Processing video: 5525084584552992937
total  1173319 subs 9168
Trial 139/1000, Params: dpd_100.0_dpg_5.0_ws_40_mg_2.0_sim_0.0, F1@0.50: 32.03
Processing video: 5085344787448740525
Processing video: 5085357672350628540
Processing video: 5086465773912997411
Processing video: 5090916219025116054
Processing video: 5092765202446045704
Processing video: 5097975856769557081
Processing video: 5099449889545545450
Processing video: 5103182645622502287
Processing video: 5146258161124252727
Processing video: 5134749367588120522
Processing video: 5172231547180314349
Processing video: 5173709444596630576
Processing video: 5218949624445806415
Processing video: 5391892065246550398
Processing video: 5366409594815891602
Processing video: 5525084584552992937
total  1173319 subs 9168
Trial 140/1000, Params: dpd_0.1_dpg_0.5_ws_40_mg_8.0_sim_100.0, F1@0.50: 34.46
Processing video: 5085344787448740525
Processing video: 5085357672350628540
Processing video: 5090916219025116054
Processing video: 5086465773912997411
Processing video: 5092765202446045704
Processing video: 5097975856769557081
Processing video: 5099449889545545450
Processing video: 5103182645622502287
Processing video: 5134749367588120522
Processing video: 5146258161124252727
Processing video: 5172231547180314349
Processing video: 5173709444596630576
Processing video: 5218949624445806415
Processing video: 5366409594815891602
Processing video: 5391892065246550398
Processing video: 5525084584552992937
total  1173319 subs 9168
Trial 141/1000, Params: dpd_2.0_dpg_20.0_ws_50_mg_2.0_sim_2.0, F1@0.50: 50.58
Processing video: 5085344787448740525
Processing video: 5085357672350628540
Processing video: 5086465773912997411
Processing video: 5090916219025116054
Processing video: 5092765202446045704
Processing video: 5097975856769557081
Processing video: 5099449889545545450
Processing video: 5103182645622502287
Processing video: 5146258161124252727
Processing video: 5134749367588120522
Processing video: 5172231547180314349
Processing video: 5173709444596630576
Processing video: 5218949624445806415
Processing video: 5366409594815891602
Processing video: 5391892065246550398
Processing video: 5525084584552992937
total  1173319 subs 9168
Trial 142/1000, Params: dpd_0.0_dpg_10.0_ws_30_mg_4.0_sim_1.0, F1@0.50: 48.52
Processing video: 5085344787448740525
Processing video: 5085357672350628540
Processing video: 5086465773912997411
Processing video: 5090916219025116054
Processing video: 5092765202446045704
Processing video: 5097975856769557081
Processing video: 5103182645622502287
Processing video: 5099449889545545450
Processing video: 5134749367588120522
Processing video: 5146258161124252727
Processing video: 5172231547180314349
Processing video: 5173709444596630576
Processing video: 5218949624445806415
Processing video: 5525084584552992937
Processing video: 5366409594815891602
Processing video: 5391892065246550398
total  1173319 subs 9168
Trial 143/1000, Params: dpd_10.0_dpg_0.0_ws_30_mg_4.0_sim_100.0, F1@0.50: 51.29
Processing video: 5085344787448740525
Processing video: 5085357672350628540
Processing video: 5086465773912997411
Processing video: 5090916219025116054
Processing video: 5092765202446045704
Processing video: 5097975856769557081
Processing video: 5099449889545545450
Processing video: 5103182645622502287Processing video: 5146258161124252727

Processing video: 5134749367588120522
Processing video: 5218949624445806415
Processing video: 5172231547180314349
Processing video: 5173709444596630576
Processing video: 5525084584552992937
Processing video: 5366409594815891602
Processing video: 5391892065246550398
total  1173319 subs 9168
Trial 144/1000, Params: dpd_1.0_dpg_10.0_ws_40_mg_10.0_sim_20.0, F1@0.50: 53.93
Processing video: 5085344787448740525
Processing video: 5085357672350628540
Processing video: 5086465773912997411
Processing video: 5090916219025116054
Processing video: 5092765202446045704
Processing video: 5097975856769557081
Processing video: 5099449889545545450
Processing video: 5134749367588120522
Processing video: 5103182645622502287
Processing video: 5146258161124252727
Processing video: 5172231547180314349
Processing video: 5173709444596630576
Processing video: 5218949624445806415
Processing video: 5391892065246550398
Processing video: 5366409594815891602
Processing video: 5525084584552992937
total  1173319 subs 9168
Trial 145/1000, Params: dpd_10.0_dpg_0.0_ws_50_mg_2.0_sim_5.0, F1@0.50: 48.57
Processing video: 5085344787448740525
Processing video: 5085357672350628540
Processing video: 5086465773912997411
Processing video: 5090916219025116054
Processing video: 5092765202446045704
Processing video: 5097975856769557081
Processing video: 5103182645622502287
Processing video: 5099449889545545450
Processing video: 5134749367588120522
Processing video: 5146258161124252727
Processing video: 5172231547180314349
Processing video: 5173709444596630576
Processing video: 5218949624445806415
Processing video: 5366409594815891602
Processing video: 5391892065246550398
Processing video: 5525084584552992937
total  1173319 subs 9168
Trial 146/1000, Params: dpd_0.1_dpg_2.0_ws_30_mg_6.0_sim_2.0, F1@0.50: 50.35
Processing video: 5085344787448740525
Processing video: 5085357672350628540
Processing video: 5086465773912997411
Processing video: 5090916219025116054
Processing video: 5092765202446045704
Processing video: 5097975856769557081
Processing video: 5099449889545545450
Processing video: 5103182645622502287
Processing video: 5134749367588120522
Processing video: 5146258161124252727
Processing video: 5172231547180314349
Processing video: 5173709444596630576
Processing video: 5218949624445806415
Processing video: 5366409594815891602
Processing video: 5391892065246550398
Processing video: 5525084584552992937
total  1173319 subs 9168
Trial 147/1000, Params: dpd_20.0_dpg_20.0_ws_20_mg_4.0_sim_10.0, F1@0.50: 49.07
Processing video: 5085344787448740525
Processing video: 5085357672350628540
Processing video: 5086465773912997411
Processing video: 5090916219025116054
Processing video: 5092765202446045704
Processing video: 5097975856769557081
Processing video: 5099449889545545450Processing video: 5134749367588120522

Processing video: 5103182645622502287
Processing video: 5146258161124252727Processing video: 5173709444596630576

Processing video: 5172231547180314349
Processing video: 5218949624445806415
Processing video: 5366409594815891602
Processing video: 5391892065246550398
Processing video: 5525084584552992937
total  1173319 subs 9168
Trial 148/1000, Params: dpd_20.0_dpg_0.5_ws_20_mg_10.0_sim_20.0, F1@0.50: 47.23
Processing video: 5085344787448740525
Processing video: 5085357672350628540
Processing video: 5086465773912997411
Processing video: 5090916219025116054
Processing video: 5092765202446045704
Processing video: 5097975856769557081
Processing video: 5099449889545545450
Processing video: 5103182645622502287
Processing video: 5134749367588120522
Processing video: 5146258161124252727
Processing video: 5172231547180314349
Processing video: 5173709444596630576
Processing video: 5218949624445806415
Processing video: 5366409594815891602
Processing video: 5391892065246550398
Processing video: 5525084584552992937
total  1173319 subs 9168
Trial 149/1000, Params: dpd_0.0_dpg_0.1_ws_20_mg_2.0_sim_30.0, F1@0.50: 46.98
Processing video: 5085357672350628540
Processing video: 5085344787448740525
Processing video: 5086465773912997411
Processing video: 5090916219025116054
Processing video: 5092765202446045704
Processing video: 5097975856769557081
Processing video: 5103182645622502287
Processing video: 5099449889545545450
Processing video: 5134749367588120522
Processing video: 5146258161124252727
Processing video: 5172231547180314349
Processing video: 5173709444596630576
Processing video: 5218949624445806415
Processing video: 5366409594815891602
Processing video: 5391892065246550398
Processing video: 5525084584552992937
total  1173319 subs 9168
Trial 150/1000, Params: dpd_0.0_dpg_0.0_ws_40_mg_4.0_sim_50.0, F1@0.50: 40.16
Processing video: 5085344787448740525
Processing video: 5085357672350628540
Processing video: 5086465773912997411
Processing video: 5090916219025116054
Processing video: 5092765202446045704
Processing video: 5097975856769557081
Processing video: 5099449889545545450
Processing video: 5146258161124252727
Processing video: 5103182645622502287
Processing video: 5134749367588120522
Processing video: 5172231547180314349
Processing video: 5366409594815891602
Processing video: 5173709444596630576
Processing video: 5525084584552992937Processing video: 5218949624445806415

Processing video: 5391892065246550398
total  1173319 subs 9168
Trial 151/1000, Params: dpd_20.0_dpg_0.5_ws_20_mg_8.0_sim_5.0, F1@0.50: 44.79
Processing video: 5085344787448740525
Processing video: 5090916219025116054
Processing video: 5085357672350628540
Processing video: 5086465773912997411
Processing video: 5092765202446045704
Processing video: 5097975856769557081
Processing video: 5099449889545545450
Processing video: 5134749367588120522
Processing video: 5103182645622502287
Processing video: 5172231547180314349
Processing video: 5146258161124252727
Processing video: 5173709444596630576
Processing video: 5218949624445806415
Processing video: 5366409594815891602
Processing video: 5391892065246550398
Processing video: 5525084584552992937
total  1173319 subs 9168
Trial 152/1000, Params: dpd_20.0_dpg_1.0_ws_40_mg_6.0_sim_5.0, F1@0.50: 45.76
Processing video: 5085344787448740525
Processing video: 5085357672350628540
Processing video: 5086465773912997411
Processing video: 5090916219025116054
Processing video: 5092765202446045704
Processing video: 5097975856769557081
Processing video: 5103182645622502287
Processing video: 5099449889545545450
Processing video: 5134749367588120522
Processing video: 5173709444596630576
Processing video: 5146258161124252727
Processing video: 5172231547180314349
Processing video: 5218949624445806415
Processing video: 5366409594815891602
Processing video: 5391892065246550398
Processing video: 5525084584552992937
total  1173319 subs 9168
Trial 153/1000, Params: dpd_0.5_dpg_2.0_ws_40_mg_6.0_sim_5.0, F1@0.50: 51.67
Processing video: 5085357672350628540
Processing video: 5085344787448740525
Processing video: 5086465773912997411
Processing video: 5090916219025116054
Processing video: 5092765202446045704
Processing video: 5097975856769557081
Processing video: 5103182645622502287
Processing video: 5099449889545545450
Processing video: 5172231547180314349
Processing video: 5134749367588120522
Processing video: 5146258161124252727
Processing video: 5173709444596630576
Processing video: 5218949624445806415
Processing video: 5525084584552992937
Processing video: 5366409594815891602
Processing video: 5391892065246550398
total  1173319 subs 9168
Trial 154/1000, Params: dpd_100.0_dpg_0.8_ws_20_mg_8.0_sim_0.5, F1@0.50: 29.84
Processing video: 5086465773912997411Processing video: 5085344787448740525

Processing video: 5085357672350628540
Processing video: 5090916219025116054
Processing video: 5092765202446045704
Processing video: 5097975856769557081
Processing video: 5134749367588120522
Processing video: 5099449889545545450
Processing video: 5103182645622502287
Processing video: 5146258161124252727
Processing video: 5218949624445806415
Processing video: 5172231547180314349
Processing video: 5173709444596630576
Processing video: 5366409594815891602
Processing video: 5391892065246550398
Processing video: 5525084584552992937
total  1173319 subs 9168
Trial 155/1000, Params: dpd_10.0_dpg_1.0_ws_20_mg_10.0_sim_50.0, F1@0.50: 51.85
Processing video: 5085344787448740525
Processing video: 5090916219025116054
Processing video: 5085357672350628540
Processing video: 5086465773912997411
Processing video: 5092765202446045704
Processing video: 5103182645622502287
Processing video: 5097975856769557081
Processing video: 5099449889545545450
Processing video: 5134749367588120522
Processing video: 5173709444596630576
Processing video: 5146258161124252727
Processing video: 5172231547180314349
Processing video: 5218949624445806415
Processing video: 5366409594815891602
Processing video: 5391892065246550398
Processing video: 5525084584552992937
total  1173319 subs 9168
Trial 156/1000, Params: dpd_0.8_dpg_10.0_ws_40_mg_10.0_sim_10.0, F1@0.50: 53.11
Processing video: 5085344787448740525
Processing video: 5085357672350628540
Processing video: 5090916219025116054
Processing video: 5086465773912997411
Processing video: 5092765202446045704
Processing video: 5097975856769557081
Processing video: 5103182645622502287
Processing video: 5099449889545545450
Processing video: 5134749367588120522
Processing video: 5146258161124252727
Processing video: 5172231547180314349
Processing video: 5218949624445806415
Processing video: 5173709444596630576
Processing video: 5366409594815891602
Processing video: 5391892065246550398
Processing video: 5525084584552992937
total  1173319 subs 9168
Trial 157/1000, Params: dpd_1.0_dpg_1.0_ws_40_mg_6.0_sim_5.0, F1@0.50: 51.82
Processing video: 5085344787448740525
Processing video: 5085357672350628540
Processing video: 5090916219025116054
Processing video: 5086465773912997411
Processing video: 5092765202446045704
Processing video: 5097975856769557081
Processing video: 5099449889545545450
Processing video: 5103182645622502287
Processing video: 5134749367588120522
Processing video: 5146258161124252727
Processing video: 5172231547180314349
Processing video: 5173709444596630576
Processing video: 5218949624445806415
Processing video: 5366409594815891602
Processing video: 5391892065246550398
Processing video: 5525084584552992937
total  1173319 subs 9168
Trial 158/1000, Params: dpd_2.0_dpg_0.0_ws_30_mg_4.0_sim_0.5, F1@0.50: 50.15
Processing video: 5085344787448740525
Processing video: 5086465773912997411
Processing video: 5085357672350628540
Processing video: 5090916219025116054
Processing video: 5092765202446045704
Processing video: 5097975856769557081
Processing video: 5134749367588120522
Processing video: 5099449889545545450
Processing video: 5103182645622502287
Processing video: 5146258161124252727
Processing video: 5172231547180314349
Processing video: 5218949624445806415
Processing video: 5173709444596630576
Processing video: 5366409594815891602
Processing video: 5391892065246550398
Processing video: 5525084584552992937
total  1173319 subs 9168
Trial 159/1000, Params: dpd_5.0_dpg_2.0_ws_30_mg_8.0_sim_20.0, F1@0.50: 53.81
Processing video: 5085344787448740525
Processing video: 5085357672350628540
Processing video: 5086465773912997411
Processing video: 5090916219025116054
Processing video: 5092765202446045704
Processing video: 5097975856769557081
Processing video: 5099449889545545450
Processing video: 5134749367588120522
Processing video: 5103182645622502287
Processing video: 5146258161124252727
Processing video: 5172231547180314349
Processing video: 5173709444596630576
Processing video: 5218949624445806415
Processing video: 5366409594815891602
Processing video: 5391892065246550398
Processing video: 5525084584552992937
total  1173319 subs 9168
Trial 160/1000, Params: dpd_0.8_dpg_0.0_ws_40_mg_8.0_sim_2.0, F1@0.50: 50.33
Processing video: 5085344787448740525
Processing video: 5085357672350628540
Processing video: 5086465773912997411
Processing video: 5090916219025116054
Processing video: 5092765202446045704
Processing video: 5097975856769557081
Processing video: 5099449889545545450
Processing video: 5103182645622502287
Processing video: 5172231547180314349
Processing video: 5134749367588120522
Processing video: 5146258161124252727
Processing video: 5173709444596630576
Processing video: 5391892065246550398
Processing video: 5218949624445806415
Processing video: 5366409594815891602
Processing video: 5525084584552992937
total  1173319 subs 9168
Trial 161/1000, Params: dpd_0.1_dpg_10.0_ws_40_mg_8.0_sim_5.0, F1@0.50: 50.43
Processing video: 5085344787448740525
Processing video: 5085357672350628540
Processing video: 5086465773912997411
Processing video: 5090916219025116054
Processing video: 5092765202446045704
Processing video: 5097975856769557081
Processing video: 5134749367588120522
Processing video: 5099449889545545450
Processing video: 5103182645622502287
Processing video: 5146258161124252727
Processing video: 5172231547180314349Processing video: 5218949624445806415

Processing video: 5173709444596630576
Processing video: 5525084584552992937
Processing video: 5366409594815891602
Processing video: 5391892065246550398
total  1173319 subs 9168
Trial 162/1000, Params: dpd_5.0_dpg_10.0_ws_30_mg_8.0_sim_5.0, F1@0.50: 52.89
Processing video: 5085344787448740525
Processing video: 5085357672350628540
Processing video: 5086465773912997411
Processing video: 5090916219025116054
Processing video: 5092765202446045704
Processing video: 5097975856769557081
Processing video: 5103182645622502287
Processing video: 5099449889545545450
Processing video: 5172231547180314349
Processing video: 5134749367588120522
Processing video: 5146258161124252727
Processing video: 5173709444596630576
Processing video: 5218949624445806415
Processing video: 5391892065246550398
Processing video: 5366409594815891602
Processing video: 5525084584552992937
total  1173319 subs 9168
Trial 163/1000, Params: dpd_1.0_dpg_0.1_ws_50_mg_10.0_sim_0.5, F1@0.50: 50.22
Processing video: 5085344787448740525
Processing video: 5086465773912997411
Processing video: 5085357672350628540
Processing video: 5090916219025116054
Processing video: 5092765202446045704
Processing video: 5097975856769557081
Processing video: 5134749367588120522
Processing video: 5099449889545545450
Processing video: 5103182645622502287
Processing video: 5146258161124252727
Processing video: 5173709444596630576
Processing video: 5172231547180314349
Processing video: 5391892065246550398
Processing video: 5218949624445806415
Processing video: 5366409594815891602
Processing video: 5525084584552992937
total  1173319 subs 9168
Trial 164/1000, Params: dpd_20.0_dpg_0.1_ws_30_mg_2.0_sim_20.0, F1@0.50: 47.47
Processing video: 5085357672350628540
Processing video: 5085344787448740525
Processing video: 5086465773912997411
Processing video: 5090916219025116054
Processing video: 5092765202446045704
Processing video: 5097975856769557081Processing video: 5103182645622502287

Processing video: 5099449889545545450
Processing video: 5172231547180314349
Processing video: 5134749367588120522
Processing video: 5146258161124252727
Processing video: 5173709444596630576
Processing video: 5218949624445806415
Processing video: 5366409594815891602
Processing video: 5391892065246550398
Processing video: 5525084584552992937
total  1173319 subs 9168
Trial 165/1000, Params: dpd_10.0_dpg_0.8_ws_50_mg_4.0_sim_0.5, F1@0.50: 47.77
Processing video: 5085344787448740525
Processing video: 5085357672350628540
Processing video: 5086465773912997411
Processing video: 5090916219025116054
Processing video: 5092765202446045704
Processing video: 5097975856769557081
Processing video: 5099449889545545450
Processing video: 5103182645622502287
Processing video: 5172231547180314349
Processing video: 5134749367588120522
Processing video: 5146258161124252727
Processing video: 5366409594815891602
Processing video: 5173709444596630576
Processing video: 5218949624445806415
Processing video: 5391892065246550398
Processing video: 5525084584552992937
total  1173319 subs 9168
Trial 166/1000, Params: dpd_0.0_dpg_100.0_ws_40_mg_8.0_sim_0.0, F1@0.50: 31.73
Processing video: 5086465773912997411
Processing video: 5085344787448740525
Processing video: 5085357672350628540
Processing video: 5090916219025116054
Processing video: 5092765202446045704
Processing video: 5097975856769557081
Processing video: 5134749367588120522
Processing video: 5099449889545545450
Processing video: 5103182645622502287
Processing video: 5173709444596630576
Processing video: 5146258161124252727
Processing video: 5172231547180314349
Processing video: 5391892065246550398
Processing video: 5218949624445806415
Processing video: 5366409594815891602
Processing video: 5525084584552992937
total  1173319 subs 9168
Trial 167/1000, Params: dpd_10.0_dpg_1.0_ws_50_mg_10.0_sim_10.0, F1@0.50: 50.12
Processing video: 5085344787448740525
Processing video: 5085357672350628540
Processing video: 5086465773912997411
Processing video: 5090916219025116054
Processing video: 5092765202446045704
Processing video: 5097975856769557081
Processing video: 5099449889545545450
Processing video: 5134749367588120522
Processing video: 5103182645622502287
Processing video: 5146258161124252727
Processing video: 5172231547180314349
Processing video: 5173709444596630576
Processing video: 5218949624445806415
Processing video: 5366409594815891602
Processing video: 5525084584552992937Processing video: 5391892065246550398

total  1173319 subs 9168
Trial 168/1000, Params: dpd_0.1_dpg_20.0_ws_50_mg_2.0_sim_0.0, F1@0.50: 45.05
Processing video: 5085357672350628540
Processing video: 5085344787448740525
Processing video: 5086465773912997411
Processing video: 5090916219025116054
Processing video: 5092765202446045704
Processing video: 5097975856769557081
Processing video: 5134749367588120522
Processing video: 5099449889545545450
Processing video: 5103182645622502287
Processing video: 5146258161124252727
Processing video: 5172231547180314349
Processing video: 5218949624445806415
Processing video: 5173709444596630576
Processing video: 5366409594815891602
Processing video: 5391892065246550398
Processing video: 5525084584552992937
total  1173319 subs 9168
Trial 169/1000, Params: dpd_10.0_dpg_5.0_ws_20_mg_10.0_sim_50.0, F1@0.50: 52.61
Processing video: 5085344787448740525
Processing video: 5085357672350628540
Processing video: 5086465773912997411
Processing video: 5090916219025116054
Processing video: 5092765202446045704
Processing video: 5097975856769557081
Processing video: 5103182645622502287
Processing video: 5099449889545545450
Processing video: 5134749367588120522
Processing video: 5146258161124252727
Processing video: 5218949624445806415
Processing video: 5366409594815891602
Processing video: 5172231547180314349
Processing video: 5173709444596630576
Processing video: 5525084584552992937
Processing video: 5391892065246550398
total  1173319 subs 9168
Trial 170/1000, Params: dpd_2.0_dpg_0.8_ws_20_mg_2.0_sim_10.0, F1@0.50: 51.73
Processing video: 5085344787448740525
Processing video: 5085357672350628540
Processing video: 5086465773912997411
Processing video: 5090916219025116054
Processing video: 5092765202446045704
Processing video: 5097975856769557081
Processing video: 5103182645622502287
Processing video: 5099449889545545450
Processing video: 5172231547180314349Processing video: 5134749367588120522

Processing video: 5146258161124252727
Processing video: 5173709444596630576
Processing video: 5218949624445806415
Processing video: 5366409594815891602
Processing video: 5391892065246550398
Processing video: 5525084584552992937
total  1173319 subs 9168
Trial 171/1000, Params: dpd_10.0_dpg_0.0_ws_30_mg_4.0_sim_20.0, F1@0.50: 50.65
Processing video: 5085344787448740525
Processing video: 5085357672350628540
Processing video: 5086465773912997411
Processing video: 5090916219025116054
Processing video: 5092765202446045704
Processing video: 5097975856769557081
Processing video: 5099449889545545450
Processing video: 5103182645622502287
Processing video: 5134749367588120522
Processing video: 5146258161124252727
Processing video: 5172231547180314349
Processing video: 5173709444596630576
Processing video: 5218949624445806415
Processing video: 5366409594815891602
Processing video: 5525084584552992937
Processing video: 5391892065246550398
total  1173319 subs 9168
Trial 172/1000, Params: dpd_0.0_dpg_100.0_ws_30_mg_4.0_sim_10.0, F1@0.50: 36.67
Processing video: 5085344787448740525
Processing video: 5085357672350628540
Processing video: 5086465773912997411
Processing video: 5090916219025116054
Processing video: 5092765202446045704
Processing video: 5097975856769557081
Processing video: 5099449889545545450
Processing video: 5103182645622502287
Processing video: 5172231547180314349
Processing video: 5134749367588120522
Processing video: 5146258161124252727
Processing video: 5173709444596630576
Processing video: 5218949624445806415
Processing video: 5525084584552992937
Processing video: 5366409594815891602
Processing video: 5391892065246550398
total  1173319 subs 9168
Trial 173/1000, Params: dpd_0.1_dpg_20.0_ws_20_mg_2.0_sim_2.0, F1@0.50: 45.92
Processing video: 5085344787448740525
Processing video: 5086465773912997411
Processing video: 5085357672350628540
Processing video: 5090916219025116054
Processing video: 5092765202446045704
Processing video: 5097975856769557081
Processing video: 5099449889545545450
Processing video: 5146258161124252727Processing video: 5103182645622502287

Processing video: 5134749367588120522
Processing video: 5218949624445806415
Processing video: 5172231547180314349
Processing video: 5173709444596630576
Processing video: 5366409594815891602
Processing video: 5391892065246550398Processing video: 5525084584552992937

total  1173319 subs 9168
Trial 174/1000, Params: dpd_10.0_dpg_20.0_ws_40_mg_4.0_sim_50.0, F1@0.50: 55.16
Processing video: 5085344787448740525
Processing video: 5085357672350628540
Processing video: 5086465773912997411
Processing video: 5090916219025116054
Processing video: 5092765202446045704
Processing video: 5097975856769557081
Processing video: 5099449889545545450
Processing video: 5103182645622502287
Processing video: 5134749367588120522
Processing video: 5146258161124252727
Processing video: 5172231547180314349
Processing video: 5173709444596630576
Processing video: 5218949624445806415
Processing video: 5391892065246550398
Processing video: 5366409594815891602
Processing video: 5525084584552992937
total  1173319 subs 9168
Trial 175/1000, Params: dpd_100.0_dpg_0.5_ws_50_mg_10.0_sim_5.0, F1@0.50: 32.45
Processing video: 5085344787448740525
Processing video: 5085357672350628540
Processing video: 5086465773912997411
Processing video: 5090916219025116054
Processing video: 5092765202446045704
Processing video: 5097975856769557081
Processing video: 5099449889545545450
Processing video: 5146258161124252727
Processing video: 5103182645622502287
Processing video: 5134749367588120522
Processing video: 5218949624445806415Processing video: 5172231547180314349

Processing video: 5173709444596630576
Processing video: 5366409594815891602
Processing video: 5525084584552992937
Processing video: 5391892065246550398
total  1173319 subs 9168
Trial 176/1000, Params: dpd_0.0_dpg_10.0_ws_50_mg_4.0_sim_20.0, F1@0.50: 49.51
Processing video: 5085344787448740525
Processing video: 5085357672350628540
Processing video: 5086465773912997411
Processing video: 5090916219025116054
Processing video: 5092765202446045704
Processing video: 5097975856769557081
Processing video: 5103182645622502287
Processing video: 5099449889545545450
Processing video: 5134749367588120522
Processing video: 5146258161124252727
Processing video: 5172231547180314349
Processing video: 5173709444596630576
Processing video: 5218949624445806415
Processing video: 5366409594815891602
Processing video: 5391892065246550398
Processing video: 5525084584552992937
total  1173319 subs 9168
Trial 177/1000, Params: dpd_0.0_dpg_1.0_ws_20_mg_2.0_sim_1.0, F1@0.50: 49.17
Processing video: 5085344787448740525
Processing video: 5085357672350628540
Processing video: 5086465773912997411
Processing video: 5090916219025116054
Processing video: 5092765202446045704
Processing video: 5097975856769557081
Processing video: 5099449889545545450
Processing video: 5134749367588120522
Processing video: 5103182645622502287
Processing video: 5173709444596630576
Processing video: 5146258161124252727
Processing video: 5172231547180314349
Processing video: 5218949624445806415
Processing video: 5366409594815891602
Processing video: 5391892065246550398
Processing video: 5525084584552992937
total  1173319 subs 9168
Trial 178/1000, Params: dpd_5.0_dpg_0.5_ws_30_mg_8.0_sim_10.0, F1@0.50: 52.15
Processing video: 5085344787448740525
Processing video: 5085357672350628540
Processing video: 5086465773912997411
Processing video: 5090916219025116054
Processing video: 5092765202446045704
Processing video: 5099449889545545450
Processing video: 5097975856769557081
Processing video: 5103182645622502287
Processing video: 5134749367588120522
Processing video: 5146258161124252727Processing video: 5218949624445806415

Processing video: 5172231547180314349
Processing video: 5173709444596630576
Processing video: 5366409594815891602
Processing video: 5391892065246550398
Processing video: 5525084584552992937
total  1173319 subs 9168
Trial 179/1000, Params: dpd_0.0_dpg_2.0_ws_50_mg_4.0_sim_30.0, F1@0.50: 46.25
Processing video: 5085344787448740525
Processing video: 5085357672350628540
Processing video: 5086465773912997411
Processing video: 5090916219025116054
Processing video: 5092765202446045704
Processing video: 5097975856769557081
Processing video: 5103182645622502287
Processing video: 5099449889545545450
Processing video: 5172231547180314349
Processing video: 5134749367588120522
Processing video: 5146258161124252727
Processing video: 5173709444596630576
Processing video: 5218949624445806415
Processing video: 5391892065246550398
Processing video: 5366409594815891602
Processing video: 5525084584552992937
total  1173319 subs 9168
Trial 180/1000, Params: dpd_2.0_dpg_10.0_ws_20_mg_10.0_sim_50.0, F1@0.50: 51.16
Processing video: 5085344787448740525
Processing video: 5085357672350628540
Processing video: 5086465773912997411
Processing video: 5090916219025116054
Processing video: 5092765202446045704
Processing video: 5097975856769557081
Processing video: 5099449889545545450
Processing video: 5103182645622502287
Processing video: 5134749367588120522
Processing video: 5173709444596630576
Processing video: 5146258161124252727
Processing video: 5172231547180314349
Processing video: 5366409594815891602
Processing video: 5218949624445806415
Processing video: 5391892065246550398
Processing video: 5525084584552992937
total  1173319 subs 9168
Trial 181/1000, Params: dpd_0.8_dpg_0.1_ws_20_mg_8.0_sim_1.0, F1@0.50: 48.84
Processing video: 5085344787448740525
Processing video: 5085357672350628540
Processing video: 5086465773912997411
Processing video: 5090916219025116054
Processing video: 5092765202446045704
Processing video: 5097975856769557081
Processing video: 5099449889545545450
Processing video: 5103182645622502287
Processing video: 5146258161124252727
Processing video: 5134749367588120522
Processing video: 5172231547180314349
Processing video: 5173709444596630576
Processing video: 5391892065246550398
Processing video: 5218949624445806415
Processing video: 5366409594815891602
Processing video: 5525084584552992937
total  1173319 subs 9168
Trial 182/1000, Params: dpd_0.8_dpg_5.0_ws_30_mg_8.0_sim_0.0, F1@0.50: 50.11
Processing video: 5085344787448740525
Processing video: 5085357672350628540
Processing video: 5086465773912997411
Processing video: 5090916219025116054
Processing video: 5092765202446045704
Processing video: 5097975856769557081
Processing video: 5103182645622502287
Processing video: 5099449889545545450
Processing video: 5134749367588120522
Processing video: 5172231547180314349
Processing video: 5146258161124252727
Processing video: 5366409594815891602
Processing video: 5173709444596630576
Processing video: 5218949624445806415
Processing video: 5391892065246550398
Processing video: 5525084584552992937
total  1173319 subs 9168
Trial 183/1000, Params: dpd_2.0_dpg_0.1_ws_20_mg_6.0_sim_1.0, F1@0.50: 48.99
Processing video: 5085344787448740525
Processing video: 5085357672350628540
Processing video: 5086465773912997411
Processing video: 5090916219025116054
Processing video: 5092765202446045704
Processing video: 5097975856769557081
Processing video: 5103182645622502287
Processing video: 5099449889545545450
Processing video: 5172231547180314349
Processing video: 5134749367588120522
Processing video: 5146258161124252727
Processing video: 5366409594815891602
Processing video: 5173709444596630576
Processing video: 5218949624445806415
Processing video: 5391892065246550398
Processing video: 5525084584552992937
total  1173319 subs 9168
Trial 184/1000, Params: dpd_5.0_dpg_2.0_ws_40_mg_2.0_sim_50.0, F1@0.50: 53.96
Processing video: 5085344787448740525Processing video: 5086465773912997411

Processing video: 5085357672350628540
Processing video: 5090916219025116054
Processing video: 5092765202446045704
Processing video: 5097975856769557081
Processing video: 5134749367588120522
Processing video: 5099449889545545450
Processing video: 5103182645622502287
Processing video: 5146258161124252727
Processing video: 5172231547180314349
Processing video: 5218949624445806415
Processing video: 5173709444596630576
Processing video: 5366409594815891602
Processing video: 5525084584552992937
Processing video: 5391892065246550398
total  1173319 subs 9168
Trial 185/1000, Params: dpd_100.0_dpg_0.0_ws_40_mg_10.0_sim_1.0, F1@0.50: 31.82
Processing video: 5085357672350628540
Processing video: 5085344787448740525
Processing video: 5086465773912997411
Processing video: 5090916219025116054
Processing video: 5092765202446045704
Processing video: 5097975856769557081
Processing video: 5134749367588120522
Processing video: 5099449889545545450
Processing video: 5103182645622502287
Processing video: 5173709444596630576
Processing video: 5146258161124252727
Processing video: 5172231547180314349
Processing video: 5218949624445806415
Processing video: 5366409594815891602
Processing video: 5525084584552992937
Processing video: 5391892065246550398
total  1173319 subs 9168
Trial 186/1000, Params: dpd_0.1_dpg_0.5_ws_50_mg_4.0_sim_100.0, F1@0.50: 33.02
Processing video: 5085344787448740525
Processing video: 5085357672350628540
Processing video: 5086465773912997411
Processing video: 5090916219025116054
Processing video: 5092765202446045704
Processing video: 5097975856769557081
Processing video: 5099449889545545450
Processing video: 5103182645622502287
Processing video: 5134749367588120522
Processing video: 5146258161124252727
Processing video: 5172231547180314349
Processing video: 5173709444596630576
Processing video: 5218949624445806415
Processing video: 5366409594815891602
Processing video: 5391892065246550398
Processing video: 5525084584552992937
total  1173319 subs 9168
Trial 187/1000, Params: dpd_100.0_dpg_0.8_ws_50_mg_10.0_sim_50.0, F1@0.50: 36.66
Processing video: 5085344787448740525
Processing video: 5085357672350628540
Processing video: 5086465773912997411
Processing video: 5090916219025116054
Processing video: 5092765202446045704
Processing video: 5097975856769557081
Processing video: 5103182645622502287
Processing video: 5099449889545545450
Processing video: 5172231547180314349
Processing video: 5134749367588120522
Processing video: 5146258161124252727
Processing video: 5366409594815891602
Processing video: 5173709444596630576
Processing video: 5218949624445806415
Processing video: 5391892065246550398
Processing video: 5525084584552992937
total  1173319 subs 9168
Trial 188/1000, Params: dpd_100.0_dpg_0.0_ws_30_mg_6.0_sim_50.0, F1@0.50: 40.1
Processing video: 5085344787448740525
Processing video: 5085357672350628540
Processing video: 5086465773912997411
Processing video: 5090916219025116054
Processing video: 5092765202446045704
Processing video: 5097975856769557081
Processing video: 5099449889545545450
Processing video: 5103182645622502287
Processing video: 5146258161124252727
Processing video: 5134749367588120522
Processing video: 5218949624445806415
Processing video: 5172231547180314349
Processing video: 5173709444596630576
Processing video: 5366409594815891602
Processing video: 5391892065246550398
Processing video: 5525084584552992937
total  1173319 subs 9168
Trial 189/1000, Params: dpd_0.8_dpg_1.0_ws_20_mg_6.0_sim_0.5, F1@0.50: 49.07
Processing video: 5085344787448740525
Processing video: 5085357672350628540
Processing video: 5090916219025116054
Processing video: 5086465773912997411
Processing video: 5092765202446045704
Processing video: 5097975856769557081Processing video: 5103182645622502287

Processing video: 5099449889545545450
Processing video: 5134749367588120522
Processing video: 5146258161124252727
Processing video: 5172231547180314349
Processing video: 5173709444596630576
Processing video: 5391892065246550398
Processing video: 5218949624445806415
Processing video: 5366409594815891602
Processing video: 5525084584552992937
total  1173319 subs 9168
Trial 190/1000, Params: dpd_100.0_dpg_10.0_ws_20_mg_8.0_sim_5.0, F1@0.50: 34.85
Processing video: 5085344787448740525
Processing video: 5085357672350628540
Processing video: 5090916219025116054
Processing video: 5086465773912997411
Processing video: 5092765202446045704
Processing video: 5097975856769557081
Processing video: 5134749367588120522
Processing video: 5099449889545545450
Processing video: 5103182645622502287
Processing video: 5146258161124252727
Processing video: 5172231547180314349
Processing video: 5173709444596630576
Processing video: 5391892065246550398
Processing video: 5218949624445806415
Processing video: 5366409594815891602
Processing video: 5525084584552992937
total  1173319 subs 9168
Trial 191/1000, Params: dpd_0.8_dpg_1.0_ws_40_mg_6.0_sim_0.0, F1@0.50: 50.43
Processing video: 5085344787448740525
Processing video: 5085357672350628540
Processing video: 5086465773912997411
Processing video: 5090916219025116054
Processing video: 5092765202446045704
Processing video: 5103182645622502287Processing video: 5097975856769557081

Processing video: 5099449889545545450
Processing video: 5134749367588120522
Processing video: 5173709444596630576
Processing video: 5146258161124252727
Processing video: 5172231547180314349
Processing video: 5218949624445806415
Processing video: 5366409594815891602
Processing video: 5391892065246550398Processing video: 5525084584552992937

total  1173319 subs 9168
Trial 192/1000, Params: dpd_0.0_dpg_0.0_ws_30_mg_2.0_sim_1.0, F1@0.50: 49.9
Processing video: 5085344787448740525
Processing video: 5085357672350628540
Processing video: 5090916219025116054
Processing video: 5086465773912997411
Processing video: 5092765202446045704
Processing video: 5097975856769557081
Processing video: 5103182645622502287
Processing video: 5099449889545545450
Processing video: 5134749367588120522
Processing video: 5173709444596630576
Processing video: 5146258161124252727
Processing video: 5172231547180314349
Processing video: 5366409594815891602
Processing video: 5218949624445806415
Processing video: 5525084584552992937Processing video: 5391892065246550398

total  1173319 subs 9168
Trial 193/1000, Params: dpd_1.0_dpg_0.0_ws_30_mg_6.0_sim_5.0, F1@0.50: 50.92
Processing video: 5085344787448740525
Processing video: 5085357672350628540
Processing video: 5086465773912997411
Processing video: 5090916219025116054
Processing video: 5092765202446045704
Processing video: 5097975856769557081
Processing video: 5099449889545545450
Processing video: 5103182645622502287
Processing video: 5146258161124252727
Processing video: 5134749367588120522
Processing video: 5218949624445806415
Processing video: 5172231547180314349
Processing video: 5391892065246550398
Processing video: 5173709444596630576
Processing video: 5366409594815891602
Processing video: 5525084584552992937
total  1173319 subs 9168
Trial 194/1000, Params: dpd_20.0_dpg_1.0_ws_50_mg_4.0_sim_0.0, F1@0.50: 43.91
Processing video: 5085344787448740525
Processing video: 5085357672350628540
Processing video: 5086465773912997411
Processing video: 5090916219025116054
Processing video: 5092765202446045704
Processing video: 5097975856769557081
Processing video: 5099449889545545450
Processing video: 5103182645622502287
Processing video: 5134749367588120522
Processing video: 5146258161124252727
Processing video: 5172231547180314349
Processing video: 5173709444596630576
Processing video: 5218949624445806415
Processing video: 5366409594815891602
Processing video: 5391892065246550398
Processing video: 5525084584552992937
total  1173319 subs 9168
Trial 195/1000, Params: dpd_0.1_dpg_0.1_ws_30_mg_2.0_sim_5.0, F1@0.50: 50.92
Processing video: 5085344787448740525
Processing video: 5085357672350628540
Processing video: 5090916219025116054
Processing video: 5086465773912997411
Processing video: 5092765202446045704
Processing video: 5097975856769557081
Processing video: 5099449889545545450
Processing video: 5103182645622502287Processing video: 5146258161124252727

Processing video: 5134749367588120522
Processing video: 5172231547180314349
Processing video: 5173709444596630576
Processing video: 5218949624445806415
Processing video: 5525084584552992937
Processing video: 5366409594815891602
Processing video: 5391892065246550398
total  1173319 subs 9168
Trial 196/1000, Params: dpd_10.0_dpg_1.0_ws_40_mg_2.0_sim_30.0, F1@0.50: 52.61
Processing video: 5085344787448740525
Processing video: 5085357672350628540
Processing video: 5090916219025116054
Processing video: 5086465773912997411
Processing video: 5092765202446045704
Processing video: 5097975856769557081
Processing video: 5099449889545545450
Processing video: 5103182645622502287
Processing video: 5134749367588120522
Processing video: 5172231547180314349
Processing video: 5146258161124252727
Processing video: 5173709444596630576
Processing video: 5218949624445806415
Processing video: 5366409594815891602
Processing video: 5391892065246550398
Processing video: 5525084584552992937
total  1173319 subs 9168
Trial 197/1000, Params: dpd_5.0_dpg_100.0_ws_20_mg_2.0_sim_20.0, F1@0.50: 46.95
Processing video: 5085344787448740525
Processing video: 5085357672350628540
Processing video: 5086465773912997411
Processing video: 5090916219025116054
Processing video: 5092765202446045704
Processing video: 5097975856769557081
Processing video: 5099449889545545450
Processing video: 5103182645622502287
Processing video: 5134749367588120522
Processing video: 5172231547180314349
Processing video: 5146258161124252727
Processing video: 5366409594815891602
Processing video: 5173709444596630576
Processing video: 5525084584552992937Processing video: 5218949624445806415

Processing video: 5391892065246550398
total  1173319 subs 9168
Trial 198/1000, Params: dpd_5.0_dpg_10.0_ws_30_mg_2.0_sim_50.0, F1@0.50: 55.02
Processing video: 5085344787448740525
Processing video: 5085357672350628540
Processing video: 5086465773912997411
Processing video: 5090916219025116054
Processing video: 5092765202446045704
Processing video: 5097975856769557081
Processing video: 5099449889545545450
Processing video: 5103182645622502287
Processing video: 5134749367588120522
Processing video: 5172231547180314349
Processing video: 5146258161124252727
Processing video: 5173709444596630576
Processing video: 5218949624445806415
Processing video: 5366409594815891602
Processing video: 5391892065246550398
Processing video: 5525084584552992937
total  1173319 subs 9168
Trial 199/1000, Params: dpd_0.8_dpg_0.1_ws_40_mg_4.0_sim_20.0, F1@0.50: 52.85
Processing video: 5086465773912997411Processing video: 5085344787448740525

Processing video: 5085357672350628540
Processing video: 5090916219025116054
Processing video: 5092765202446045704
Processing video: 5097975856769557081
Processing video: 5099449889545545450
Processing video: 5146258161124252727
Processing video: 5103182645622502287
Processing video: 5134749367588120522
Processing video: 5172231547180314349
Processing video: 5173709444596630576
Processing video: 5218949624445806415
Processing video: 5366409594815891602
Processing video: 5391892065246550398
Processing video: 5525084584552992937
total  1173319 subs 9168
Trial 200/1000, Params: dpd_1.0_dpg_0.0_ws_30_mg_2.0_sim_5.0, F1@0.50: 51.12
Processing video: 5085344787448740525
Processing video: 5085357672350628540
Processing video: 5086465773912997411
Processing video: 5090916219025116054
Processing video: 5092765202446045704
Processing video: 5097975856769557081
Processing video: 5134749367588120522
Processing video: 5099449889545545450
Processing video: 5103182645622502287
Processing video: 5146258161124252727
Processing video: 5218949624445806415
Processing video: 5172231547180314349
Processing video: 5173709444596630576
Processing video: 5366409594815891602
Processing video: 5391892065246550398
Processing video: 5525084584552992937
total  1173319 subs 9168
Trial 201/1000, Params: dpd_100.0_dpg_1.0_ws_50_mg_6.0_sim_2.0, F1@0.50: 31.76
Processing video: 5085344787448740525
Processing video: 5085357672350628540
Processing video: 5086465773912997411
Processing video: 5090916219025116054
Processing video: 5092765202446045704
Processing video: 5097975856769557081
Processing video: 5099449889545545450
Processing video: 5103182645622502287
Processing video: 5146258161124252727
Processing video: 5134749367588120522
Processing video: 5172231547180314349
Processing video: 5173709444596630576
Processing video: 5218949624445806415
Processing video: 5366409594815891602
Processing video: 5525084584552992937
Processing video: 5391892065246550398
total  1173319 subs 9168
Trial 202/1000, Params: dpd_0.5_dpg_0.1_ws_40_mg_4.0_sim_0.0, F1@0.50: 49.9
Processing video: 5085357672350628540
Processing video: 5085344787448740525
Processing video: 5086465773912997411
Processing video: 5090916219025116054
Processing video: 5092765202446045704
Processing video: 5097975856769557081
Processing video: 5103182645622502287
Processing video: 5099449889545545450
Processing video: 5134749367588120522
Processing video: 5172231547180314349
Processing video: 5146258161124252727
Processing video: 5366409594815891602
Processing video: 5173709444596630576
Processing video: 5525084584552992937
Processing video: 5218949624445806415
Processing video: 5391892065246550398
total  1173319 subs 9168
Trial 203/1000, Params: dpd_10.0_dpg_100.0_ws_50_mg_6.0_sim_5.0, F1@0.50: 45.79
Processing video: 5085344787448740525
Processing video: 5085357672350628540
Processing video: 5086465773912997411
Processing video: 5090916219025116054
Processing video: 5092765202446045704
Processing video: 5097975856769557081
Processing video: 5134749367588120522
Processing video: 5099449889545545450
Processing video: 5103182645622502287
Processing video: 5146258161124252727
Processing video: 5172231547180314349Processing video: 5173709444596630576

Processing video: 5366409594815891602
Processing video: 5218949624445806415
Processing video: 5391892065246550398Processing video: 5525084584552992937

total  1173319 subs 9168
Trial 204/1000, Params: dpd_1.0_dpg_5.0_ws_20_mg_6.0_sim_0.0, F1@0.50: 48.75
Processing video: 5085344787448740525
Processing video: 5085357672350628540
Processing video: 5086465773912997411
Processing video: 5090916219025116054
Processing video: 5092765202446045704
Processing video: 5097975856769557081
Processing video: 5099449889545545450
Processing video: 5103182645622502287
Processing video: 5172231547180314349
Processing video: 5134749367588120522
Processing video: 5146258161124252727
Processing video: 5173709444596630576
Processing video: 5218949624445806415
Processing video: 5391892065246550398
Processing video: 5525084584552992937
Processing video: 5366409594815891602
total  1173319 subs 9168
Trial 205/1000, Params: dpd_1.0_dpg_0.8_ws_50_mg_4.0_sim_1.0, F1@0.50: 51.02
Processing video: 5085357672350628540
Processing video: 5085344787448740525
Processing video: 5086465773912997411
Processing video: 5090916219025116054
Processing video: 5092765202446045704
Processing video: 5097975856769557081
Processing video: 5103182645622502287
Processing video: 5099449889545545450
Processing video: 5146258161124252727
Processing video: 5172231547180314349
Processing video: 5134749367588120522
Processing video: 5173709444596630576
Processing video: 5391892065246550398
Processing video: 5218949624445806415
Processing video: 5366409594815891602
Processing video: 5525084584552992937
total  1173319 subs 9168
Trial 206/1000, Params: dpd_0.1_dpg_1.0_ws_30_mg_4.0_sim_5.0, F1@0.50: 51.14
Processing video: 5085357672350628540
Processing video: 5085344787448740525
Processing video: 5086465773912997411
Processing video: 5090916219025116054
Processing video: 5092765202446045704
Processing video: 5097975856769557081
Processing video: 5103182645622502287
Processing video: 5099449889545545450
Processing video: 5146258161124252727
Processing video: 5134749367588120522
Processing video: 5172231547180314349
Processing video: 5218949624445806415
Processing video: 5173709444596630576
Processing video: 5366409594815891602
Processing video: 5391892065246550398
Processing video: 5525084584552992937
total  1173319 subs 9168
Trial 207/1000, Params: dpd_0.1_dpg_100.0_ws_20_mg_6.0_sim_10.0, F1@0.50: 38.87
Processing video: 5085344787448740525
Processing video: 5085357672350628540
Processing video: 5086465773912997411
Processing video: 5090916219025116054
Processing video: 5092765202446045704
Processing video: 5097975856769557081
Processing video: 5103182645622502287
Processing video: 5099449889545545450
Processing video: 5134749367588120522
Processing video: 5173709444596630576
Processing video: 5146258161124252727
Processing video: 5172231547180314349
Processing video: 5218949624445806415
Processing video: 5366409594815891602
Processing video: 5391892065246550398
Processing video: 5525084584552992937
total  1173319 subs 9168
Trial 208/1000, Params: dpd_20.0_dpg_0.5_ws_40_mg_8.0_sim_100.0, F1@0.50: 51.23
Processing video: 5085344787448740525
Processing video: 5085357672350628540
Processing video: 5086465773912997411
Processing video: 5090916219025116054
Processing video: 5092765202446045704
Processing video: 5097975856769557081
Processing video: 5103182645622502287
Processing video: 5099449889545545450
Processing video: 5146258161124252727
Processing video: 5134749367588120522
Processing video: 5172231547180314349
Processing video: 5366409594815891602
Processing video: 5173709444596630576
Processing video: 5218949624445806415
Processing video: 5391892065246550398
Processing video: 5525084584552992937
total  1173319 subs 9168
Trial 209/1000, Params: dpd_0.0_dpg_0.0_ws_30_mg_6.0_sim_0.0, F1@0.50: 49.02
Processing video: 5085344787448740525
Processing video: 5086465773912997411
Processing video: 5085357672350628540
Processing video: 5090916219025116054
Processing video: 5092765202446045704
Processing video: 5097975856769557081
Processing video: 5099449889545545450
Processing video: 5103182645622502287
Processing video: 5134749367588120522
Processing video: 5172231547180314349
Processing video: 5146258161124252727
Processing video: 5173709444596630576
Processing video: 5391892065246550398
Processing video: 5218949624445806415
Processing video: 5366409594815891602
Processing video: 5525084584552992937
total  1173319 subs 9168
Trial 210/1000, Params: dpd_2.0_dpg_100.0_ws_40_mg_2.0_sim_0.5, F1@0.50: 38.38
Processing video: 5085344787448740525
Processing video: 5085357672350628540Processing video: 5090916219025116054

Processing video: 5086465773912997411
Processing video: 5092765202446045704
Processing video: 5097975856769557081
Processing video: 5099449889545545450
Processing video: 5146258161124252727
Processing video: 5103182645622502287
Processing video: 5134749367588120522
Processing video: 5172231547180314349
Processing video: 5366409594815891602
Processing video: 5173709444596630576
Processing video: 5218949624445806415
Processing video: 5391892065246550398
Processing video: 5525084584552992937
total  1173319 subs 9168
Trial 211/1000, Params: dpd_1.0_dpg_5.0_ws_50_mg_2.0_sim_100.0, F1@0.50: 39.83
Processing video: 5085344787448740525
Processing video: 5085357672350628540
Processing video: 5086465773912997411
Processing video: 5090916219025116054
Processing video: 5092765202446045704
Processing video: 5097975856769557081
Processing video: 5099449889545545450
Processing video: 5146258161124252727
Processing video: 5103182645622502287
Processing video: 5134749367588120522
Processing video: 5172231547180314349
Processing video: 5173709444596630576
Processing video: 5218949624445806415
Processing video: 5366409594815891602
Processing video: 5391892065246550398
Processing video: 5525084584552992937
total  1173319 subs 9168
Trial 212/1000, Params: dpd_5.0_dpg_100.0_ws_30_mg_10.0_sim_100.0, F1@0.50: 47.86
Processing video: 5085344787448740525
Processing video: 5085357672350628540
Processing video: 5086465773912997411
Processing video: 5090916219025116054
Processing video: 5092765202446045704
Processing video: 5097975856769557081
Processing video: 5103182645622502287
Processing video: 5099449889545545450
Processing video: 5134749367588120522
Processing video: 5172231547180314349
Processing video: 5146258161124252727
Processing video: 5366409594815891602
Processing video: 5173709444596630576
Processing video: 5218949624445806415
Processing video: 5391892065246550398
Processing video: 5525084584552992937
total  1173319 subs 9168
Trial 213/1000, Params: dpd_100.0_dpg_0.5_ws_30_mg_6.0_sim_5.0, F1@0.50: 33.7
Processing video: 5085344787448740525
Processing video: 5085357672350628540
Processing video: 5086465773912997411
Processing video: 5090916219025116054
Processing video: 5092765202446045704
Processing video: 5103182645622502287
Processing video: 5097975856769557081
Processing video: 5099449889545545450
Processing video: 5134749367588120522
Processing video: 5173709444596630576
Processing video: 5146258161124252727
Processing video: 5172231547180314349Processing video: 5366409594815891602

Processing video: 5218949624445806415
Processing video: 5525084584552992937
Processing video: 5391892065246550398
total  1173319 subs 9168
Trial 214/1000, Params: dpd_100.0_dpg_1.0_ws_50_mg_4.0_sim_30.0, F1@0.50: 35.98
Processing video: 5085344787448740525
Processing video: 5085357672350628540
Processing video: 5086465773912997411
Processing video: 5090916219025116054
Processing video: 5092765202446045704
Processing video: 5097975856769557081
Processing video: 5099449889545545450
Processing video: 5103182645622502287
Processing video: 5146258161124252727
Processing video: 5134749367588120522
Processing video: 5172231547180314349
Processing video: 5366409594815891602
Processing video: 5173709444596630576
Processing video: 5218949624445806415
Processing video: 5391892065246550398Processing video: 5525084584552992937

total  1173319 subs 9168
Trial 215/1000, Params: dpd_5.0_dpg_0.0_ws_50_mg_8.0_sim_10.0, F1@0.50: 52.19
Processing video: 5085357672350628540
Processing video: 5085344787448740525
Processing video: 5086465773912997411
Processing video: 5090916219025116054
Processing video: 5092765202446045704
Processing video: 5097975856769557081
Processing video: 5103182645622502287
Processing video: 5099449889545545450
Processing video: 5134749367588120522
Processing video: 5173709444596630576
Processing video: 5146258161124252727
Processing video: 5172231547180314349
Processing video: 5218949624445806415
Processing video: 5366409594815891602
Processing video: 5391892065246550398
Processing video: 5525084584552992937
total  1173319 subs 9168
Trial 216/1000, Params: dpd_0.8_dpg_100.0_ws_50_mg_2.0_sim_2.0, F1@0.50: 35.41
Processing video: 5085344787448740525
Processing video: 5085357672350628540Processing video: 5090916219025116054

Processing video: 5086465773912997411
Processing video: 5092765202446045704
Processing video: 5097975856769557081
Processing video: 5099449889545545450
Processing video: 5103182645622502287
Processing video: 5146258161124252727
Processing video: 5134749367588120522
Processing video: 5172231547180314349
Processing video: 5173709444596630576
Processing video: 5218949624445806415
Processing video: 5366409594815891602
Processing video: 5391892065246550398
Processing video: 5525084584552992937
total  1173319 subs 9168
Trial 217/1000, Params: dpd_0.0_dpg_100.0_ws_20_mg_2.0_sim_1.0, F1@0.50: 32.59
Processing video: 5085357672350628540
Processing video: 5085344787448740525
Processing video: 5086465773912997411
Processing video: 5090916219025116054
Processing video: 5092765202446045704
Processing video: 5097975856769557081
Processing video: 5103182645622502287
Processing video: 5099449889545545450
Processing video: 5134749367588120522
Processing video: 5146258161124252727
Processing video: 5172231547180314349
Processing video: 5173709444596630576
Processing video: 5218949624445806415
Processing video: 5366409594815891602
Processing video: 5391892065246550398Processing video: 5525084584552992937

total  1173319 subs 9168
Trial 218/1000, Params: dpd_5.0_dpg_0.0_ws_50_mg_2.0_sim_5.0, F1@0.50: 51.04
Processing video: 5085344787448740525
Processing video: 5085357672350628540
Processing video: 5086465773912997411
Processing video: 5090916219025116054
Processing video: 5092765202446045704
Processing video: 5103182645622502287
Processing video: 5097975856769557081
Processing video: 5099449889545545450
Processing video: 5134749367588120522
Processing video: 5146258161124252727
Processing video: 5173709444596630576
Processing video: 5172231547180314349
Processing video: 5218949624445806415
Processing video: 5366409594815891602
Processing video: 5391892065246550398Processing video: 5525084584552992937

total  1173319 subs 9168
Trial 219/1000, Params: dpd_2.0_dpg_10.0_ws_40_mg_4.0_sim_5.0, F1@0.50: 52.97
Processing video: 5085344787448740525
Processing video: 5085357672350628540
Processing video: 5086465773912997411
Processing video: 5090916219025116054
Processing video: 5092765202446045704
Processing video: 5097975856769557081
Processing video: 5099449889545545450
Processing video: 5103182645622502287
Processing video: 5146258161124252727
Processing video: 5172231547180314349
Processing video: 5134749367588120522
Processing video: 5218949624445806415
Processing video: 5173709444596630576
Processing video: 5391892065246550398
Processing video: 5366409594815891602
Processing video: 5525084584552992937
total  1173319 subs 9168
Trial 220/1000, Params: dpd_0.5_dpg_0.8_ws_20_mg_10.0_sim_0.5, F1@0.50: 48.62
Processing video: 5085344787448740525
Processing video: 5085357672350628540
Processing video: 5086465773912997411
Processing video: 5090916219025116054
Processing video: 5092765202446045704
Processing video: 5097975856769557081
Processing video: 5099449889545545450
Processing video: 5103182645622502287
Processing video: 5134749367588120522
Processing video: 5146258161124252727
Processing video: 5172231547180314349
Processing video: 5173709444596630576
Processing video: 5218949624445806415
Processing video: 5525084584552992937
Processing video: 5366409594815891602
Processing video: 5391892065246550398
total  1173319 subs 9168
Trial 221/1000, Params: dpd_0.1_dpg_10.0_ws_20_mg_2.0_sim_30.0, F1@0.50: 48.77
Processing video: 5085344787448740525
Processing video: 5085357672350628540
Processing video: 5086465773912997411
Processing video: 5090916219025116054
Processing video: 5092765202446045704
Processing video: 5103182645622502287
Processing video: 5097975856769557081
Processing video: 5099449889545545450
Processing video: 5134749367588120522
Processing video: 5173709444596630576
Processing video: 5146258161124252727
Processing video: 5172231547180314349
Processing video: 5218949624445806415
Processing video: 5391892065246550398
Processing video: 5366409594815891602
Processing video: 5525084584552992937
total  1173319 subs 9168
Trial 222/1000, Params: dpd_5.0_dpg_0.0_ws_20_mg_10.0_sim_10.0, F1@0.50: 50.29
Processing video: 5085344787448740525
Processing video: 5085357672350628540
Processing video: 5090916219025116054
Processing video: 5086465773912997411
Processing video: 5092765202446045704
Processing video: 5097975856769557081
Processing video: 5099449889545545450
Processing video: 5103182645622502287
Processing video: 5134749367588120522
Processing video: 5146258161124252727
Processing video: 5172231547180314349
Processing video: 5173709444596630576
Processing video: 5218949624445806415
Processing video: 5366409594815891602
Processing video: 5391892065246550398
Processing video: 5525084584552992937
total  1173319 subs 9168
Trial 223/1000, Params: dpd_100.0_dpg_0.1_ws_40_mg_10.0_sim_2.0, F1@0.50: 32.23
Processing video: 5085357672350628540
Processing video: 5085344787448740525
Processing video: 5086465773912997411
Processing video: 5090916219025116054
Processing video: 5092765202446045704
Processing video: 5097975856769557081
Processing video: 5099449889545545450Processing video: 5134749367588120522

Processing video: 5103182645622502287
Processing video: 5172231547180314349
Processing video: 5146258161124252727
Processing video: 5173709444596630576
Processing video: 5218949624445806415
Processing video: 5366409594815891602
Processing video: 5525084584552992937
Processing video: 5391892065246550398
total  1173319 subs 9168
Trial 224/1000, Params: dpd_0.5_dpg_0.0_ws_20_mg_8.0_sim_5.0, F1@0.50: 49.16
Processing video: 5085344787448740525
Processing video: 5085357672350628540
Processing video: 5086465773912997411
Processing video: 5090916219025116054
Processing video: 5092765202446045704
Processing video: 5097975856769557081
Processing video: 5103182645622502287
Processing video: 5099449889545545450
Processing video: 5134749367588120522
Processing video: 5172231547180314349
Processing video: 5146258161124252727
Processing video: 5173709444596630576
Processing video: 5218949624445806415
Processing video: 5366409594815891602
Processing video: 5391892065246550398
Processing video: 5525084584552992937
total  1173319 subs 9168
Trial 225/1000, Params: dpd_5.0_dpg_1.0_ws_20_mg_4.0_sim_1.0, F1@0.50: 48.6
Processing video: 5085344787448740525
Processing video: 5085357672350628540
Processing video: 5086465773912997411
Processing video: 5090916219025116054
Processing video: 5092765202446045704
Processing video: 5097975856769557081
Processing video: 5134749367588120522
Processing video: 5099449889545545450
Processing video: 5103182645622502287
Processing video: 5146258161124252727
Processing video: 5218949624445806415
Processing video: 5172231547180314349
Processing video: 5173709444596630576
Processing video: 5366409594815891602
Processing video: 5391892065246550398
Processing video: 5525084584552992937
total  1173319 subs 9168
Trial 226/1000, Params: dpd_5.0_dpg_2.0_ws_50_mg_6.0_sim_0.0, F1@0.50: 50.47
Processing video: 5085357672350628540
Processing video: 5085344787448740525
Processing video: 5086465773912997411
Processing video: 5090916219025116054
Processing video: 5092765202446045704
Processing video: 5097975856769557081
Processing video: 5103182645622502287
Processing video: 5099449889545545450
Processing video: 5134749367588120522
Processing video: 5146258161124252727
Processing video: 5173709444596630576
Processing video: 5172231547180314349
Processing video: 5218949624445806415
Processing video: 5366409594815891602
Processing video: 5391892065246550398
Processing video: 5525084584552992937
total  1173319 subs 9168
Trial 227/1000, Params: dpd_0.5_dpg_5.0_ws_30_mg_8.0_sim_5.0, F1@0.50: 51.31
Processing video: 5085344787448740525
Processing video: 5085357672350628540
Processing video: 5086465773912997411
Processing video: 5090916219025116054
Processing video: 5092765202446045704
Processing video: 5097975856769557081
Processing video: 5099449889545545450
Processing video: 5103182645622502287
Processing video: 5134749367588120522
Processing video: 5146258161124252727
Processing video: 5172231547180314349
Processing video: 5173709444596630576
Processing video: 5366409594815891602
Processing video: 5218949624445806415
Processing video: 5391892065246550398
Processing video: 5525084584552992937
total  1173319 subs 9168
Trial 228/1000, Params: dpd_100.0_dpg_10.0_ws_30_mg_8.0_sim_0.5, F1@0.50: 31.91
Processing video: 5085344787448740525
Processing video: 5085357672350628540
Processing video: 5086465773912997411
Processing video: 5090916219025116054
Processing video: 5092765202446045704
Processing video: 5097975856769557081
Processing video: 5099449889545545450
Processing video: 5103182645622502287
Processing video: 5134749367588120522
Processing video: 5172231547180314349
Processing video: 5146258161124252727
Processing video: 5173709444596630576
Processing video: 5218949624445806415
Processing video: 5391892065246550398
Processing video: 5525084584552992937
Processing video: 5366409594815891602
total  1173319 subs 9168
Trial 229/1000, Params: dpd_0.0_dpg_5.0_ws_40_mg_2.0_sim_50.0, F1@0.50: 43.44
Processing video: 5085344787448740525
Processing video: 5085357672350628540
Processing video: 5086465773912997411
Processing video: 5090916219025116054
Processing video: 5092765202446045704
Processing video: 5097975856769557081
Processing video: 5099449889545545450
Processing video: 5103182645622502287
Processing video: 5134749367588120522
Processing video: 5146258161124252727
Processing video: 5172231547180314349
Processing video: 5173709444596630576
Processing video: 5218949624445806415
Processing video: 5366409594815891602
Processing video: 5391892065246550398
Processing video: 5525084584552992937
total  1173319 subs 9168
Trial 230/1000, Params: dpd_0.0_dpg_0.5_ws_20_mg_2.0_sim_100.0, F1@0.50: 41.16
Processing video: 5085357672350628540
Processing video: 5085344787448740525
Processing video: 5086465773912997411
Processing video: 5090916219025116054
Processing video: 5092765202446045704
Processing video: 5097975856769557081
Processing video: 5099449889545545450
Processing video: 5103182645622502287
Processing video: 5134749367588120522
Processing video: 5146258161124252727
Processing video: 5172231547180314349
Processing video: 5173709444596630576
Processing video: 5218949624445806415
Processing video: 5366409594815891602
Processing video: 5391892065246550398
Processing video: 5525084584552992937
total  1173319 subs 9168
Trial 231/1000, Params: dpd_0.5_dpg_0.1_ws_30_mg_2.0_sim_1.0, F1@0.50: 50.13
Processing video: 5085344787448740525
Processing video: 5085357672350628540
Processing video: 5086465773912997411
Processing video: 5090916219025116054
Processing video: 5092765202446045704
Processing video: 5097975856769557081
Processing video: 5099449889545545450
Processing video: 5103182645622502287
Processing video: 5134749367588120522
Processing video: 5146258161124252727
Processing video: 5172231547180314349
Processing video: 5173709444596630576
Processing video: 5218949624445806415
Processing video: 5366409594815891602
Processing video: 5391892065246550398
Processing video: 5525084584552992937
total  1173319 subs 9168
Trial 232/1000, Params: dpd_0.0_dpg_20.0_ws_40_mg_2.0_sim_100.0, F1@0.50: 38.82
Processing video: 5085344787448740525
Processing video: 5085357672350628540
Processing video: 5086465773912997411
Processing video: 5090916219025116054
Processing video: 5092765202446045704
Processing video: 5097975856769557081
Processing video: 5099449889545545450
Processing video: 5146258161124252727
Processing video: 5103182645622502287
Processing video: 5134749367588120522
Processing video: 5218949624445806415
Processing video: 5172231547180314349
Processing video: 5173709444596630576
Processing video: 5391892065246550398
Processing video: 5366409594815891602
Processing video: 5525084584552992937
total  1173319 subs 9168
Trial 233/1000, Params: dpd_0.0_dpg_5.0_ws_20_mg_2.0_sim_20.0, F1@0.50: 49.86
Processing video: 5085344787448740525
Processing video: 5085357672350628540
Processing video: 5086465773912997411
Processing video: 5090916219025116054
Processing video: 5092765202446045704
Processing video: 5097975856769557081
Processing video: 5099449889545545450
Processing video: 5103182645622502287
Processing video: 5134749367588120522
Processing video: 5146258161124252727
Processing video: 5172231547180314349
Processing video: 5173709444596630576
Processing video: 5218949624445806415
Processing video: 5366409594815891602
Processing video: 5391892065246550398
Processing video: 5525084584552992937
total  1173319 subs 9168
Trial 234/1000, Params: dpd_0.8_dpg_2.0_ws_50_mg_8.0_sim_2.0, F1@0.50: 51.47
Processing video: 5085344787448740525
Processing video: 5085357672350628540
Processing video: 5086465773912997411
Processing video: 5090916219025116054
Processing video: 5092765202446045704
Processing video: 5097975856769557081
Processing video: 5103182645622502287
Processing video: 5099449889545545450
Processing video: 5134749367588120522
Processing video: 5146258161124252727
Processing video: 5172231547180314349
Processing video: 5218949624445806415
Processing video: 5173709444596630576
Processing video: 5366409594815891602
Processing video: 5391892065246550398
Processing video: 5525084584552992937
total  1173319 subs 9168
Trial 235/1000, Params: dpd_0.8_dpg_20.0_ws_20_mg_8.0_sim_2.0, F1@0.50: 47.79
Processing video: 5085357672350628540
Processing video: 5085344787448740525
Processing video: 5086465773912997411
Processing video: 5090916219025116054
Processing video: 5092765202446045704
Processing video: 5097975856769557081
Processing video: 5103182645622502287
Processing video: 5099449889545545450
Processing video: 5134749367588120522
Processing video: 5146258161124252727
Processing video: 5172231547180314349
Processing video: 5173709444596630576
Processing video: 5218949624445806415
Processing video: 5366409594815891602
Processing video: 5391892065246550398
Processing video: 5525084584552992937
total  1173319 subs 9168
Trial 236/1000, Params: dpd_2.0_dpg_0.1_ws_30_mg_8.0_sim_30.0, F1@0.50: 53.36
Processing video: 5085357672350628540
Processing video: 5085344787448740525
Processing video: 5086465773912997411
Processing video: 5090916219025116054
Processing video: 5092765202446045704
Processing video: 5097975856769557081
Processing video: 5099449889545545450
Processing video: 5134749367588120522
Processing video: 5146258161124252727
Processing video: 5103182645622502287
Processing video: 5172231547180314349
Processing video: 5173709444596630576
Processing video: 5218949624445806415
Processing video: 5391892065246550398
Processing video: 5366409594815891602
Processing video: 5525084584552992937
total  1173319 subs 9168
Trial 237/1000, Params: dpd_0.1_dpg_10.0_ws_30_mg_6.0_sim_0.0, F1@0.50: 47.91
Processing video: 5085344787448740525
Processing video: 5085357672350628540
Processing video: 5086465773912997411
Processing video: 5090916219025116054
Processing video: 5092765202446045704
Processing video: 5097975856769557081
Processing video: 5099449889545545450
Processing video: 5103182645622502287
Processing video: 5172231547180314349
Processing video: 5134749367588120522
Processing video: 5146258161124252727
Processing video: 5173709444596630576
Processing video: 5366409594815891602
Processing video: 5218949624445806415
Processing video: 5391892065246550398
Processing video: 5525084584552992937
total  1173319 subs 9168
Trial 238/1000, Params: dpd_0.8_dpg_100.0_ws_50_mg_4.0_sim_50.0, F1@0.50: 40.14
Processing video: 5085344787448740525
Processing video: 5085357672350628540
Processing video: 5086465773912997411
Processing video: 5090916219025116054
Processing video: 5092765202446045704
Processing video: 5097975856769557081
Processing video: 5099449889545545450
Processing video: 5134749367588120522
Processing video: 5103182645622502287
Processing video: 5146258161124252727
Processing video: 5172231547180314349
Processing video: 5218949624445806415
Processing video: 5173709444596630576
Processing video: 5366409594815891602
Processing video: 5391892065246550398
Processing video: 5525084584552992937
total  1173319 subs 9168
Trial 239/1000, Params: dpd_100.0_dpg_2.0_ws_50_mg_4.0_sim_30.0, F1@0.50: 35.92
Processing video: 5085344787448740525
Processing video: 5085357672350628540
Processing video: 5090916219025116054
Processing video: 5086465773912997411
Processing video: 5092765202446045704
Processing video: 5097975856769557081
Processing video: 5103182645622502287
Processing video: 5099449889545545450
Processing video: 5172231547180314349Processing video: 5134749367588120522

Processing video: 5146258161124252727
Processing video: 5173709444596630576
Processing video: 5218949624445806415
Processing video: 5525084584552992937
Processing video: 5366409594815891602
Processing video: 5391892065246550398
total  1173319 subs 9168
Trial 240/1000, Params: dpd_20.0_dpg_0.5_ws_30_mg_2.0_sim_0.5, F1@0.50: 43.07
Processing video: 5085344787448740525
Processing video: 5085357672350628540
Processing video: 5086465773912997411
Processing video: 5090916219025116054
Processing video: 5092765202446045704
Processing video: 5097975856769557081
Processing video: 5099449889545545450
Processing video: 5103182645622502287
Processing video: 5134749367588120522
Processing video: 5146258161124252727
Processing video: 5173709444596630576
Processing video: 5218949624445806415
Processing video: 5172231547180314349
Processing video: 5366409594815891602
Processing video: 5391892065246550398
Processing video: 5525084584552992937
total  1173319 subs 9168
Trial 241/1000, Params: dpd_100.0_dpg_10.0_ws_20_mg_2.0_sim_5.0, F1@0.50: 35.37
Processing video: 5085344787448740525
Processing video: 5085357672350628540
Processing video: 5086465773912997411
Processing video: 5090916219025116054
Processing video: 5092765202446045704
Processing video: 5097975856769557081
Processing video: 5103182645622502287
Processing video: 5099449889545545450
Processing video: 5134749367588120522
Processing video: 5146258161124252727
Processing video: 5172231547180314349
Processing video: 5366409594815891602
Processing video: 5173709444596630576
Processing video: 5218949624445806415
Processing video: 5391892065246550398
Processing video: 5525084584552992937
total  1173319 subs 9168
Trial 242/1000, Params: dpd_5.0_dpg_0.0_ws_30_mg_6.0_sim_30.0, F1@0.50: 53.33
Processing video: 5085344787448740525
Processing video: 5086465773912997411
Processing video: 5085357672350628540
Processing video: 5090916219025116054
Processing video: 5092765202446045704
Processing video: 5097975856769557081
Processing video: 5099449889545545450
Processing video: 5103182645622502287
Processing video: 5146258161124252727
Processing video: 5134749367588120522
Processing video: 5218949624445806415Processing video: 5172231547180314349

Processing video: 5173709444596630576
Processing video: 5366409594815891602
Processing video: 5391892065246550398
Processing video: 5525084584552992937
total  1173319 subs 9168
Trial 243/1000, Params: dpd_0.1_dpg_0.8_ws_20_mg_8.0_sim_1.0, F1@0.50: 48.99
Processing video: 5085344787448740525
Processing video: 5085357672350628540
Processing video: 5086465773912997411
Processing video: 5090916219025116054
Processing video: 5092765202446045704
Processing video: 5097975856769557081
Processing video: 5099449889545545450
Processing video: 5103182645622502287
Processing video: 5134749367588120522
Processing video: 5173709444596630576
Processing video: 5146258161124252727
Processing video: 5172231547180314349
Processing video: 5218949624445806415
Processing video: 5366409594815891602
Processing video: 5391892065246550398
Processing video: 5525084584552992937
total  1173319 subs 9168
Trial 244/1000, Params: dpd_1.0_dpg_0.1_ws_20_mg_4.0_sim_10.0, F1@0.50: 50.75
Processing video: 5085344787448740525
Processing video: 5085357672350628540
Processing video: 5086465773912997411
Processing video: 5090916219025116054
Processing video: 5092765202446045704
Processing video: 5097975856769557081
Processing video: 5099449889545545450
Processing video: 5103182645622502287
Processing video: 5146258161124252727
Processing video: 5134749367588120522
Processing video: 5172231547180314349
Processing video: 5173709444596630576
Processing video: 5218949624445806415
Processing video: 5366409594815891602
Processing video: 5391892065246550398
Processing video: 5525084584552992937
total  1173319 subs 9168
Trial 245/1000, Params: dpd_10.0_dpg_1.0_ws_30_mg_2.0_sim_50.0, F1@0.50: 53.44
Processing video: 5085344787448740525
Processing video: 5085357672350628540
Processing video: 5086465773912997411
Processing video: 5090916219025116054
Processing video: 5092765202446045704
Processing video: 5097975856769557081
Processing video: 5099449889545545450
Processing video: 5103182645622502287
Processing video: 5134749367588120522
Processing video: 5146258161124252727
Processing video: 5172231547180314349
Processing video: 5218949624445806415
Processing video: 5366409594815891602
Processing video: 5173709444596630576
Processing video: 5525084584552992937
Processing video: 5391892065246550398
total  1173319 subs 9168
Trial 246/1000, Params: dpd_0.8_dpg_10.0_ws_40_mg_10.0_sim_20.0, F1@0.50: 53.62
Processing video: 5085344787448740525
Processing video: 5086465773912997411
Processing video: 5085357672350628540
Processing video: 5090916219025116054
Processing video: 5092765202446045704
Processing video: 5097975856769557081
Processing video: 5099449889545545450
Processing video: 5103182645622502287
Processing video: 5146258161124252727
Processing video: 5134749367588120522
Processing video: 5172231547180314349
Processing video: 5173709444596630576
Processing video: 5218949624445806415
Processing video: 5366409594815891602
Processing video: 5525084584552992937
Processing video: 5391892065246550398
total  1173319 subs 9168
Trial 247/1000, Params: dpd_0.8_dpg_10.0_ws_30_mg_2.0_sim_30.0, F1@0.50: 52.22
Processing video: 5085344787448740525
Processing video: 5085357672350628540
Processing video: 5086465773912997411
Processing video: 5090916219025116054
Processing video: 5092765202446045704
Processing video: 5097975856769557081
Processing video: 5099449889545545450
Processing video: 5134749367588120522
Processing video: 5103182645622502287
Processing video: 5146258161124252727
Processing video: 5172231547180314349
Processing video: 5173709444596630576
Processing video: 5366409594815891602
Processing video: 5218949624445806415
Processing video: 5391892065246550398
Processing video: 5525084584552992937
total  1173319 subs 9168
Trial 248/1000, Params: dpd_2.0_dpg_0.8_ws_20_mg_8.0_sim_30.0, F1@0.50: 51.95
Processing video: 5085344787448740525
Processing video: 5085357672350628540
Processing video: 5086465773912997411
Processing video: 5090916219025116054
Processing video: 5092765202446045704
Processing video: 5097975856769557081
Processing video: 5099449889545545450
Processing video: 5134749367588120522
Processing video: 5103182645622502287
Processing video: 5146258161124252727
Processing video: 5172231547180314349
Processing video: 5218949624445806415
Processing video: 5173709444596630576
Processing video: 5366409594815891602
Processing video: 5391892065246550398
Processing video: 5525084584552992937
total  1173319 subs 9168
Trial 249/1000, Params: dpd_0.0_dpg_2.0_ws_20_mg_2.0_sim_5.0, F1@0.50: 49.91
Processing video: 5085344787448740525
Processing video: 5085357672350628540
Processing video: 5086465773912997411
Processing video: 5090916219025116054
Processing video: 5092765202446045704
Processing video: 5097975856769557081
Processing video: 5103182645622502287
Processing video: 5099449889545545450
Processing video: 5134749367588120522
Processing video: 5146258161124252727
Processing video: 5172231547180314349
Processing video: 5173709444596630576
Processing video: 5218949624445806415
Processing video: 5366409594815891602
Processing video: 5391892065246550398
Processing video: 5525084584552992937
total  1173319 subs 9168
Trial 250/1000, Params: dpd_0.5_dpg_20.0_ws_40_mg_8.0_sim_2.0, F1@0.50: 48.4
Processing video: 5085357672350628540
Processing video: 5085344787448740525
Processing video: 5086465773912997411
Processing video: 5090916219025116054
Processing video: 5092765202446045704
Processing video: 5097975856769557081
Processing video: 5103182645622502287
Processing video: 5099449889545545450
Processing video: 5134749367588120522
Processing video: 5146258161124252727
Processing video: 5172231547180314349
Processing video: 5173709444596630576
Processing video: 5218949624445806415
Processing video: 5366409594815891602
Processing video: 5391892065246550398
Processing video: 5525084584552992937
total  1173319 subs 9168
Trial 251/1000, Params: dpd_0.1_dpg_100.0_ws_20_mg_6.0_sim_20.0, F1@0.50: 40.75
Processing video: 5085344787448740525
Processing video: 5085357672350628540
Processing video: 5086465773912997411
Processing video: 5090916219025116054
Processing video: 5092765202446045704
Processing video: 5097975856769557081
Processing video: 5103182645622502287
Processing video: 5099449889545545450
Processing video: 5134749367588120522
Processing video: 5146258161124252727
Processing video: 5172231547180314349
Processing video: 5173709444596630576
Processing video: 5218949624445806415
Processing video: 5366409594815891602
Processing video: 5391892065246550398
Processing video: 5525084584552992937
total  1173319 subs 9168
Trial 252/1000, Params: dpd_0.8_dpg_0.1_ws_30_mg_10.0_sim_0.5, F1@0.50: 49.75
Processing video: 5085344787448740525
Processing video: 5085357672350628540
Processing video: 5090916219025116054
Processing video: 5086465773912997411
Processing video: 5092765202446045704
Processing video: 5097975856769557081
Processing video: 5103182645622502287
Processing video: 5099449889545545450
Processing video: 5134749367588120522
Processing video: 5146258161124252727Processing video: 5173709444596630576

Processing video: 5172231547180314349
Processing video: 5218949624445806415
Processing video: 5391892065246550398
Processing video: 5366409594815891602
Processing video: 5525084584552992937
total  1173319 subs 9168
Trial 253/1000, Params: dpd_0.8_dpg_20.0_ws_50_mg_10.0_sim_1.0, F1@0.50: 48.69
Processing video: 5085344787448740525
Processing video: 5085357672350628540
Processing video: 5086465773912997411
Processing video: 5090916219025116054
Processing video: 5092765202446045704
Processing video: 5097975856769557081
Processing video: 5103182645622502287
Processing video: 5099449889545545450
Processing video: 5134749367588120522
Processing video: 5173709444596630576
Processing video: 5146258161124252727
Processing video: 5172231547180314349
Processing video: 5218949624445806415
Processing video: 5391892065246550398
Processing video: 5366409594815891602
Processing video: 5525084584552992937
total  1173319 subs 9168
Trial 254/1000, Params: dpd_1.0_dpg_100.0_ws_20_mg_2.0_sim_100.0, F1@0.50: 44.46
Processing video: 5085344787448740525
Processing video: 5085357672350628540
Processing video: 5086465773912997411
Processing video: 5090916219025116054
Processing video: 5092765202446045704
Processing video: 5097975856769557081
Processing video: 5099449889545545450Processing video: 5134749367588120522

Processing video: 5103182645622502287
Processing video: 5146258161124252727
Processing video: 5172231547180314349
Processing video: 5173709444596630576
Processing video: 5366409594815891602
Processing video: 5218949624445806415
Processing video: 5391892065246550398
Processing video: 5525084584552992937
total  1173319 subs 9168
Trial 255/1000, Params: dpd_0.8_dpg_20.0_ws_20_mg_8.0_sim_2.0, F1@0.50: 47.79
Processing video: 5085344787448740525
Processing video: 5085357672350628540
Processing video: 5086465773912997411
Processing video: 5090916219025116054
Processing video: 5092765202446045704
Processing video: 5097975856769557081
Processing video: 5103182645622502287
Processing video: 5099449889545545450
Processing video: 5134749367588120522
Processing video: 5146258161124252727
Processing video: 5173709444596630576
Processing video: 5172231547180314349
Processing video: 5218949624445806415
Processing video: 5391892065246550398
Processing video: 5366409594815891602
Processing video: 5525084584552992937
total  1173319 subs 9168
Trial 256/1000, Params: dpd_20.0_dpg_2.0_ws_30_mg_8.0_sim_10.0, F1@0.50: 45.98
Processing video: 5085344787448740525
Processing video: 5085357672350628540
Processing video: 5090916219025116054
Processing video: 5086465773912997411
Processing video: 5092765202446045704
Processing video: 5097975856769557081
Processing video: 5099449889545545450
Processing video: 5103182645622502287
Processing video: 5146258161124252727
Processing video: 5134749367588120522
Processing video: 5218949624445806415
Processing video: 5172231547180314349
Processing video: 5173709444596630576
Processing video: 5366409594815891602
Processing video: 5391892065246550398
Processing video: 5525084584552992937
total  1173319 subs 9168
Trial 257/1000, Params: dpd_5.0_dpg_100.0_ws_50_mg_6.0_sim_2.0, F1@0.50: 42.9
Processing video: 5085344787448740525
Processing video: 5085357672350628540
Processing video: 5086465773912997411
Processing video: 5090916219025116054
Processing video: 5092765202446045704
Processing video: 5097975856769557081
Processing video: 5103182645622502287
Processing video: 5099449889545545450
Processing video: 5134749367588120522
Processing video: 5146258161124252727
Processing video: 5218949624445806415
Processing video: 5172231547180314349
Processing video: 5173709444596630576
Processing video: 5366409594815891602
Processing video: 5391892065246550398Processing video: 5525084584552992937

total  1173319 subs 9168
Trial 258/1000, Params: dpd_1.0_dpg_10.0_ws_40_mg_8.0_sim_20.0, F1@0.50: 53.93
Processing video: 5085344787448740525
Processing video: 5085357672350628540
Processing video: 5086465773912997411
Processing video: 5090916219025116054
Processing video: 5092765202446045704
Processing video: 5097975856769557081
Processing video: 5134749367588120522
Processing video: 5099449889545545450
Processing video: 5103182645622502287
Processing video: 5146258161124252727
Processing video: 5172231547180314349
Processing video: 5173709444596630576
Processing video: 5218949624445806415
Processing video: 5366409594815891602
Processing video: 5391892065246550398
Processing video: 5525084584552992937
total  1173319 subs 9168
Trial 259/1000, Params: dpd_0.8_dpg_20.0_ws_30_mg_4.0_sim_10.0, F1@0.50: 51.01
Processing video: 5085344787448740525
Processing video: 5085357672350628540
Processing video: 5086465773912997411
Processing video: 5090916219025116054
Processing video: 5092765202446045704
Processing video: 5103182645622502287
Processing video: 5097975856769557081
Processing video: 5099449889545545450
Processing video: 5134749367588120522
Processing video: 5146258161124252727Processing video: 5172231547180314349

Processing video: 5366409594815891602
Processing video: 5173709444596630576
Processing video: 5218949624445806415
Processing video: 5391892065246550398
Processing video: 5525084584552992937
total  1173319 subs 9168
Trial 260/1000, Params: dpd_1.0_dpg_0.1_ws_50_mg_8.0_sim_1.0, F1@0.50: 50.52
Processing video: 5085344787448740525
Processing video: 5085357672350628540
Processing video: 5086465773912997411
Processing video: 5090916219025116054
Processing video: 5092765202446045704
Processing video: 5097975856769557081
Processing video: 5099449889545545450
Processing video: 5103182645622502287
Processing video: 5146258161124252727
Processing video: 5134749367588120522
Processing video: 5172231547180314349
Processing video: 5173709444596630576
Processing video: 5366409594815891602
Processing video: 5218949624445806415
Processing video: 5391892065246550398
Processing video: 5525084584552992937
total  1173319 subs 9168
Trial 261/1000, Params: dpd_20.0_dpg_5.0_ws_30_mg_2.0_sim_100.0, F1@0.50: 52.22
Processing video: 5085357672350628540
Processing video: 5085344787448740525
Processing video: 5086465773912997411
Processing video: 5090916219025116054
Processing video: 5092765202446045704
Processing video: 5097975856769557081
Processing video: 5099449889545545450
Processing video: 5103182645622502287
Processing video: 5146258161124252727
Processing video: 5134749367588120522
Processing video: 5172231547180314349
Processing video: 5173709444596630576
Processing video: 5218949624445806415
Processing video: 5366409594815891602
Processing video: 5391892065246550398
Processing video: 5525084584552992937
total  1173319 subs 9168
Trial 262/1000, Params: dpd_0.5_dpg_2.0_ws_40_mg_2.0_sim_10.0, F1@0.50: 52.96
Processing video: 5085344787448740525
Processing video: 5085357672350628540
Processing video: 5086465773912997411
Processing video: 5090916219025116054
Processing video: 5092765202446045704
Processing video: 5097975856769557081
Processing video: 5099449889545545450
Processing video: 5134749367588120522
Processing video: 5103182645622502287
Processing video: 5146258161124252727
Processing video: 5218949624445806415
Processing video: 5172231547180314349
Processing video: 5173709444596630576
Processing video: 5366409594815891602
Processing video: 5525084584552992937
Processing video: 5391892065246550398
total  1173319 subs 9168
Trial 263/1000, Params: dpd_0.5_dpg_20.0_ws_30_mg_4.0_sim_100.0, F1@0.50: 42.35
Processing video: 5085344787448740525
Processing video: 5086465773912997411
Processing video: 5085357672350628540
Processing video: 5090916219025116054
Processing video: 5092765202446045704
Processing video: 5097975856769557081
Processing video: 5103182645622502287
Processing video: 5099449889545545450
Processing video: 5134749367588120522
Processing video: 5146258161124252727
Processing video: 5173709444596630576
Processing video: 5172231547180314349
Processing video: 5218949624445806415
Processing video: 5366409594815891602
Processing video: 5391892065246550398
Processing video: 5525084584552992937
total  1173319 subs 9168
Trial 264/1000, Params: dpd_100.0_dpg_100.0_ws_50_mg_10.0_sim_5.0, F1@0.50: 40.57
Processing video: 5085344787448740525
Processing video: 5085357672350628540
Processing video: 5086465773912997411
Processing video: 5090916219025116054
Processing video: 5092765202446045704
Processing video: 5097975856769557081
Processing video: 5103182645622502287
Processing video: 5099449889545545450
Processing video: 5134749367588120522
Processing video: 5172231547180314349
Processing video: 5146258161124252727
Processing video: 5173709444596630576
Processing video: 5218949624445806415
Processing video: 5366409594815891602
Processing video: 5391892065246550398
Processing video: 5525084584552992937
total  1173319 subs 9168
Trial 265/1000, Params: dpd_2.0_dpg_0.8_ws_30_mg_4.0_sim_2.0, F1@0.50: 51.46
Processing video: 5085344787448740525
Processing video: 5085357672350628540
Processing video: 5090916219025116054
Processing video: 5086465773912997411
Processing video: 5092765202446045704
Processing video: 5097975856769557081
Processing video: 5103182645622502287
Processing video: 5099449889545545450
Processing video: 5134749367588120522
Processing video: 5146258161124252727
Processing video: 5172231547180314349
Processing video: 5173709444596630576
Processing video: 5218949624445806415
Processing video: 5366409594815891602
Processing video: 5391892065246550398
Processing video: 5525084584552992937
total  1173319 subs 9168
Trial 266/1000, Params: dpd_1.0_dpg_1.0_ws_20_mg_8.0_sim_0.0, F1@0.50: 48.68
Processing video: 5085344787448740525
Processing video: 5085357672350628540
Processing video: 5090916219025116054
Processing video: 5086465773912997411
Processing video: 5092765202446045704
Processing video: 5097975856769557081
Processing video: 5099449889545545450
Processing video: 5146258161124252727
Processing video: 5103182645622502287
Processing video: 5134749367588120522
Processing video: 5172231547180314349
Processing video: 5366409594815891602
Processing video: 5173709444596630576
Processing video: 5218949624445806415
Processing video: 5391892065246550398
Processing video: 5525084584552992937
total  1173319 subs 9168
Trial 267/1000, Params: dpd_0.0_dpg_0.5_ws_20_mg_8.0_sim_2.0, F1@0.50: 48.85
Processing video: 5085344787448740525
Processing video: 5085357672350628540
Processing video: 5086465773912997411
Processing video: 5090916219025116054
Processing video: 5092765202446045704
Processing video: 5103182645622502287Processing video: 5097975856769557081

Processing video: 5099449889545545450
Processing video: 5134749367588120522
Processing video: 5146258161124252727
Processing video: 5172231547180314349
Processing video: 5173709444596630576
Processing video: 5218949624445806415
Processing video: 5366409594815891602
Processing video: 5391892065246550398
Processing video: 5525084584552992937
total  1173319 subs 9168
Trial 268/1000, Params: dpd_0.1_dpg_0.0_ws_40_mg_10.0_sim_100.0, F1@0.50: 33.76
Processing video: 5085357672350628540
Processing video: 5085344787448740525
Processing video: 5086465773912997411
Processing video: 5090916219025116054
Processing video: 5092765202446045704
Processing video: 5097975856769557081
Processing video: 5134749367588120522
Processing video: 5099449889545545450
Processing video: 5103182645622502287
Processing video: 5146258161124252727
Processing video: 5172231547180314349
Processing video: 5173709444596630576
Processing video: 5391892065246550398
Processing video: 5218949624445806415
Processing video: 5366409594815891602
Processing video: 5525084584552992937
total  1173319 subs 9168
Trial 269/1000, Params: dpd_0.1_dpg_2.0_ws_20_mg_4.0_sim_20.0, F1@0.50: 50.07
Processing video: 5085344787448740525
Processing video: 5085357672350628540
Processing video: 5090916219025116054
Processing video: 5086465773912997411
Processing video: 5092765202446045704
Processing video: 5097975856769557081
Processing video: 5103182645622502287
Processing video: 5099449889545545450
Processing video: 5134749367588120522
Processing video: 5146258161124252727
Processing video: 5173709444596630576
Processing video: 5172231547180314349
Processing video: 5366409594815891602
Processing video: 5218949624445806415
Processing video: 5525084584552992937
Processing video: 5391892065246550398
total  1173319 subs 9168
Trial 270/1000, Params: dpd_10.0_dpg_5.0_ws_50_mg_2.0_sim_1.0, F1@0.50: 49.24
Processing video: 5085344787448740525
Processing video: 5085357672350628540
Processing video: 5086465773912997411
Processing video: 5090916219025116054
Processing video: 5092765202446045704
Processing video: 5097975856769557081
Processing video: 5103182645622502287
Processing video: 5099449889545545450
Processing video: 5172231547180314349
Processing video: 5134749367588120522
Processing video: 5146258161124252727
Processing video: 5173709444596630576
Processing video: 5391892065246550398
Processing video: 5218949624445806415
Processing video: 5366409594815891602
Processing video: 5525084584552992937
total  1173319 subs 9168
Trial 271/1000, Params: dpd_0.0_dpg_5.0_ws_30_mg_4.0_sim_10.0, F1@0.50: 51.58
Processing video: 5085344787448740525
Processing video: 5090916219025116054Processing video: 5085357672350628540

Processing video: 5086465773912997411
Processing video: 5092765202446045704
Processing video: 5097975856769557081
Processing video: 5134749367588120522
Processing video: 5099449889545545450
Processing video: 5103182645622502287
Processing video: 5173709444596630576
Processing video: 5146258161124252727
Processing video: 5172231547180314349
Processing video: 5366409594815891602
Processing video: 5391892065246550398
Processing video: 5218949624445806415
Processing video: 5525084584552992937
total  1173319 subs 9168
Trial 272/1000, Params: dpd_1.0_dpg_0.5_ws_40_mg_6.0_sim_50.0, F1@0.50: 46.37
Processing video: 5085344787448740525
Processing video: 5085357672350628540
Processing video: 5086465773912997411
Processing video: 5090916219025116054
Processing video: 5092765202446045704
Processing video: 5097975856769557081
Processing video: 5099449889545545450
Processing video: 5103182645622502287
Processing video: 5134749367588120522Processing video: 5172231547180314349

Processing video: 5146258161124252727
Processing video: 5366409594815891602
Processing video: 5173709444596630576
Processing video: 5218949624445806415
Processing video: 5391892065246550398Processing video: 5525084584552992937

total  1173319 subs 9168
Trial 273/1000, Params: dpd_0.1_dpg_0.8_ws_50_mg_10.0_sim_1.0, F1@0.50: 50.65
Processing video: 5085357672350628540
Processing video: 5085344787448740525
Processing video: 5086465773912997411
Processing video: 5090916219025116054
Processing video: 5092765202446045704
Processing video: 5097975856769557081
Processing video: 5099449889545545450
Processing video: 5103182645622502287
Processing video: 5134749367588120522
Processing video: 5146258161124252727
Processing video: 5172231547180314349
Processing video: 5173709444596630576
Processing video: 5366409594815891602
Processing video: 5218949624445806415
Processing video: 5391892065246550398
Processing video: 5525084584552992937
total  1173319 subs 9168
Trial 274/1000, Params: dpd_0.8_dpg_0.1_ws_40_mg_2.0_sim_5.0, F1@0.50: 51.4
Processing video: 5085344787448740525
Processing video: 5085357672350628540
Processing video: 5086465773912997411
Processing video: 5090916219025116054
Processing video: 5092765202446045704
Processing video: 5097975856769557081
Processing video: 5099449889545545450
Processing video: 5103182645622502287
Processing video: 5134749367588120522
Processing video: 5146258161124252727
Processing video: 5218949624445806415
Processing video: 5172231547180314349
Processing video: 5173709444596630576
Processing video: 5366409594815891602
Processing video: 5391892065246550398
Processing video: 5525084584552992937
total  1173319 subs 9168
Trial 275/1000, Params: dpd_0.0_dpg_20.0_ws_40_mg_4.0_sim_100.0, F1@0.50: 38.74
Processing video: 5085344787448740525
Processing video: 5085357672350628540
Processing video: 5086465773912997411
Processing video: 5090916219025116054
Processing video: 5092765202446045704
Processing video: 5097975856769557081
Processing video: 5099449889545545450
Processing video: 5103182645622502287
Processing video: 5134749367588120522
Processing video: 5146258161124252727
Processing video: 5218949624445806415Processing video: 5172231547180314349

Processing video: 5173709444596630576
Processing video: 5366409594815891602
Processing video: 5391892065246550398
Processing video: 5525084584552992937
total  1173319 subs 9168
Trial 276/1000, Params: dpd_10.0_dpg_10.0_ws_40_mg_2.0_sim_1.0, F1@0.50: 50.07
Processing video: 5085357672350628540
Processing video: 5085344787448740525
Processing video: 5086465773912997411
Processing video: 5090916219025116054
Processing video: 5092765202446045704
Processing video: 5097975856769557081
Processing video: 5103182645622502287
Processing video: 5099449889545545450
Processing video: 5134749367588120522
Processing video: 5146258161124252727
Processing video: 5172231547180314349
Processing video: 5173709444596630576
Processing video: 5218949624445806415
Processing video: 5366409594815891602
Processing video: 5391892065246550398
Processing video: 5525084584552992937
total  1173319 subs 9168
Trial 277/1000, Params: dpd_0.1_dpg_2.0_ws_30_mg_2.0_sim_0.0, F1@0.50: 49.63
Processing video: 5085344787448740525
Processing video: 5085357672350628540
Processing video: 5086465773912997411
Processing video: 5090916219025116054
Processing video: 5092765202446045704
Processing video: 5097975856769557081
Processing video: 5099449889545545450
Processing video: 5103182645622502287
Processing video: 5146258161124252727
Processing video: 5134749367588120522
Processing video: 5172231547180314349
Processing video: 5173709444596630576
Processing video: 5218949624445806415
Processing video: 5366409594815891602
Processing video: 5525084584552992937
Processing video: 5391892065246550398
total  1173319 subs 9168
Trial 278/1000, Params: dpd_0.8_dpg_20.0_ws_40_mg_6.0_sim_100.0, F1@0.50: 41.29
Processing video: 5085344787448740525
Processing video: 5085357672350628540
Processing video: 5090916219025116054
Processing video: 5086465773912997411
Processing video: 5092765202446045704
Processing video: 5097975856769557081
Processing video: 5099449889545545450
Processing video: 5103182645622502287
Processing video: 5134749367588120522
Processing video: 5146258161124252727
Processing video: 5172231547180314349
Processing video: 5173709444596630576
Processing video: 5218949624445806415
Processing video: 5366409594815891602
Processing video: 5391892065246550398Processing video: 5525084584552992937

total  1173319 subs 9168
Trial 279/1000, Params: dpd_100.0_dpg_0.8_ws_50_mg_4.0_sim_30.0, F1@0.50: 35.98
Processing video: 5085344787448740525
Processing video: 5086465773912997411
Processing video: 5085357672350628540
Processing video: 5090916219025116054
Processing video: 5092765202446045704
Processing video: 5097975856769557081
Processing video: 5099449889545545450Processing video: 5134749367588120522

Processing video: 5103182645622502287
Processing video: 5146258161124252727
Processing video: 5218949624445806415
Processing video: 5172231547180314349
Processing video: 5173709444596630576
Processing video: 5366409594815891602
Processing video: 5391892065246550398
Processing video: 5525084584552992937
total  1173319 subs 9168
Trial 280/1000, Params: dpd_0.1_dpg_100.0_ws_40_mg_6.0_sim_10.0, F1@0.50: 35.88
Processing video: 5085344787448740525
Processing video: 5085357672350628540
Processing video: 5086465773912997411
Processing video: 5090916219025116054
Processing video: 5092765202446045704
Processing video: 5097975856769557081
Processing video: 5099449889545545450
Processing video: 5103182645622502287
Processing video: 5134749367588120522
Processing video: 5146258161124252727
Processing video: 5172231547180314349
Processing video: 5173709444596630576
Processing video: 5218949624445806415
Processing video: 5366409594815891602
Processing video: 5391892065246550398
Processing video: 5525084584552992937
total  1173319 subs 9168
Trial 281/1000, Params: dpd_1.0_dpg_0.1_ws_30_mg_4.0_sim_0.5, F1@0.50: 50.18
Processing video: 5085344787448740525
Processing video: 5085357672350628540
Processing video: 5090916219025116054
Processing video: 5086465773912997411
Processing video: 5092765202446045704
Processing video: 5097975856769557081
Processing video: 5134749367588120522
Processing video: 5099449889545545450
Processing video: 5103182645622502287
Processing video: 5146258161124252727
Processing video: 5173709444596630576
Processing video: 5172231547180314349
Processing video: 5218949624445806415
Processing video: 5366409594815891602
Processing video: 5391892065246550398
Processing video: 5525084584552992937
total  1173319 subs 9168
Trial 282/1000, Params: dpd_1.0_dpg_10.0_ws_30_mg_6.0_sim_5.0, F1@0.50: 51.72
Processing video: 5085344787448740525
Processing video: 5085357672350628540
Processing video: 5086465773912997411
Processing video: 5090916219025116054
Processing video: 5092765202446045704
Processing video: 5097975856769557081
Processing video: 5099449889545545450
Processing video: 5103182645622502287
Processing video: 5134749367588120522
Processing video: 5173709444596630576
Processing video: 5146258161124252727
Processing video: 5172231547180314349
Processing video: 5218949624445806415
Processing video: 5366409594815891602
Processing video: 5391892065246550398
Processing video: 5525084584552992937
total  1173319 subs 9168
Trial 283/1000, Params: dpd_5.0_dpg_10.0_ws_40_mg_2.0_sim_100.0, F1@0.50: 49.64
Processing video: 5085344787448740525
Processing video: 5085357672350628540
Processing video: 5086465773912997411
Processing video: 5090916219025116054
Processing video: 5092765202446045704
Processing video: 5097975856769557081
Processing video: 5099449889545545450
Processing video: 5103182645622502287
Processing video: 5134749367588120522
Processing video: 5172231547180314349
Processing video: 5146258161124252727
Processing video: 5173709444596630576
Processing video: 5218949624445806415
Processing video: 5391892065246550398
Processing video: 5366409594815891602
Processing video: 5525084584552992937
total  1173319 subs 9168
Trial 284/1000, Params: dpd_0.1_dpg_1.0_ws_20_mg_8.0_sim_2.0, F1@0.50: 49.08
Processing video: 5085357672350628540
Processing video: 5085344787448740525
Processing video: 5086465773912997411
Processing video: 5090916219025116054
Processing video: 5092765202446045704
Processing video: 5097975856769557081
Processing video: 5134749367588120522
Processing video: 5099449889545545450
Processing video: 5103182645622502287
Processing video: 5146258161124252727
Processing video: 5218949624445806415
Processing video: 5172231547180314349
Processing video: 5173709444596630576
Processing video: 5391892065246550398
Processing video: 5366409594815891602
Processing video: 5525084584552992937
total  1173319 subs 9168
Trial 285/1000, Params: dpd_0.1_dpg_10.0_ws_50_mg_2.0_sim_5.0, F1@0.50: 50.48
Processing video: 5085344787448740525
Processing video: 5085357672350628540
Processing video: 5086465773912997411
Processing video: 5090916219025116054
Processing video: 5092765202446045704
Processing video: 5097975856769557081
Processing video: 5103182645622502287
Processing video: 5099449889545545450
Processing video: 5172231547180314349
Processing video: 5134749367588120522
Processing video: 5146258161124252727
Processing video: 5173709444596630576
Processing video: 5218949624445806415
Processing video: 5366409594815891602
Processing video: 5391892065246550398
Processing video: 5525084584552992937
total  1173319 subs 9168
Trial 286/1000, Params: dpd_2.0_dpg_5.0_ws_30_mg_10.0_sim_100.0, F1@0.50: 45.21
Processing video: 5085344787448740525
Processing video: 5085357672350628540
Processing video: 5086465773912997411
Processing video: 5090916219025116054
Processing video: 5092765202446045704
Processing video: 5097975856769557081
Processing video: 5103182645622502287
Processing video: 5099449889545545450
Processing video: 5172231547180314349
Processing video: 5134749367588120522
Processing video: 5146258161124252727
Processing video: 5173709444596630576
Processing video: 5366409594815891602
Processing video: 5525084584552992937
Processing video: 5218949624445806415
Processing video: 5391892065246550398
total  1173319 subs 9168
Trial 287/1000, Params: dpd_100.0_dpg_1.0_ws_30_mg_8.0_sim_20.0, F1@0.50: 37.29
Processing video: 5085344787448740525
Processing video: 5085357672350628540
Processing video: 5086465773912997411
Processing video: 5090916219025116054
Processing video: 5092765202446045704
Processing video: 5097975856769557081
Processing video: 5099449889545545450
Processing video: 5134749367588120522
Processing video: 5103182645622502287
Processing video: 5146258161124252727
Processing video: 5172231547180314349
Processing video: 5218949624445806415
Processing video: 5173709444596630576
Processing video: 5366409594815891602
Processing video: 5391892065246550398Processing video: 5525084584552992937

total  1173319 subs 9168
Trial 288/1000, Params: dpd_2.0_dpg_5.0_ws_50_mg_8.0_sim_5.0, F1@0.50: 53.02
Processing video: 5085344787448740525
Processing video: 5085357672350628540
Processing video: 5086465773912997411
Processing video: 5090916219025116054
Processing video: 5092765202446045704
Processing video: 5097975856769557081
Processing video: 5099449889545545450
Processing video: 5103182645622502287
Processing video: 5134749367588120522
Processing video: 5146258161124252727
Processing video: 5173709444596630576
Processing video: 5172231547180314349
Processing video: 5366409594815891602
Processing video: 5218949624445806415
Processing video: 5391892065246550398
Processing video: 5525084584552992937
total  1173319 subs 9168
Trial 289/1000, Params: dpd_0.5_dpg_0.5_ws_20_mg_6.0_sim_0.5, F1@0.50: 48.7
Processing video: 5085344787448740525
Processing video: 5085357672350628540
Processing video: 5086465773912997411
Processing video: 5090916219025116054
Processing video: 5092765202446045704
Processing video: 5097975856769557081
Processing video: 5103182645622502287
Processing video: 5099449889545545450
Processing video: 5134749367588120522
Processing video: 5146258161124252727Processing video: 5173709444596630576

Processing video: 5172231547180314349
Processing video: 5218949624445806415
Processing video: 5366409594815891602
Processing video: 5391892065246550398
Processing video: 5525084584552992937
total  1173319 subs 9168
Trial 290/1000, Params: dpd_100.0_dpg_100.0_ws_50_mg_6.0_sim_20.0, F1@0.50: 42.96
Processing video: 5085344787448740525
Processing video: 5085357672350628540
Processing video: 5086465773912997411
Processing video: 5090916219025116054
Processing video: 5092765202446045704
Processing video: 5097975856769557081
Processing video: 5103182645622502287
Processing video: 5099449889545545450
Processing video: 5134749367588120522
Processing video: 5173709444596630576Processing video: 5146258161124252727

Processing video: 5172231547180314349
Processing video: 5218949624445806415
Processing video: 5366409594815891602
Processing video: 5525084584552992937
Processing video: 5391892065246550398
total  1173319 subs 9168
Trial 291/1000, Params: dpd_10.0_dpg_0.8_ws_20_mg_8.0_sim_1.0, F1@0.50: 45.41
Processing video: 5085344787448740525
Processing video: 5085357672350628540
Processing video: 5090916219025116054
Processing video: 5086465773912997411
Processing video: 5092765202446045704
Processing video: 5097975856769557081
Processing video: 5134749367588120522
Processing video: 5099449889545545450
Processing video: 5103182645622502287
Processing video: 5172231547180314349
Processing video: 5146258161124252727
Processing video: 5173709444596630576
Processing video: 5218949624445806415
Processing video: 5391892065246550398
Processing video: 5366409594815891602
Processing video: 5525084584552992937
total  1173319 subs 9168
Trial 292/1000, Params: dpd_0.0_dpg_10.0_ws_50_mg_6.0_sim_2.0, F1@0.50: 49.17
Processing video: 5085344787448740525
Processing video: 5085357672350628540
Processing video: 5086465773912997411
Processing video: 5090916219025116054
Processing video: 5092765202446045704
Processing video: 5097975856769557081
Processing video: 5103182645622502287
Processing video: 5099449889545545450
Processing video: 5172231547180314349
Processing video: 5134749367588120522
Processing video: 5146258161124252727
Processing video: 5173709444596630576
Processing video: 5218949624445806415
Processing video: 5366409594815891602
Processing video: 5525084584552992937Processing video: 5391892065246550398

total  1173319 subs 9168
Trial 293/1000, Params: dpd_1.0_dpg_10.0_ws_20_mg_8.0_sim_10.0, F1@0.50: 51.47
Processing video: 5085357672350628540
Processing video: 5085344787448740525
Processing video: 5086465773912997411
Processing video: 5090916219025116054
Processing video: 5092765202446045704
Processing video: 5097975856769557081
Processing video: 5099449889545545450
Processing video: 5103182645622502287
Processing video: 5134749367588120522
Processing video: 5146258161124252727
Processing video: 5173709444596630576
Processing video: 5172231547180314349
Processing video: 5218949624445806415
Processing video: 5366409594815891602
Processing video: 5391892065246550398
Processing video: 5525084584552992937
total  1173319 subs 9168
Trial 294/1000, Params: dpd_0.8_dpg_5.0_ws_20_mg_8.0_sim_30.0, F1@0.50: 51.23
Processing video: 5085344787448740525
Processing video: 5085357672350628540
Processing video: 5086465773912997411
Processing video: 5090916219025116054
Processing video: 5092765202446045704
Processing video: 5097975856769557081
Processing video: 5134749367588120522
Processing video: 5099449889545545450
Processing video: 5103182645622502287
Processing video: 5146258161124252727
Processing video: 5218949624445806415
Processing video: 5172231547180314349
Processing video: 5173709444596630576
Processing video: 5525084584552992937
Processing video: 5366409594815891602
Processing video: 5391892065246550398
total  1173319 subs 9168
Trial 295/1000, Params: dpd_10.0_dpg_0.5_ws_30_mg_4.0_sim_10.0, F1@0.50: 49.51
Processing video: 5085344787448740525
Processing video: 5085357672350628540
Processing video: 5086465773912997411
Processing video: 5090916219025116054
Processing video: 5092765202446045704
Processing video: 5097975856769557081
Processing video: 5103182645622502287
Processing video: 5099449889545545450
Processing video: 5134749367588120522
Processing video: 5172231547180314349
Processing video: 5146258161124252727
Processing video: 5366409594815891602
Processing video: 5173709444596630576
Processing video: 5525084584552992937
Processing video: 5218949624445806415
Processing video: 5391892065246550398
total  1173319 subs 9168
Trial 296/1000, Params: dpd_0.0_dpg_0.0_ws_50_mg_4.0_sim_2.0, F1@0.50: 50.34
Processing video: 5085344787448740525
Processing video: 5085357672350628540
Processing video: 5086465773912997411
Processing video: 5090916219025116054
Processing video: 5092765202446045704
Processing video: 5097975856769557081
Processing video: 5103182645622502287
Processing video: 5099449889545545450
Processing video: 5134749367588120522
Processing video: 5146258161124252727
Processing video: 5172231547180314349
Processing video: 5173709444596630576
Processing video: 5218949624445806415
Processing video: 5525084584552992937
Processing video: 5366409594815891602
Processing video: 5391892065246550398
total  1173319 subs 9168
Trial 297/1000, Params: dpd_20.0_dpg_0.8_ws_40_mg_10.0_sim_20.0, F1@0.50: 47.54
Processing video: 5085344787448740525
Processing video: 5085357672350628540
Processing video: 5086465773912997411
Processing video: 5090916219025116054
Processing video: 5092765202446045704
Processing video: 5097975856769557081
Processing video: 5099449889545545450
Processing video: 5103182645622502287
Processing video: 5146258161124252727
Processing video: 5134749367588120522
Processing video: 5172231547180314349
Processing video: 5173709444596630576
Processing video: 5391892065246550398
Processing video: 5218949624445806415
Processing video: 5366409594815891602
Processing video: 5525084584552992937
total  1173319 subs 9168
Trial 298/1000, Params: dpd_20.0_dpg_2.0_ws_40_mg_4.0_sim_10.0, F1@0.50: 46.41
Processing video: 5085344787448740525
Processing video: 5085357672350628540
Processing video: 5086465773912997411
Processing video: 5090916219025116054
Processing video: 5092765202446045704
Processing video: 5097975856769557081
Processing video: 5099449889545545450
Processing video: 5103182645622502287
Processing video: 5146258161124252727
Processing video: 5134749367588120522
Processing video: 5172231547180314349
Processing video: 5218949624445806415
Processing video: 5173709444596630576
Processing video: 5391892065246550398
Processing video: 5366409594815891602
Processing video: 5525084584552992937
total  1173319 subs 9168
Trial 299/1000, Params: dpd_10.0_dpg_0.5_ws_40_mg_10.0_sim_5.0, F1@0.50: 48.66
Processing video: 5085344787448740525
Processing video: 5085357672350628540
Processing video: 5086465773912997411
Processing video: 5090916219025116054
Processing video: 5092765202446045704
Processing video: 5097975856769557081
Processing video: 5103182645622502287
Processing video: 5099449889545545450
Processing video: 5134749367588120522
Processing video: 5173709444596630576
Processing video: 5146258161124252727
Processing video: 5172231547180314349
Processing video: 5218949624445806415
Processing video: 5366409594815891602
Processing video: 5391892065246550398
Processing video: 5525084584552992937
total  1173319 subs 9168
Trial 300/1000, Params: dpd_1.0_dpg_0.1_ws_20_mg_8.0_sim_50.0, F1@0.50: 47.79
Processing video: 5085344787448740525
Processing video: 5085357672350628540
Processing video: 5086465773912997411
Processing video: 5090916219025116054
Processing video: 5092765202446045704
Processing video: 5097975856769557081
Processing video: 5103182645622502287
Processing video: 5099449889545545450
Processing video: 5134749367588120522
Processing video: 5146258161124252727
Processing video: 5172231547180314349
Processing video: 5173709444596630576
Processing video: 5366409594815891602
Processing video: 5218949624445806415
Processing video: 5391892065246550398
Processing video: 5525084584552992937
total  1173319 subs 9168
Trial 301/1000, Params: dpd_20.0_dpg_5.0_ws_30_mg_6.0_sim_100.0, F1@0.50: 52.02
Processing video: 5085344787448740525
Processing video: 5090916219025116054
Processing video: 5085357672350628540
Processing video: 5086465773912997411
Processing video: 5092765202446045704
Processing video: 5097975856769557081
Processing video: 5099449889545545450
Processing video: 5146258161124252727
Processing video: 5103182645622502287
Processing video: 5134749367588120522
Processing video: 5218949624445806415
Processing video: 5172231547180314349
Processing video: 5173709444596630576
Processing video: 5366409594815891602
Processing video: 5391892065246550398
Processing video: 5525084584552992937
total  1173319 subs 9168
Trial 302/1000, Params: dpd_0.0_dpg_0.5_ws_40_mg_6.0_sim_10.0, F1@0.50: 51.96
Processing video: 5086465773912997411
Processing video: 5085344787448740525
Processing video: 5085357672350628540
Processing video: 5090916219025116054
Processing video: 5092765202446045704
Processing video: 5097975856769557081
Processing video: 5099449889545545450
Processing video: 5103182645622502287
Processing video: 5146258161124252727
Processing video: 5134749367588120522
Processing video: 5172231547180314349
Processing video: 5173709444596630576
Processing video: 5218949624445806415
Processing video: 5366409594815891602
Processing video: 5391892065246550398
Processing video: 5525084584552992937
total  1173319 subs 9168
Trial 303/1000, Params: dpd_20.0_dpg_0.8_ws_40_mg_10.0_sim_5.0, F1@0.50: 45.67
Processing video: 5085344787448740525
Processing video: 5085357672350628540
Processing video: 5086465773912997411
Processing video: 5090916219025116054
Processing video: 5092765202446045704
Processing video: 5097975856769557081
Processing video: 5099449889545545450
Processing video: 5146258161124252727Processing video: 5103182645622502287

Processing video: 5134749367588120522
Processing video: 5172231547180314349
Processing video: 5173709444596630576
Processing video: 5366409594815891602
Processing video: 5525084584552992937
Processing video: 5218949624445806415
Processing video: 5391892065246550398
total  1173319 subs 9168
Trial 304/1000, Params: dpd_5.0_dpg_2.0_ws_40_mg_8.0_sim_5.0, F1@0.50: 51.87
Processing video: 5085344787448740525
Processing video: 5085357672350628540
Processing video: 5090916219025116054
Processing video: 5086465773912997411
Processing video: 5092765202446045704
Processing video: 5097975856769557081
Processing video: 5099449889545545450
Processing video: 5103182645622502287
Processing video: 5172231547180314349
Processing video: 5134749367588120522
Processing video: 5146258161124252727
Processing video: 5173709444596630576
Processing video: 5391892065246550398
Processing video: 5218949624445806415
Processing video: 5366409594815891602
Processing video: 5525084584552992937
total  1173319 subs 9168
Trial 305/1000, Params: dpd_0.0_dpg_1.0_ws_40_mg_2.0_sim_20.0, F1@0.50: 50.01
Processing video: 5085357672350628540
Processing video: 5085344787448740525
Processing video: 5086465773912997411
Processing video: 5090916219025116054
Processing video: 5092765202446045704
Processing video: 5097975856769557081
Processing video: 5099449889545545450
Processing video: 5103182645622502287
Processing video: 5146258161124252727
Processing video: 5134749367588120522
Processing video: 5172231547180314349
Processing video: 5218949624445806415
Processing video: 5173709444596630576
Processing video: 5525084584552992937
Processing video: 5366409594815891602
Processing video: 5391892065246550398
total  1173319 subs 9168
Trial 306/1000, Params: dpd_5.0_dpg_0.0_ws_30_mg_2.0_sim_50.0, F1@0.50: 53.72
Processing video: 5085344787448740525
Processing video: 5085357672350628540
Processing video: 5086465773912997411
Processing video: 5090916219025116054
Processing video: 5092765202446045704
Processing video: 5097975856769557081
Processing video: 5099449889545545450
Processing video: 5134749367588120522
Processing video: 5103182645622502287
Processing video: 5146258161124252727
Processing video: 5172231547180314349
Processing video: 5366409594815891602
Processing video: 5173709444596630576
Processing video: 5218949624445806415
Processing video: 5525084584552992937
Processing video: 5391892065246550398
total  1173319 subs 9168
Trial 307/1000, Params: dpd_0.8_dpg_0.8_ws_40_mg_8.0_sim_2.0, F1@0.50: 51.02
Processing video: 5085344787448740525
Processing video: 5085357672350628540
Processing video: 5086465773912997411
Processing video: 5090916219025116054
Processing video: 5092765202446045704
Processing video: 5097975856769557081
Processing video: 5103182645622502287
Processing video: 5099449889545545450
Processing video: 5172231547180314349
Processing video: 5134749367588120522
Processing video: 5146258161124252727
Processing video: 5173709444596630576
Processing video: 5218949624445806415
Processing video: 5366409594815891602
Processing video: 5391892065246550398
Processing video: 5525084584552992937
total  1173319 subs 9168
Trial 308/1000, Params: dpd_10.0_dpg_0.5_ws_40_mg_10.0_sim_1.0, F1@0.50: 47.63
Processing video: 5085344787448740525
Processing video: 5085357672350628540
Processing video: 5086465773912997411
Processing video: 5090916219025116054
Processing video: 5092765202446045704
Processing video: 5097975856769557081
Processing video: 5099449889545545450
Processing video: 5103182645622502287Processing video: 5146258161124252727

Processing video: 5134749367588120522
Processing video: 5172231547180314349
Processing video: 5173709444596630576
Processing video: 5218949624445806415
Processing video: 5391892065246550398
Processing video: 5366409594815891602
Processing video: 5525084584552992937
total  1173319 subs 9168
Trial 309/1000, Params: dpd_0.8_dpg_1.0_ws_40_mg_2.0_sim_50.0, F1@0.50: 46.24
Processing video: 5085344787448740525
Processing video: 5085357672350628540
Processing video: 5086465773912997411
Processing video: 5090916219025116054
Processing video: 5092765202446045704
Processing video: 5097975856769557081
Processing video: 5099449889545545450
Processing video: 5103182645622502287
Processing video: 5134749367588120522
Processing video: 5146258161124252727
Processing video: 5172231547180314349
Processing video: 5173709444596630576
Processing video: 5218949624445806415
Processing video: 5366409594815891602
Processing video: 5391892065246550398
Processing video: 5525084584552992937
total  1173319 subs 9168
Trial 310/1000, Params: dpd_0.5_dpg_10.0_ws_30_mg_10.0_sim_100.0, F1@0.50: 41.43
Processing video: 5085344787448740525
Processing video: 5085357672350628540
Processing video: 5086465773912997411
Processing video: 5090916219025116054
Processing video: 5092765202446045704
Processing video: 5097975856769557081
Processing video: 5134749367588120522
Processing video: 5099449889545545450
Processing video: 5103182645622502287
Processing video: 5146258161124252727
Processing video: 5173709444596630576
Processing video: 5218949624445806415
Processing video: 5172231547180314349
Processing video: 5366409594815891602
Processing video: 5391892065246550398
Processing video: 5525084584552992937
total  1173319 subs 9168
Trial 311/1000, Params: dpd_1.0_dpg_2.0_ws_40_mg_6.0_sim_50.0, F1@0.50: 47.36
Processing video: 5085344787448740525
Processing video: 5085357672350628540
Processing video: 5086465773912997411
Processing video: 5090916219025116054
Processing video: 5092765202446045704
Processing video: 5097975856769557081
Processing video: 5099449889545545450
Processing video: 5103182645622502287
Processing video: 5134749367588120522
Processing video: 5146258161124252727
Processing video: 5172231547180314349
Processing video: 5173709444596630576
Processing video: 5218949624445806415
Processing video: 5366409594815891602
Processing video: 5391892065246550398
Processing video: 5525084584552992937
total  1173319 subs 9168
Trial 312/1000, Params: dpd_100.0_dpg_100.0_ws_50_mg_4.0_sim_0.0, F1@0.50: 39.43
Processing video: 5085344787448740525
Processing video: 5085357672350628540
Processing video: 5086465773912997411
Processing video: 5090916219025116054
Processing video: 5092765202446045704
Processing video: 5097975856769557081
Processing video: 5099449889545545450
Processing video: 5103182645622502287
Processing video: 5146258161124252727
Processing video: 5134749367588120522
Processing video: 5172231547180314349
Processing video: 5173709444596630576
Processing video: 5218949624445806415
Processing video: 5391892065246550398
Processing video: 5366409594815891602
Processing video: 5525084584552992937
total  1173319 subs 9168
Trial 313/1000, Params: dpd_100.0_dpg_0.0_ws_40_mg_6.0_sim_1.0, F1@0.50: 31.84
Processing video: 5085344787448740525
Processing video: 5085357672350628540
Processing video: 5086465773912997411
Processing video: 5090916219025116054
Processing video: 5092765202446045704
Processing video: 5097975856769557081
Processing video: 5099449889545545450Processing video: 5134749367588120522

Processing video: 5103182645622502287
Processing video: 5146258161124252727
Processing video: 5172231547180314349
Processing video: 5218949624445806415
Processing video: 5173709444596630576
Processing video: 5366409594815891602
Processing video: 5391892065246550398
Processing video: 5525084584552992937
total  1173319 subs 9168
Trial 314/1000, Params: dpd_5.0_dpg_10.0_ws_30_mg_2.0_sim_30.0, F1@0.50: 55.48
New best found!
New Best F1@0.50: 55.48 with parameters: dp_duration_penalty_weight=5.0, dp_gap_penalty_weight=10.0, dp_window_size=30, dp_max_gap=2.0, similarity_weight=30.0
Processing video: 5085344787448740525
Processing video: 5085357672350628540
Processing video: 5086465773912997411
Processing video: 5090916219025116054
Processing video: 5092765202446045704
Processing video: 5097975856769557081
Processing video: 5099449889545545450
Processing video: 5103182645622502287
Processing video: 5134749367588120522
Processing video: 5146258161124252727
Processing video: 5172231547180314349
Processing video: 5173709444596630576
Processing video: 5218949624445806415
Processing video: 5366409594815891602
Processing video: 5391892065246550398
Processing video: 5525084584552992937
total  1173319 subs 9168
Trial 315/1000, Params: dpd_0.8_dpg_1.0_ws_40_mg_4.0_sim_1.0, F1@0.50: 50.93
Processing video: 5085344787448740525
Processing video: 5085357672350628540
Processing video: 5086465773912997411
Processing video: 5090916219025116054
Processing video: 5092765202446045704
Processing video: 5097975856769557081
Processing video: 5099449889545545450
Processing video: 5103182645622502287
Processing video: 5146258161124252727
Processing video: 5134749367588120522
Processing video: 5218949624445806415
Processing video: 5172231547180314349
Processing video: 5173709444596630576
Processing video: 5525084584552992937
Processing video: 5366409594815891602
Processing video: 5391892065246550398
total  1173319 subs 9168
Trial 316/1000, Params: dpd_1.0_dpg_0.0_ws_30_mg_8.0_sim_1.0, F1@0.50: 50.15
Processing video: 5085344787448740525
Processing video: 5085357672350628540
Processing video: 5086465773912997411
Processing video: 5090916219025116054
Processing video: 5092765202446045704
Processing video: 5097975856769557081
Processing video: 5099449889545545450
Processing video: 5103182645622502287
Processing video: 5146258161124252727
Processing video: 5134749367588120522
Processing video: 5172231547180314349
Processing video: 5366409594815891602
Processing video: 5173709444596630576
Processing video: 5218949624445806415
Processing video: 5391892065246550398
Processing video: 5525084584552992937
total  1173319 subs 9168
Trial 317/1000, Params: dpd_20.0_dpg_0.5_ws_40_mg_8.0_sim_1.0, F1@0.50: 44.2
Processing video: 5085344787448740525
Processing video: 5085357672350628540
Processing video: 5086465773912997411
Processing video: 5090916219025116054
Processing video: 5092765202446045704
Processing video: 5097975856769557081
Processing video: 5103182645622502287
Processing video: 5099449889545545450
Processing video: 5134749367588120522
Processing video: 5172231547180314349
Processing video: 5146258161124252727
Processing video: 5366409594815891602
Processing video: 5173709444596630576
Processing video: 5218949624445806415
Processing video: 5391892065246550398
Processing video: 5525084584552992937
total  1173319 subs 9168
Trial 318/1000, Params: dpd_10.0_dpg_2.0_ws_50_mg_10.0_sim_30.0, F1@0.50: 52.76
Processing video: 5085344787448740525
Processing video: 5085357672350628540
Processing video: 5086465773912997411
Processing video: 5090916219025116054
Processing video: 5092765202446045704
Processing video: 5097975856769557081
Processing video: 5099449889545545450
Processing video: 5103182645622502287
Processing video: 5146258161124252727
Processing video: 5134749367588120522
Processing video: 5172231547180314349
Processing video: 5173709444596630576
Processing video: 5218949624445806415
Processing video: 5366409594815891602
Processing video: 5391892065246550398Processing video: 5525084584552992937

total  1173319 subs 9168
Trial 319/1000, Params: dpd_1.0_dpg_0.5_ws_20_mg_6.0_sim_20.0, F1@0.50: 51.42
Processing video: 5085344787448740525
Processing video: 5085357672350628540
Processing video: 5086465773912997411
Processing video: 5090916219025116054
Processing video: 5092765202446045704
Processing video: 5103182645622502287Processing video: 5097975856769557081

Processing video: 5099449889545545450
Processing video: 5172231547180314349
Processing video: 5134749367588120522
Processing video: 5146258161124252727
Processing video: 5173709444596630576
Processing video: 5391892065246550398
Processing video: 5218949624445806415
Processing video: 5366409594815891602
Processing video: 5525084584552992937
total  1173319 subs 9168
Trial 320/1000, Params: dpd_5.0_dpg_0.5_ws_40_mg_2.0_sim_100.0, F1@0.50: 48.09
Processing video: 5085344787448740525
Processing video: 5085357672350628540
Processing video: 5086465773912997411
Processing video: 5090916219025116054
Processing video: 5092765202446045704
Processing video: 5097975856769557081
Processing video: 5099449889545545450
Processing video: 5103182645622502287
Processing video: 5146258161124252727
Processing video: 5134749367588120522
Processing video: 5172231547180314349
Processing video: 5173709444596630576
Processing video: 5391892065246550398
Processing video: 5218949624445806415
Processing video: 5366409594815891602
Processing video: 5525084584552992937
total  1173319 subs 9168
Trial 321/1000, Params: dpd_1.0_dpg_100.0_ws_20_mg_10.0_sim_0.5, F1@0.50: 33.95
Processing video: 5086465773912997411Processing video: 5085344787448740525

Processing video: 5085357672350628540
Processing video: 5090916219025116054
Processing video: 5092765202446045704
Processing video: 5097975856769557081
Processing video: 5103182645622502287
Processing video: 5099449889545545450
Processing video: 5134749367588120522
Processing video: 5146258161124252727Processing video: 5173709444596630576

Processing video: 5172231547180314349
Processing video: 5366409594815891602
Processing video: 5218949624445806415
Processing video: 5391892065246550398
Processing video: 5525084584552992937
total  1173319 subs 9168
Trial 322/1000, Params: dpd_2.0_dpg_10.0_ws_40_mg_2.0_sim_0.0, F1@0.50: 51.18
Processing video: 5085344787448740525
Processing video: 5086465773912997411
Processing video: 5085357672350628540
Processing video: 5090916219025116054
Processing video: 5092765202446045704
Processing video: 5097975856769557081
Processing video: 5099449889545545450
Processing video: 5103182645622502287
Processing video: 5146258161124252727
Processing video: 5134749367588120522
Processing video: 5172231547180314349
Processing video: 5173709444596630576
Processing video: 5218949624445806415
Processing video: 5366409594815891602
Processing video: 5391892065246550398
Processing video: 5525084584552992937
total  1173319 subs 9168
Trial 323/1000, Params: dpd_5.0_dpg_0.5_ws_30_mg_2.0_sim_100.0, F1@0.50: 49.52
Processing video: 5085344787448740525
Processing video: 5085357672350628540
Processing video: 5086465773912997411
Processing video: 5090916219025116054
Processing video: 5092765202446045704
Processing video: 5097975856769557081
Processing video: 5099449889545545450
Processing video: 5103182645622502287
Processing video: 5134749367588120522
Processing video: 5146258161124252727
Processing video: 5172231547180314349
Processing video: 5218949624445806415
Processing video: 5173709444596630576
Processing video: 5366409594815891602
Processing video: 5391892065246550398
Processing video: 5525084584552992937
total  1173319 subs 9168
Trial 324/1000, Params: dpd_0.0_dpg_0.5_ws_50_mg_6.0_sim_1.0, F1@0.50: 50.43
Processing video: 5085357672350628540
Processing video: 5085344787448740525
Processing video: 5086465773912997411
Processing video: 5090916219025116054
Processing video: 5092765202446045704
Processing video: 5097975856769557081
Processing video: 5103182645622502287
Processing video: 5099449889545545450
Processing video: 5134749367588120522
Processing video: 5146258161124252727
Processing video: 5172231547180314349
Processing video: 5173709444596630576
Processing video: 5366409594815891602
Processing video: 5218949624445806415
Processing video: 5391892065246550398
Processing video: 5525084584552992937
total  1173319 subs 9168
Trial 325/1000, Params: dpd_0.1_dpg_100.0_ws_20_mg_6.0_sim_100.0, F1@0.50: 42.81
Processing video: 5085344787448740525
Processing video: 5085357672350628540
Processing video: 5086465773912997411
Processing video: 5090916219025116054
Processing video: 5092765202446045704
Processing video: 5097975856769557081
Processing video: 5103182645622502287
Processing video: 5099449889545545450
Processing video: 5134749367588120522
Processing video: 5146258161124252727
Processing video: 5172231547180314349
Processing video: 5173709444596630576
Processing video: 5218949624445806415
Processing video: 5366409594815891602
Processing video: 5391892065246550398Processing video: 5525084584552992937

total  1173319 subs 9168
Trial 326/1000, Params: dpd_10.0_dpg_0.5_ws_50_mg_2.0_sim_5.0, F1@0.50: 48.87
Processing video: 5085344787448740525
Processing video: 5085357672350628540
Processing video: 5086465773912997411
Processing video: 5090916219025116054
Processing video: 5092765202446045704
Processing video: 5097975856769557081
Processing video: 5103182645622502287
Processing video: 5099449889545545450
Processing video: 5134749367588120522
Processing video: 5172231547180314349
Processing video: 5146258161124252727
Processing video: 5218949624445806415
Processing video: 5366409594815891602
Processing video: 5173709444596630576
Processing video: 5391892065246550398
Processing video: 5525084584552992937
total  1173319 subs 9168
Trial 327/1000, Params: dpd_0.1_dpg_0.5_ws_40_mg_6.0_sim_0.5, F1@0.50: 50.19
Processing video: 5085344787448740525
Processing video: 5085357672350628540
Processing video: 5086465773912997411
Processing video: 5090916219025116054
Processing video: 5092765202446045704
Processing video: 5097975856769557081
Processing video: 5103182645622502287
Processing video: 5099449889545545450
Processing video: 5134749367588120522
Processing video: 5146258161124252727
Processing video: 5218949624445806415
Processing video: 5172231547180314349
Processing video: 5173709444596630576
Processing video: 5366409594815891602
Processing video: 5391892065246550398
Processing video: 5525084584552992937
total  1173319 subs 9168
Trial 328/1000, Params: dpd_100.0_dpg_0.1_ws_30_mg_10.0_sim_0.5, F1@0.50: 31.43
Processing video: 5085357672350628540
Processing video: 5085344787448740525
Processing video: 5086465773912997411
Processing video: 5090916219025116054
Processing video: 5092765202446045704
Processing video: 5097975856769557081
Processing video: 5103182645622502287
Processing video: 5099449889545545450
Processing video: 5134749367588120522
Processing video: 5146258161124252727
Processing video: 5172231547180314349
Processing video: 5173709444596630576
Processing video: 5366409594815891602
Processing video: 5218949624445806415
Processing video: 5391892065246550398
Processing video: 5525084584552992937
total  1173319 subs 9168
Trial 329/1000, Params: dpd_0.1_dpg_5.0_ws_30_mg_2.0_sim_0.0, F1@0.50: 49.09
Processing video: 5085344787448740525
Processing video: 5086465773912997411
Processing video: 5085357672350628540
Processing video: 5090916219025116054
Processing video: 5092765202446045704
Processing video: 5097975856769557081
Processing video: 5134749367588120522
Processing video: 5099449889545545450
Processing video: 5103182645622502287
Processing video: 5146258161124252727
Processing video: 5172231547180314349Processing video: 5218949624445806415

Processing video: 5173709444596630576
Processing video: 5525084584552992937
Processing video: 5366409594815891602
Processing video: 5391892065246550398
total  1173319 subs 9168
Trial 330/1000, Params: dpd_0.1_dpg_2.0_ws_30_mg_6.0_sim_0.0, F1@0.50: 49.56
Processing video: 5085357672350628540
Processing video: 5085344787448740525
Processing video: 5086465773912997411
Processing video: 5090916219025116054
Processing video: 5092765202446045704
Processing video: 5097975856769557081
Processing video: 5134749367588120522
Processing video: 5099449889545545450
Processing video: 5103182645622502287
Processing video: 5172231547180314349
Processing video: 5146258161124252727
Processing video: 5366409594815891602
Processing video: 5173709444596630576
Processing video: 5218949624445806415
Processing video: 5391892065246550398
Processing video: 5525084584552992937
total  1173319 subs 9168
Trial 331/1000, Params: dpd_0.1_dpg_0.8_ws_30_mg_8.0_sim_0.5, F1@0.50: 50.17
Processing video: 5085344787448740525
Processing video: 5085357672350628540
Processing video: 5090916219025116054
Processing video: 5086465773912997411
Processing video: 5092765202446045704
Processing video: 5097975856769557081
Processing video: 5103182645622502287
Processing video: 5099449889545545450
Processing video: 5134749367588120522
Processing video: 5146258161124252727
Processing video: 5218949624445806415
Processing video: 5172231547180314349
Processing video: 5173709444596630576
Processing video: 5366409594815891602
Processing video: 5391892065246550398
Processing video: 5525084584552992937
total  1173319 subs 9168
Trial 332/1000, Params: dpd_2.0_dpg_1.0_ws_40_mg_4.0_sim_100.0, F1@0.50: 41.98
Processing video: 5085344787448740525
Processing video: 5085357672350628540
Processing video: 5086465773912997411
Processing video: 5090916219025116054
Processing video: 5092765202446045704
Processing video: 5097975856769557081
Processing video: 5099449889545545450
Processing video: 5103182645622502287
Processing video: 5134749367588120522
Processing video: 5146258161124252727
Processing video: 5172231547180314349
Processing video: 5173709444596630576
Processing video: 5218949624445806415
Processing video: 5366409594815891602
Processing video: 5391892065246550398
Processing video: 5525084584552992937
total  1173319 subs 9168
Trial 333/1000, Params: dpd_1.0_dpg_0.5_ws_50_mg_2.0_sim_2.0, F1@0.50: 51.1
Processing video: 5085344787448740525
Processing video: 5085357672350628540
Processing video: 5086465773912997411
Processing video: 5090916219025116054
Processing video: 5092765202446045704
Processing video: 5097975856769557081
Processing video: 5134749367588120522
Processing video: 5099449889545545450
Processing video: 5103182645622502287
Processing video: 5146258161124252727
Processing video: 5173709444596630576
Processing video: 5172231547180314349
Processing video: 5366409594815891602
Processing video: 5218949624445806415
Processing video: 5391892065246550398
Processing video: 5525084584552992937
total  1173319 subs 9168
Trial 334/1000, Params: dpd_10.0_dpg_1.0_ws_40_mg_6.0_sim_10.0, F1@0.50: 50.08
Processing video: 5085344787448740525
Processing video: 5085357672350628540
Processing video: 5086465773912997411
Processing video: 5090916219025116054
Processing video: 5092765202446045704
Processing video: 5097975856769557081
Processing video: 5099449889545545450
Processing video: 5103182645622502287
Processing video: 5146258161124252727
Processing video: 5134749367588120522
Processing video: 5172231547180314349
Processing video: 5173709444596630576
Processing video: 5218949624445806415
Processing video: 5366409594815891602
Processing video: 5391892065246550398
Processing video: 5525084584552992937
total  1173319 subs 9168
Trial 335/1000, Params: dpd_10.0_dpg_10.0_ws_50_mg_4.0_sim_30.0, F1@0.50: 54.75
Processing video: 5085357672350628540
Processing video: 5085344787448740525
Processing video: 5086465773912997411
Processing video: 5090916219025116054
Processing video: 5092765202446045704
Processing video: 5097975856769557081
Processing video: 5099449889545545450
Processing video: 5103182645622502287
Processing video: 5146258161124252727
Processing video: 5134749367588120522
Processing video: 5173709444596630576
Processing video: 5172231547180314349
Processing video: 5366409594815891602
Processing video: 5218949624445806415
Processing video: 5391892065246550398
Processing video: 5525084584552992937
total  1173319 subs 9168
Trial 336/1000, Params: dpd_1.0_dpg_1.0_ws_50_mg_4.0_sim_0.5, F1@0.50: 50.84
Processing video: 5085357672350628540
Processing video: 5085344787448740525
Processing video: 5086465773912997411
Processing video: 5090916219025116054
Processing video: 5092765202446045704
Processing video: 5097975856769557081
Processing video: 5099449889545545450
Processing video: 5103182645622502287
Processing video: 5134749367588120522
Processing video: 5146258161124252727
Processing video: 5172231547180314349
Processing video: 5173709444596630576
Processing video: 5218949624445806415
Processing video: 5366409594815891602
Processing video: 5391892065246550398
Processing video: 5525084584552992937
total  1173319 subs 9168
Trial 337/1000, Params: dpd_20.0_dpg_0.8_ws_40_mg_8.0_sim_50.0, F1@0.50: 50.05
Processing video: 5085344787448740525Processing video: 5086465773912997411

Processing video: 5085357672350628540
Processing video: 5090916219025116054
Processing video: 5092765202446045704
Processing video: 5097975856769557081
Processing video: 5103182645622502287
Processing video: 5099449889545545450
Processing video: 5146258161124252727
Processing video: 5134749367588120522
Processing video: 5172231547180314349
Processing video: 5173709444596630576
Processing video: 5218949624445806415
Processing video: 5366409594815891602
Processing video: 5525084584552992937Processing video: 5391892065246550398

total  1173319 subs 9168
Trial 338/1000, Params: dpd_5.0_dpg_0.1_ws_40_mg_6.0_sim_2.0, F1@0.50: 50.06
Processing video: 5085344787448740525
Processing video: 5085357672350628540
Processing video: 5086465773912997411
Processing video: 5090916219025116054
Processing video: 5092765202446045704
Processing video: 5097975856769557081
Processing video: 5103182645622502287
Processing video: 5099449889545545450
Processing video: 5134749367588120522
Processing video: 5172231547180314349
Processing video: 5146258161124252727
Processing video: 5173709444596630576
Processing video: 5218949624445806415
Processing video: 5525084584552992937
Processing video: 5366409594815891602
Processing video: 5391892065246550398
total  1173319 subs 9168
Trial 339/1000, Params: dpd_0.8_dpg_0.8_ws_30_mg_2.0_sim_5.0, F1@0.50: 51.59
Processing video: 5085357672350628540
Processing video: 5085344787448740525
Processing video: 5086465773912997411
Processing video: 5090916219025116054
Processing video: 5092765202446045704
Processing video: 5097975856769557081
Processing video: 5103182645622502287
Processing video: 5099449889545545450
Processing video: 5134749367588120522
Processing video: 5146258161124252727
Processing video: 5173709444596630576
Processing video: 5172231547180314349
Processing video: 5218949624445806415
Processing video: 5525084584552992937
Processing video: 5366409594815891602
Processing video: 5391892065246550398
total  1173319 subs 9168
Trial 340/1000, Params: dpd_2.0_dpg_0.0_ws_20_mg_8.0_sim_2.0, F1@0.50: 49.4
Processing video: 5085344787448740525
Processing video: 5085357672350628540
Processing video: 5086465773912997411
Processing video: 5090916219025116054
Processing video: 5092765202446045704
Processing video: 5097975856769557081
Processing video: 5099449889545545450
Processing video: 5103182645622502287
Processing video: 5146258161124252727
Processing video: 5134749367588120522
Processing video: 5172231547180314349
Processing video: 5218949624445806415
Processing video: 5173709444596630576
Processing video: 5366409594815891602
Processing video: 5391892065246550398
Processing video: 5525084584552992937
total  1173319 subs 9168
Trial 341/1000, Params: dpd_5.0_dpg_1.0_ws_40_mg_8.0_sim_100.0, F1@0.50: 47.78
Processing video: 5085344787448740525
Processing video: 5085357672350628540
Processing video: 5086465773912997411
Processing video: 5090916219025116054
Processing video: 5092765202446045704
Processing video: 5097975856769557081
Processing video: 5099449889545545450
Processing video: 5146258161124252727
Processing video: 5103182645622502287
Processing video: 5134749367588120522
Processing video: 5172231547180314349
Processing video: 5366409594815891602
Processing video: 5173709444596630576
Processing video: 5218949624445806415
Processing video: 5391892065246550398
Processing video: 5525084584552992937
total  1173319 subs 9168
Trial 342/1000, Params: dpd_0.1_dpg_0.8_ws_20_mg_6.0_sim_1.0, F1@0.50: 49.09
Processing video: 5085344787448740525
Processing video: 5085357672350628540
Processing video: 5086465773912997411
Processing video: 5090916219025116054
Processing video: 5092765202446045704
Processing video: 5097975856769557081
Processing video: 5134749367588120522
Processing video: 5099449889545545450
Processing video: 5103182645622502287
Processing video: 5173709444596630576
Processing video: 5146258161124252727
Processing video: 5172231547180314349
Processing video: 5218949624445806415
Processing video: 5366409594815891602
Processing video: 5391892065246550398
Processing video: 5525084584552992937
total  1173319 subs 9168
Trial 343/1000, Params: dpd_100.0_dpg_0.0_ws_20_mg_6.0_sim_20.0, F1@0.50: 39.95
Processing video: 5085344787448740525
Processing video: 5085357672350628540
Processing video: 5086465773912997411
Processing video: 5090916219025116054
Processing video: 5092765202446045704
Processing video: 5103182645622502287
Processing video: 5097975856769557081
Processing video: 5099449889545545450
Processing video: 5172231547180314349
Processing video: 5134749367588120522
Processing video: 5146258161124252727
Processing video: 5173709444596630576
Processing video: 5391892065246550398
Processing video: 5218949624445806415
Processing video: 5366409594815891602
Processing video: 5525084584552992937
total  1173319 subs 9168
Trial 344/1000, Params: dpd_1.0_dpg_5.0_ws_20_mg_4.0_sim_100.0, F1@0.50: 44.65
Processing video: 5085344787448740525
Processing video: 5085357672350628540
Processing video: 5086465773912997411
Processing video: 5090916219025116054
Processing video: 5092765202446045704
Processing video: 5103182645622502287
Processing video: 5097975856769557081
Processing video: 5099449889545545450
Processing video: 5134749367588120522
Processing video: 5146258161124252727
Processing video: 5172231547180314349
Processing video: 5173709444596630576
Processing video: 5366409594815891602
Processing video: 5218949624445806415
Processing video: 5391892065246550398
Processing video: 5525084584552992937
total  1173319 subs 9168
Trial 345/1000, Params: dpd_5.0_dpg_0.0_ws_40_mg_2.0_sim_0.5, F1@0.50: 49.64
Processing video: 5085344787448740525
Processing video: 5085357672350628540
Processing video: 5086465773912997411
Processing video: 5090916219025116054
Processing video: 5092765202446045704
Processing video: 5097975856769557081
Processing video: 5103182645622502287
Processing video: 5099449889545545450
Processing video: 5134749367588120522
Processing video: 5146258161124252727
Processing video: 5172231547180314349
Processing video: 5173709444596630576
Processing video: 5218949624445806415
Processing video: 5366409594815891602
Processing video: 5391892065246550398
Processing video: 5525084584552992937
total  1173319 subs 9168
Trial 346/1000, Params: dpd_0.5_dpg_2.0_ws_50_mg_8.0_sim_0.5, F1@0.50: 50.49
Processing video: 5085344787448740525
Processing video: 5085357672350628540
Processing video: 5086465773912997411
Processing video: 5090916219025116054
Processing video: 5092765202446045704
Processing video: 5097975856769557081
Processing video: 5099449889545545450
Processing video: 5103182645622502287
Processing video: 5134749367588120522
Processing video: 5173709444596630576
Processing video: 5146258161124252727
Processing video: 5172231547180314349
Processing video: 5391892065246550398
Processing video: 5525084584552992937
Processing video: 5218949624445806415
Processing video: 5366409594815891602
total  1173319 subs 9168
Trial 347/1000, Params: dpd_10.0_dpg_0.1_ws_30_mg_10.0_sim_0.0, F1@0.50: 46.18
Processing video: 5085344787448740525
Processing video: 5085357672350628540
Processing video: 5086465773912997411
Processing video: 5090916219025116054
Processing video: 5092765202446045704
Processing video: 5097975856769557081
Processing video: 5103182645622502287
Processing video: 5099449889545545450
Processing video: 5134749367588120522
Processing video: 5173709444596630576
Processing video: 5146258161124252727
Processing video: 5172231547180314349
Processing video: 5391892065246550398
Processing video: 5218949624445806415
Processing video: 5366409594815891602
Processing video: 5525084584552992937
total  1173319 subs 9168
Trial 348/1000, Params: dpd_0.1_dpg_0.8_ws_40_mg_10.0_sim_5.0, F1@0.50: 51.31
Processing video: 5085344787448740525
Processing video: 5085357672350628540
Processing video: 5086465773912997411
Processing video: 5090916219025116054
Processing video: 5092765202446045704
Processing video: 5097975856769557081
Processing video: 5099449889545545450
Processing video: 5146258161124252727
Processing video: 5103182645622502287
Processing video: 5134749367588120522
Processing video: 5172231547180314349
Processing video: 5173709444596630576
Processing video: 5218949624445806415
Processing video: 5366409594815891602
Processing video: 5525084584552992937
Processing video: 5391892065246550398
total  1173319 subs 9168
Trial 349/1000, Params: dpd_5.0_dpg_5.0_ws_50_mg_2.0_sim_2.0, F1@0.50: 51.69
Processing video: 5085344787448740525
Processing video: 5085357672350628540
Processing video: 5086465773912997411
Processing video: 5090916219025116054
Processing video: 5092765202446045704
Processing video: 5097975856769557081
Processing video: 5099449889545545450
Processing video: 5103182645622502287
Processing video: 5134749367588120522Processing video: 5172231547180314349

Processing video: 5146258161124252727
Processing video: 5173709444596630576
Processing video: 5218949624445806415
Processing video: 5366409594815891602
Processing video: 5391892065246550398
Processing video: 5525084584552992937
total  1173319 subs 9168
Trial 350/1000, Params: dpd_5.0_dpg_20.0_ws_40_mg_10.0_sim_1.0, F1@0.50: 51.67
Processing video: 5085344787448740525
Processing video: 5085357672350628540
Processing video: 5086465773912997411
Processing video: 5090916219025116054
Processing video: 5092765202446045704
Processing video: 5097975856769557081
Processing video: 5099449889545545450
Processing video: 5134749367588120522
Processing video: 5146258161124252727
Processing video: 5103182645622502287
Processing video: 5172231547180314349
Processing video: 5173709444596630576
Processing video: 5366409594815891602
Processing video: 5218949624445806415
Processing video: 5391892065246550398
Processing video: 5525084584552992937
total  1173319 subs 9168
Trial 351/1000, Params: dpd_20.0_dpg_0.8_ws_50_mg_10.0_sim_10.0, F1@0.50: 46.0
Processing video: 5085344787448740525
Processing video: 5086465773912997411
Processing video: 5085357672350628540
Processing video: 5090916219025116054
Processing video: 5092765202446045704
Processing video: 5097975856769557081
Processing video: 5099449889545545450
Processing video: 5103182645622502287
Processing video: 5134749367588120522
Processing video: 5146258161124252727
Processing video: 5172231547180314349
Processing video: 5173709444596630576
Processing video: 5218949624445806415
Processing video: 5366409594815891602
Processing video: 5391892065246550398
Processing video: 5525084584552992937
total  1173319 subs 9168
Trial 352/1000, Params: dpd_100.0_dpg_100.0_ws_20_mg_8.0_sim_30.0, F1@0.50: 46.46
Processing video: 5085344787448740525Processing video: 5086465773912997411

Processing video: 5085357672350628540
Processing video: 5090916219025116054
Processing video: 5092765202446045704
Processing video: 5097975856769557081
Processing video: 5099449889545545450
Processing video: 5103182645622502287
Processing video: 5134749367588120522
Processing video: 5173709444596630576
Processing video: 5146258161124252727
Processing video: 5172231547180314349
Processing video: 5391892065246550398
Processing video: 5218949624445806415
Processing video: 5366409594815891602
Processing video: 5525084584552992937
total  1173319 subs 9168
Trial 353/1000, Params: dpd_0.1_dpg_0.5_ws_40_mg_8.0_sim_0.0, F1@0.50: 49.98
Processing video: 5085344787448740525
Processing video: 5086465773912997411
Processing video: 5085357672350628540
Processing video: 5090916219025116054
Processing video: 5092765202446045704
Processing video: 5097975856769557081
Processing video: 5099449889545545450Processing video: 5134749367588120522

Processing video: 5103182645622502287
Processing video: 5173709444596630576Processing video: 5146258161124252727

Processing video: 5172231547180314349
Processing video: 5391892065246550398
Processing video: 5218949624445806415
Processing video: 5366409594815891602
Processing video: 5525084584552992937
total  1173319 subs 9168
Trial 354/1000, Params: dpd_0.8_dpg_0.1_ws_30_mg_10.0_sim_30.0, F1@0.50: 50.65
Processing video: 5085344787448740525
Processing video: 5085357672350628540
Processing video: 5086465773912997411
Processing video: 5090916219025116054
Processing video: 5092765202446045704
Processing video: 5103182645622502287
Processing video: 5097975856769557081
Processing video: 5099449889545545450
Processing video: 5134749367588120522
Processing video: 5173709444596630576
Processing video: 5146258161124252727
Processing video: 5172231547180314349
Processing video: 5218949624445806415
Processing video: 5366409594815891602
Processing video: 5525084584552992937
Processing video: 5391892065246550398
total  1173319 subs 9168
Trial 355/1000, Params: dpd_1.0_dpg_0.5_ws_20_mg_4.0_sim_2.0, F1@0.50: 49.65
Processing video: 5085344787448740525
Processing video: 5085357672350628540
Processing video: 5086465773912997411
Processing video: 5090916219025116054
Processing video: 5092765202446045704
Processing video: 5097975856769557081
Processing video: 5103182645622502287
Processing video: 5099449889545545450
Processing video: 5134749367588120522
Processing video: 5146258161124252727
Processing video: 5173709444596630576
Processing video: 5172231547180314349
Processing video: 5218949624445806415
Processing video: 5391892065246550398
Processing video: 5366409594815891602
Processing video: 5525084584552992937
total  1173319 subs 9168
Trial 356/1000, Params: dpd_0.8_dpg_1.0_ws_40_mg_4.0_sim_50.0, F1@0.50: 45.97
Processing video: 5085344787448740525
Processing video: 5085357672350628540
Processing video: 5086465773912997411
Processing video: 5090916219025116054
Processing video: 5092765202446045704
Processing video: 5097975856769557081
Processing video: 5099449889545545450
Processing video: 5146258161124252727
Processing video: 5103182645622502287
Processing video: 5134749367588120522
Processing video: 5172231547180314349
Processing video: 5366409594815891602
Processing video: 5173709444596630576
Processing video: 5218949624445806415
Processing video: 5391892065246550398
Processing video: 5525084584552992937
total  1173319 subs 9168
Trial 357/1000, Params: dpd_0.8_dpg_5.0_ws_40_mg_4.0_sim_0.5, F1@0.50: 50.82
Processing video: 5085344787448740525
Processing video: 5085357672350628540
Processing video: 5086465773912997411
Processing video: 5090916219025116054
Processing video: 5092765202446045704
Processing video: 5103182645622502287
Processing video: 5097975856769557081
Processing video: 5099449889545545450
Processing video: 5134749367588120522
Processing video: 5146258161124252727
Processing video: 5172231547180314349
Processing video: 5173709444596630576
Processing video: 5218949624445806415
Processing video: 5366409594815891602
Processing video: 5391892065246550398
Processing video: 5525084584552992937
total  1173319 subs 9168
Trial 358/1000, Params: dpd_100.0_dpg_20.0_ws_40_mg_8.0_sim_10.0, F1@0.50: 35.14
Processing video: 5086465773912997411
Processing video: 5085344787448740525
Processing video: 5085357672350628540
Processing video: 5090916219025116054
Processing video: 5092765202446045704
Processing video: 5097975856769557081
Processing video: 5103182645622502287
Processing video: 5099449889545545450
Processing video: 5134749367588120522
Processing video: 5146258161124252727
Processing video: 5218949624445806415
Processing video: 5172231547180314349
Processing video: 5173709444596630576
Processing video: 5525084584552992937
Processing video: 5366409594815891602
Processing video: 5391892065246550398
total  1173319 subs 9168
Trial 359/1000, Params: dpd_0.0_dpg_2.0_ws_20_mg_2.0_sim_30.0, F1@0.50: 47.84
Processing video: 5085344787448740525
Processing video: 5085357672350628540
Processing video: 5086465773912997411
Processing video: 5090916219025116054
Processing video: 5092765202446045704
Processing video: 5097975856769557081
Processing video: 5099449889545545450Processing video: 5134749367588120522

Processing video: 5103182645622502287
Processing video: 5146258161124252727
Processing video: 5172231547180314349
Processing video: 5366409594815891602
Processing video: 5173709444596630576
Processing video: 5218949624445806415
Processing video: 5391892065246550398
Processing video: 5525084584552992937
total  1173319 subs 9168
Trial 360/1000, Params: dpd_20.0_dpg_2.0_ws_30_mg_6.0_sim_100.0, F1@0.50: 51.7
Processing video: 5085344787448740525
Processing video: 5085357672350628540
Processing video: 5086465773912997411
Processing video: 5090916219025116054
Processing video: 5092765202446045704
Processing video: 5097975856769557081
Processing video: 5103182645622502287
Processing video: 5099449889545545450
Processing video: 5134749367588120522
Processing video: 5146258161124252727
Processing video: 5172231547180314349
Processing video: 5173709444596630576
Processing video: 5218949624445806415
Processing video: 5366409594815891602
Processing video: 5391892065246550398
Processing video: 5525084584552992937
total  1173319 subs 9168
Trial 361/1000, Params: dpd_0.5_dpg_10.0_ws_40_mg_8.0_sim_0.5, F1@0.50: 49.79
Processing video: 5085344787448740525
Processing video: 5085357672350628540
Processing video: 5086465773912997411
Processing video: 5090916219025116054
Processing video: 5092765202446045704
Processing video: 5097975856769557081
Processing video: 5099449889545545450
Processing video: 5103182645622502287
Processing video: 5146258161124252727
Processing video: 5134749367588120522
Processing video: 5172231547180314349
Processing video: 5173709444596630576
Processing video: 5366409594815891602
Processing video: 5218949624445806415
Processing video: 5391892065246550398
Processing video: 5525084584552992937
total  1173319 subs 9168
Trial 362/1000, Params: dpd_20.0_dpg_20.0_ws_20_mg_6.0_sim_0.5, F1@0.50: 43.63
Processing video: 5085357672350628540
Processing video: 5085344787448740525
Processing video: 5086465773912997411
Processing video: 5090916219025116054
Processing video: 5092765202446045704
Processing video: 5097975856769557081
Processing video: 5134749367588120522
Processing video: 5099449889545545450
Processing video: 5103182645622502287
Processing video: 5146258161124252727
Processing video: 5172231547180314349
Processing video: 5218949624445806415
Processing video: 5173709444596630576
Processing video: 5366409594815891602
Processing video: 5391892065246550398
Processing video: 5525084584552992937
total  1173319 subs 9168
Trial 363/1000, Params: dpd_10.0_dpg_0.8_ws_30_mg_8.0_sim_30.0, F1@0.50: 51.88
Processing video: 5085344787448740525
Processing video: 5085357672350628540
Processing video: 5086465773912997411
Processing video: 5090916219025116054
Processing video: 5092765202446045704
Processing video: 5097975856769557081
Processing video: 5103182645622502287
Processing video: 5099449889545545450
Processing video: 5146258161124252727
Processing video: 5134749367588120522
Processing video: 5172231547180314349
Processing video: 5218949624445806415
Processing video: 5173709444596630576Processing video: 5391892065246550398

Processing video: 5366409594815891602
Processing video: 5525084584552992937
total  1173319 subs 9168
Trial 364/1000, Params: dpd_100.0_dpg_0.1_ws_50_mg_2.0_sim_5.0, F1@0.50: 32.4
Processing video: 5085344787448740525
Processing video: 5085357672350628540
Processing video: 5086465773912997411
Processing video: 5090916219025116054
Processing video: 5092765202446045704
Processing video: 5097975856769557081
Processing video: 5099449889545545450
Processing video: 5146258161124252727
Processing video: 5103182645622502287
Processing video: 5134749367588120522
Processing video: 5172231547180314349
Processing video: 5173709444596630576
Processing video: 5366409594815891602
Processing video: 5218949624445806415
Processing video: 5525084584552992937
Processing video: 5391892065246550398
total  1173319 subs 9168
Trial 365/1000, Params: dpd_100.0_dpg_2.0_ws_50_mg_8.0_sim_5.0, F1@0.50: 32.49
Processing video: 5085344787448740525
Processing video: 5085357672350628540
Processing video: 5086465773912997411
Processing video: 5090916219025116054
Processing video: 5092765202446045704
Processing video: 5097975856769557081
Processing video: 5134749367588120522
Processing video: 5099449889545545450
Processing video: 5103182645622502287
Processing video: 5146258161124252727
Processing video: 5173709444596630576
Processing video: 5172231547180314349
Processing video: 5366409594815891602
Processing video: 5218949624445806415
Processing video: 5391892065246550398Processing video: 5525084584552992937

total  1173319 subs 9168
Trial 366/1000, Params: dpd_10.0_dpg_0.8_ws_30_mg_4.0_sim_2.0, F1@0.50: 47.58
Processing video: 5085357672350628540
Processing video: 5085344787448740525
Processing video: 5086465773912997411
Processing video: 5090916219025116054
Processing video: 5092765202446045704
Processing video: 5097975856769557081
Processing video: 5099449889545545450
Processing video: 5103182645622502287
Processing video: 5172231547180314349
Processing video: 5134749367588120522
Processing video: 5146258161124252727
Processing video: 5173709444596630576
Processing video: 5218949624445806415
Processing video: 5391892065246550398
Processing video: 5366409594815891602
Processing video: 5525084584552992937
total  1173319 subs 9168
Trial 367/1000, Params: dpd_2.0_dpg_5.0_ws_20_mg_6.0_sim_100.0, F1@0.50: 46.56
Processing video: 5085357672350628540
Processing video: 5085344787448740525
Processing video: 5086465773912997411
Processing video: 5090916219025116054
Processing video: 5092765202446045704
Processing video: 5097975856769557081
Processing video: 5099449889545545450
Processing video: 5103182645622502287
Processing video: 5134749367588120522
Processing video: 5146258161124252727
Processing video: 5172231547180314349
Processing video: 5173709444596630576
Processing video: 5218949624445806415
Processing video: 5366409594815891602
Processing video: 5391892065246550398
Processing video: 5525084584552992937
total  1173319 subs 9168
Trial 368/1000, Params: dpd_0.0_dpg_2.0_ws_20_mg_8.0_sim_0.5, F1@0.50: 48.42
Processing video: 5085344787448740525
Processing video: 5085357672350628540
Processing video: 5086465773912997411
Processing video: 5090916219025116054
Processing video: 5092765202446045704
Processing video: 5097975856769557081
Processing video: 5103182645622502287
Processing video: 5099449889545545450
Processing video: 5134749367588120522
Processing video: 5146258161124252727
Processing video: 5173709444596630576
Processing video: 5172231547180314349
Processing video: 5391892065246550398
Processing video: 5218949624445806415
Processing video: 5366409594815891602
Processing video: 5525084584552992937
total  1173319 subs 9168
Trial 369/1000, Params: dpd_0.8_dpg_5.0_ws_20_mg_8.0_sim_0.5, F1@0.50: 48.98
Processing video: 5085344787448740525
Processing video: 5085357672350628540
Processing video: 5090916219025116054
Processing video: 5086465773912997411
Processing video: 5092765202446045704
Processing video: 5097975856769557081
Processing video: 5099449889545545450
Processing video: 5103182645622502287
Processing video: 5172231547180314349
Processing video: 5134749367588120522
Processing video: 5146258161124252727
Processing video: 5391892065246550398
Processing video: 5173709444596630576Processing video: 5525084584552992937

Processing video: 5218949624445806415
Processing video: 5366409594815891602
total  1173319 subs 9168
Trial 370/1000, Params: dpd_20.0_dpg_0.0_ws_50_mg_10.0_sim_0.5, F1@0.50: 44.03
Processing video: 5086465773912997411Processing video: 5085344787448740525

Processing video: 5085357672350628540
Processing video: 5090916219025116054
Processing video: 5092765202446045704
Processing video: 5097975856769557081
Processing video: 5099449889545545450
Processing video: 5146258161124252727
Processing video: 5103182645622502287
Processing video: 5134749367588120522
Processing video: 5172231547180314349
Processing video: 5366409594815891602
Processing video: 5173709444596630576
Processing video: 5218949624445806415
Processing video: 5525084584552992937Processing video: 5391892065246550398

total  1173319 subs 9168
Trial 371/1000, Params: dpd_1.0_dpg_0.1_ws_30_mg_2.0_sim_0.5, F1@0.50: 50.16
Processing video: 5085344787448740525
Processing video: 5085357672350628540
Processing video: 5086465773912997411
Processing video: 5090916219025116054
Processing video: 5092765202446045704
Processing video: 5097975856769557081
Processing video: 5099449889545545450
Processing video: 5103182645622502287
Processing video: 5146258161124252727
Processing video: 5134749367588120522
Processing video: 5218949624445806415
Processing video: 5172231547180314349
Processing video: 5173709444596630576
Processing video: 5366409594815891602
Processing video: 5525084584552992937
Processing video: 5391892065246550398
total  1173319 subs 9168
Trial 372/1000, Params: dpd_100.0_dpg_5.0_ws_30_mg_8.0_sim_10.0, F1@0.50: 35.64
Processing video: 5086465773912997411
Processing video: 5085344787448740525
Processing video: 5085357672350628540
Processing video: 5090916219025116054
Processing video: 5092765202446045704
Processing video: 5097975856769557081
Processing video: 5099449889545545450
Processing video: 5146258161124252727
Processing video: 5103182645622502287
Processing video: 5134749367588120522
Processing video: 5172231547180314349
Processing video: 5173709444596630576
Processing video: 5218949624445806415
Processing video: 5366409594815891602
Processing video: 5391892065246550398
Processing video: 5525084584552992937
total  1173319 subs 9168
Trial 373/1000, Params: dpd_0.1_dpg_10.0_ws_40_mg_10.0_sim_2.0, F1@0.50: 49.59
Processing video: 5085344787448740525
Processing video: 5085357672350628540
Processing video: 5086465773912997411
Processing video: 5090916219025116054
Processing video: 5092765202446045704
Processing video: 5097975856769557081
Processing video: 5099449889545545450
Processing video: 5146258161124252727
Processing video: 5103182645622502287
Processing video: 5134749367588120522
Processing video: 5172231547180314349
Processing video: 5366409594815891602
Processing video: 5173709444596630576
Processing video: 5525084584552992937
Processing video: 5218949624445806415
Processing video: 5391892065246550398
total  1173319 subs 9168
Trial 374/1000, Params: dpd_20.0_dpg_0.0_ws_40_mg_4.0_sim_20.0, F1@0.50: 47.44
Processing video: 5085357672350628540
Processing video: 5085344787448740525
Processing video: 5086465773912997411
Processing video: 5090916219025116054
Processing video: 5092765202446045704
Processing video: 5097975856769557081
Processing video: 5099449889545545450
Processing video: 5103182645622502287
Processing video: 5173709444596630576
Processing video: 5134749367588120522
Processing video: 5146258161124252727
Processing video: 5172231547180314349
Processing video: 5391892065246550398
Processing video: 5218949624445806415
Processing video: 5366409594815891602
Processing video: 5525084584552992937
total  1173319 subs 9168
Trial 375/1000, Params: dpd_2.0_dpg_10.0_ws_20_mg_8.0_sim_2.0, F1@0.50: 50.43
Processing video: 5085344787448740525
Processing video: 5085357672350628540
Processing video: 5086465773912997411
Processing video: 5090916219025116054
Processing video: 5092765202446045704
Processing video: 5097975856769557081
Processing video: 5134749367588120522Processing video: 5099449889545545450

Processing video: 5103182645622502287
Processing video: 5146258161124252727
Processing video: 5173709444596630576
Processing video: 5172231547180314349
Processing video: 5218949624445806415
Processing video: 5525084584552992937
Processing video: 5366409594815891602
Processing video: 5391892065246550398
total  1173319 subs 9168
Trial 376/1000, Params: dpd_100.0_dpg_10.0_ws_30_mg_10.0_sim_0.0, F1@0.50: 31.57
Processing video: 5085344787448740525
Processing video: 5085357672350628540
Processing video: 5086465773912997411
Processing video: 5090916219025116054
Processing video: 5092765202446045704
Processing video: 5097975856769557081
Processing video: 5099449889545545450
Processing video: 5103182645622502287
Processing video: 5134749367588120522
Processing video: 5146258161124252727
Processing video: 5173709444596630576
Processing video: 5172231547180314349
Processing video: 5218949624445806415
Processing video: 5366409594815891602
Processing video: 5391892065246550398
Processing video: 5525084584552992937
total  1173319 subs 9168
Trial 377/1000, Params: dpd_0.1_dpg_0.1_ws_30_mg_2.0_sim_2.0, F1@0.50: 50.33
Processing video: 5085344787448740525
Processing video: 5090916219025116054
Processing video: 5085357672350628540
Processing video: 5086465773912997411
Processing video: 5092765202446045704
Processing video: 5097975856769557081
Processing video: 5099449889545545450
Processing video: 5146258161124252727
Processing video: 5103182645622502287
Processing video: 5134749367588120522
Processing video: 5218949624445806415
Processing video: 5172231547180314349
Processing video: 5173709444596630576
Processing video: 5366409594815891602
Processing video: 5391892065246550398
Processing video: 5525084584552992937
total  1173319 subs 9168
Trial 378/1000, Params: dpd_20.0_dpg_5.0_ws_50_mg_2.0_sim_20.0, F1@0.50: 48.53
Processing video: 5085344787448740525
Processing video: 5085357672350628540
Processing video: 5090916219025116054
Processing video: 5086465773912997411
Processing video: 5092765202446045704
Processing video: 5097975856769557081
Processing video: 5103182645622502287
Processing video: 5099449889545545450
Processing video: 5172231547180314349
Processing video: 5134749367588120522
Processing video: 5146258161124252727
Processing video: 5173709444596630576
Processing video: 5391892065246550398
Processing video: 5525084584552992937
Processing video: 5218949624445806415
Processing video: 5366409594815891602
total  1173319 subs 9168
Trial 379/1000, Params: dpd_10.0_dpg_5.0_ws_50_mg_8.0_sim_0.0, F1@0.50: 48.9
Processing video: 5085357672350628540
Processing video: 5085344787448740525
Processing video: 5086465773912997411
Processing video: 5090916219025116054
Processing video: 5092765202446045704
Processing video: 5097975856769557081
Processing video: 5103182645622502287
Processing video: 5099449889545545450
Processing video: 5134749367588120522
Processing video: 5172231547180314349
Processing video: 5146258161124252727Processing video: 5218949624445806415

Processing video: 5173709444596630576
Processing video: 5525084584552992937
Processing video: 5366409594815891602
Processing video: 5391892065246550398
total  1173319 subs 9168
Trial 380/1000, Params: dpd_0.0_dpg_2.0_ws_50_mg_6.0_sim_20.0, F1@0.50: 50.25
Processing video: 5085344787448740525
Processing video: 5085357672350628540
Processing video: 5086465773912997411
Processing video: 5090916219025116054
Processing video: 5092765202446045704
Processing video: 5097975856769557081
Processing video: 5099449889545545450
Processing video: 5103182645622502287Processing video: 5146258161124252727

Processing video: 5134749367588120522
Processing video: 5172231547180314349
Processing video: 5173709444596630576
Processing video: 5218949624445806415
Processing video: 5525084584552992937
Processing video: 5366409594815891602
Processing video: 5391892065246550398
total  1173319 subs 9168
Trial 381/1000, Params: dpd_0.8_dpg_20.0_ws_20_mg_10.0_sim_10.0, F1@0.50: 49.43
Processing video: 5085344787448740525
Processing video: 5085357672350628540
Processing video: 5086465773912997411
Processing video: 5090916219025116054
Processing video: 5092765202446045704
Processing video: 5097975856769557081
Processing video: 5099449889545545450
Processing video: 5146258161124252727
Processing video: 5103182645622502287
Processing video: 5134749367588120522
Processing video: 5172231547180314349
Processing video: 5173709444596630576
Processing video: 5391892065246550398
Processing video: 5218949624445806415
Processing video: 5366409594815891602
Processing video: 5525084584552992937
total  1173319 subs 9168
Trial 382/1000, Params: dpd_0.5_dpg_0.8_ws_20_mg_4.0_sim_0.0, F1@0.50: 48.84
Processing video: 5086465773912997411
Processing video: 5085344787448740525
Processing video: 5085357672350628540
Processing video: 5090916219025116054
Processing video: 5092765202446045704
Processing video: 5097975856769557081
Processing video: 5103182645622502287
Processing video: 5134749367588120522
Processing video: 5099449889545545450
Processing video: 5146258161124252727
Processing video: 5172231547180314349
Processing video: 5366409594815891602
Processing video: 5173709444596630576
Processing video: 5218949624445806415
Processing video: 5391892065246550398
Processing video: 5525084584552992937
total  1173319 subs 9168
Trial 383/1000, Params: dpd_0.0_dpg_0.5_ws_40_mg_4.0_sim_10.0, F1@0.50: 52.05
Processing video: 5085344787448740525
Processing video: 5085357672350628540
Processing video: 5086465773912997411
Processing video: 5090916219025116054
Processing video: 5092765202446045704
Processing video: 5097975856769557081
Processing video: 5134749367588120522
Processing video: 5099449889545545450
Processing video: 5103182645622502287
Processing video: 5146258161124252727
Processing video: 5172231547180314349
Processing video: 5218949624445806415
Processing video: 5173709444596630576
Processing video: 5366409594815891602
Processing video: 5525084584552992937
Processing video: 5391892065246550398
total  1173319 subs 9168
Trial 384/1000, Params: dpd_20.0_dpg_0.0_ws_40_mg_8.0_sim_1.0, F1@0.50: 44.22
Processing video: 5085344787448740525
Processing video: 5085357672350628540
Processing video: 5090916219025116054
Processing video: 5086465773912997411
Processing video: 5092765202446045704
Processing video: 5097975856769557081
Processing video: 5099449889545545450
Processing video: 5146258161124252727
Processing video: 5103182645622502287
Processing video: 5134749367588120522
Processing video: 5172231547180314349
Processing video: 5366409594815891602
Processing video: 5173709444596630576
Processing video: 5525084584552992937
Processing video: 5218949624445806415
Processing video: 5391892065246550398
total  1173319 subs 9168
Trial 385/1000, Params: dpd_10.0_dpg_0.0_ws_20_mg_6.0_sim_10.0, F1@0.50: 48.78
Processing video: 5086465773912997411
Processing video: 5085344787448740525
Processing video: 5085357672350628540
Processing video: 5090916219025116054
Processing video: 5092765202446045704
Processing video: 5097975856769557081
Processing video: 5099449889545545450
Processing video: 5103182645622502287
Processing video: 5134749367588120522
Processing video: 5146258161124252727
Processing video: 5172231547180314349
Processing video: 5218949624445806415
Processing video: 5173709444596630576
Processing video: 5366409594815891602
Processing video: 5391892065246550398
Processing video: 5525084584552992937
total  1173319 subs 9168
Trial 386/1000, Params: dpd_100.0_dpg_0.5_ws_30_mg_2.0_sim_10.0, F1@0.50: 35.83
Processing video: 5085344787448740525
Processing video: 5085357672350628540
Processing video: 5086465773912997411
Processing video: 5090916219025116054
Processing video: 5092765202446045704
Processing video: 5097975856769557081
Processing video: 5134749367588120522
Processing video: 5099449889545545450
Processing video: 5103182645622502287
Processing video: 5146258161124252727
Processing video: 5172231547180314349
Processing video: 5173709444596630576
Processing video: 5218949624445806415Processing video: 5525084584552992937

Processing video: 5391892065246550398
Processing video: 5366409594815891602
total  1173319 subs 9168
Trial 387/1000, Params: dpd_0.5_dpg_100.0_ws_30_mg_4.0_sim_0.5, F1@0.50: 34.14
Processing video: 5085357672350628540
Processing video: 5085344787448740525
Processing video: 5086465773912997411
Processing video: 5090916219025116054
Processing video: 5092765202446045704
Processing video: 5097975856769557081
Processing video: 5103182645622502287
Processing video: 5099449889545545450
Processing video: 5134749367588120522
Processing video: 5146258161124252727
Processing video: 5173709444596630576
Processing video: 5172231547180314349
Processing video: 5218949624445806415
Processing video: 5525084584552992937
Processing video: 5391892065246550398
Processing video: 5366409594815891602
total  1173319 subs 9168
Trial 388/1000, Params: dpd_0.0_dpg_1.0_ws_20_mg_2.0_sim_2.0, F1@0.50: 49.34
Processing video: 5085344787448740525
Processing video: 5085357672350628540
Processing video: 5086465773912997411
Processing video: 5090916219025116054
Processing video: 5092765202446045704
Processing video: 5097975856769557081
Processing video: 5134749367588120522
Processing video: 5099449889545545450
Processing video: 5103182645622502287
Processing video: 5172231547180314349Processing video: 5146258161124252727

Processing video: 5366409594815891602
Processing video: 5173709444596630576
Processing video: 5218949624445806415
Processing video: 5391892065246550398
Processing video: 5525084584552992937
total  1173319 subs 9168
Trial 389/1000, Params: dpd_20.0_dpg_2.0_ws_50_mg_4.0_sim_1.0, F1@0.50: 44.59
Processing video: 5085344787448740525
Processing video: 5085357672350628540
Processing video: 5086465773912997411
Processing video: 5090916219025116054
Processing video: 5092765202446045704
Processing video: 5097975856769557081
Processing video: 5134749367588120522
Processing video: 5099449889545545450
Processing video: 5103182645622502287
Processing video: 5146258161124252727
Processing video: 5218949624445806415
Processing video: 5172231547180314349
Processing video: 5173709444596630576
Processing video: 5391892065246550398
Processing video: 5366409594815891602
Processing video: 5525084584552992937
total  1173319 subs 9168
Trial 390/1000, Params: dpd_0.1_dpg_0.0_ws_50_mg_4.0_sim_5.0, F1@0.50: 51.02
Processing video: 5085344787448740525
Processing video: 5085357672350628540
Processing video: 5086465773912997411
Processing video: 5090916219025116054
Processing video: 5092765202446045704
Processing video: 5097975856769557081
Processing video: 5103182645622502287
Processing video: 5099449889545545450
Processing video: 5172231547180314349
Processing video: 5134749367588120522
Processing video: 5146258161124252727
Processing video: 5173709444596630576
Processing video: 5366409594815891602
Processing video: 5218949624445806415
Processing video: 5391892065246550398
Processing video: 5525084584552992937
total  1173319 subs 9168
Trial 391/1000, Params: dpd_0.5_dpg_20.0_ws_40_mg_6.0_sim_50.0, F1@0.50: 45.8
Processing video: 5085344787448740525
Processing video: 5085357672350628540
Processing video: 5086465773912997411
Processing video: 5090916219025116054
Processing video: 5092765202446045704
Processing video: 5097975856769557081
Processing video: 5099449889545545450
Processing video: 5103182645622502287
Processing video: 5146258161124252727
Processing video: 5134749367588120522
Processing video: 5218949624445806415
Processing video: 5172231547180314349
Processing video: 5173709444596630576
Processing video: 5366409594815891602
Processing video: 5525084584552992937
Processing video: 5391892065246550398
total  1173319 subs 9168
Trial 392/1000, Params: dpd_1.0_dpg_0.0_ws_20_mg_8.0_sim_20.0, F1@0.50: 51.16
Processing video: 5085344787448740525
Processing video: 5085357672350628540
Processing video: 5086465773912997411
Processing video: 5090916219025116054
Processing video: 5092765202446045704
Processing video: 5097975856769557081
Processing video: 5099449889545545450
Processing video: 5103182645622502287
Processing video: 5134749367588120522
Processing video: 5146258161124252727
Processing video: 5172231547180314349
Processing video: 5173709444596630576
Processing video: 5218949624445806415
Processing video: 5366409594815891602
Processing video: 5391892065246550398
Processing video: 5525084584552992937
total  1173319 subs 9168
Trial 393/1000, Params: dpd_20.0_dpg_0.8_ws_50_mg_10.0_sim_30.0, F1@0.50: 48.35
Processing video: 5085344787448740525
Processing video: 5085357672350628540
Processing video: 5086465773912997411
Processing video: 5090916219025116054
Processing video: 5092765202446045704
Processing video: 5097975856769557081
Processing video: 5099449889545545450
Processing video: 5103182645622502287
Processing video: 5134749367588120522
Processing video: 5146258161124252727
Processing video: 5218949624445806415Processing video: 5172231547180314349

Processing video: 5173709444596630576
Processing video: 5366409594815891602
Processing video: 5525084584552992937
Processing video: 5391892065246550398
total  1173319 subs 9168
Trial 394/1000, Params: dpd_20.0_dpg_0.0_ws_30_mg_4.0_sim_2.0, F1@0.50: 44.2
Processing video: 5085344787448740525
Processing video: 5085357672350628540
Processing video: 5086465773912997411
Processing video: 5090916219025116054
Processing video: 5092765202446045704
Processing video: 5097975856769557081
Processing video: 5134749367588120522
Processing video: 5099449889545545450
Processing video: 5103182645622502287
Processing video: 5146258161124252727Processing video: 5173709444596630576

Processing video: 5172231547180314349
Processing video: 5218949624445806415
Processing video: 5525084584552992937
Processing video: 5366409594815891602
Processing video: 5391892065246550398
total  1173319 subs 9168
Trial 395/1000, Params: dpd_10.0_dpg_0.8_ws_30_mg_2.0_sim_100.0, F1@0.50: 51.71
Processing video: 5085344787448740525
Processing video: 5085357672350628540
Processing video: 5086465773912997411
Processing video: 5090916219025116054
Processing video: 5092765202446045704
Processing video: 5097975856769557081
Processing video: 5103182645622502287
Processing video: 5099449889545545450
Processing video: 5134749367588120522
Processing video: 5146258161124252727
Processing video: 5173709444596630576
Processing video: 5172231547180314349
Processing video: 5391892065246550398
Processing video: 5218949624445806415
Processing video: 5366409594815891602
Processing video: 5525084584552992937
total  1173319 subs 9168
Trial 396/1000, Params: dpd_100.0_dpg_20.0_ws_40_mg_10.0_sim_10.0, F1@0.50: 35.14
Processing video: 5085344787448740525
Processing video: 5085357672350628540
Processing video: 5086465773912997411
Processing video: 5090916219025116054
Processing video: 5092765202446045704
Processing video: 5097975856769557081
Processing video: 5099449889545545450
Processing video: 5134749367588120522
Processing video: 5103182645622502287
Processing video: 5173709444596630576
Processing video: 5146258161124252727
Processing video: 5172231547180314349
Processing video: 5391892065246550398
Processing video: 5218949624445806415
Processing video: 5366409594815891602
Processing video: 5525084584552992937
total  1173319 subs 9168
Trial 397/1000, Params: dpd_1.0_dpg_0.1_ws_40_mg_8.0_sim_20.0, F1@0.50: 52.95
Processing video: 5085344787448740525
Processing video: 5085357672350628540
Processing video: 5086465773912997411
Processing video: 5090916219025116054
Processing video: 5092765202446045704
Processing video: 5097975856769557081
Processing video: 5099449889545545450
Processing video: 5103182645622502287
Processing video: 5146258161124252727
Processing video: 5134749367588120522
Processing video: 5172231547180314349
Processing video: 5173709444596630576
Processing video: 5218949624445806415
Processing video: 5366409594815891602
Processing video: 5391892065246550398
Processing video: 5525084584552992937
total  1173319 subs 9168
Trial 398/1000, Params: dpd_0.0_dpg_2.0_ws_30_mg_2.0_sim_50.0, F1@0.50: 44.1
Processing video: 5085344787448740525
Processing video: 5085357672350628540
Processing video: 5086465773912997411
Processing video: 5090916219025116054
Processing video: 5092765202446045704
Processing video: 5097975856769557081
Processing video: 5134749367588120522
Processing video: 5099449889545545450
Processing video: 5103182645622502287
Processing video: 5146258161124252727
Processing video: 5172231547180314349
Processing video: 5173709444596630576
Processing video: 5391892065246550398
Processing video: 5218949624445806415
Processing video: 5366409594815891602
Processing video: 5525084584552992937
total  1173319 subs 9168
Trial 399/1000, Params: dpd_5.0_dpg_20.0_ws_50_mg_8.0_sim_20.0, F1@0.50: 55.53
New best found!
New Best F1@0.50: 55.53 with parameters: dp_duration_penalty_weight=5.0, dp_gap_penalty_weight=20.0, dp_window_size=50, dp_max_gap=8.0, similarity_weight=20.0
Processing video: 5085344787448740525
Processing video: 5085357672350628540
Processing video: 5086465773912997411
Processing video: 5090916219025116054
Processing video: 5092765202446045704
Processing video: 5097975856769557081
Processing video: 5099449889545545450Processing video: 5134749367588120522

Processing video: 5103182645622502287
Processing video: 5146258161124252727
Processing video: 5172231547180314349
Processing video: 5173709444596630576
Processing video: 5218949624445806415
Processing video: 5366409594815891602
Processing video: 5391892065246550398
Processing video: 5525084584552992937
total  1173319 subs 9168
Trial 400/1000, Params: dpd_0.0_dpg_0.1_ws_30_mg_6.0_sim_10.0, F1@0.50: 51.29
Processing video: 5085344787448740525
Processing video: 5085357672350628540
Processing video: 5086465773912997411
Processing video: 5090916219025116054
Processing video: 5092765202446045704
Processing video: 5097975856769557081
Processing video: 5103182645622502287
Processing video: 5099449889545545450
Processing video: 5134749367588120522
Processing video: 5146258161124252727
Processing video: 5172231547180314349
Processing video: 5173709444596630576
Processing video: 5366409594815891602
Processing video: 5218949624445806415
Processing video: 5391892065246550398
Processing video: 5525084584552992937
total  1173319 subs 9168
Trial 401/1000, Params: dpd_5.0_dpg_5.0_ws_20_mg_8.0_sim_30.0, F1@0.50: 52.82
Processing video: 5085344787448740525
Processing video: 5085357672350628540
Processing video: 5086465773912997411
Processing video: 5090916219025116054
Processing video: 5092765202446045704
Processing video: 5097975856769557081
Processing video: 5103182645622502287
Processing video: 5099449889545545450
Processing video: 5134749367588120522
Processing video: 5173709444596630576
Processing video: 5146258161124252727
Processing video: 5172231547180314349
Processing video: 5218949624445806415
Processing video: 5366409594815891602
Processing video: 5391892065246550398
Processing video: 5525084584552992937
total  1173319 subs 9168
Trial 402/1000, Params: dpd_20.0_dpg_100.0_ws_50_mg_10.0_sim_0.5, F1@0.50: 44.91
Processing video: 5085344787448740525
Processing video: 5085357672350628540
Processing video: 5086465773912997411
Processing video: 5090916219025116054
Processing video: 5092765202446045704
Processing video: 5097975856769557081
Processing video: 5099449889545545450
Processing video: 5103182645622502287
Processing video: 5134749367588120522
Processing video: 5146258161124252727
Processing video: 5172231547180314349
Processing video: 5218949624445806415
Processing video: 5173709444596630576
Processing video: 5366409594815891602
Processing video: 5391892065246550398
Processing video: 5525084584552992937
total  1173319 subs 9168
Trial 403/1000, Params: dpd_5.0_dpg_5.0_ws_20_mg_4.0_sim_0.0, F1@0.50: 48.25
Processing video: 5085344787448740525
Processing video: 5085357672350628540
Processing video: 5090916219025116054
Processing video: 5086465773912997411
Processing video: 5092765202446045704
Processing video: 5097975856769557081
Processing video: 5134749367588120522
Processing video: 5099449889545545450
Processing video: 5103182645622502287
Processing video: 5146258161124252727
Processing video: 5173709444596630576Processing video: 5172231547180314349

Processing video: 5218949624445806415
Processing video: 5366409594815891602
Processing video: 5391892065246550398
Processing video: 5525084584552992937
total  1173319 subs 9168
Trial 404/1000, Params: dpd_100.0_dpg_0.8_ws_50_mg_6.0_sim_30.0, F1@0.50: 35.89
Processing video: 5085357672350628540
Processing video: 5085344787448740525
Processing video: 5086465773912997411
Processing video: 5090916219025116054
Processing video: 5092765202446045704
Processing video: 5097975856769557081
Processing video: 5099449889545545450
Processing video: 5103182645622502287
Processing video: 5146258161124252727
Processing video: 5134749367588120522
Processing video: 5172231547180314349
Processing video: 5173709444596630576
Processing video: 5218949624445806415
Processing video: 5366409594815891602
Processing video: 5391892065246550398
Processing video: 5525084584552992937
total  1173319 subs 9168
Trial 405/1000, Params: dpd_0.0_dpg_0.1_ws_40_mg_4.0_sim_10.0, F1@0.50: 51.64
Processing video: 5085344787448740525
Processing video: 5085357672350628540
Processing video: 5086465773912997411
Processing video: 5090916219025116054
Processing video: 5092765202446045704
Processing video: 5097975856769557081Processing video: 5103182645622502287

Processing video: 5099449889545545450
Processing video: 5134749367588120522
Processing video: 5146258161124252727
Processing video: 5172231547180314349
Processing video: 5173709444596630576
Processing video: 5218949624445806415
Processing video: 5366409594815891602
Processing video: 5391892065246550398
Processing video: 5525084584552992937
total  1173319 subs 9168
Trial 406/1000, Params: dpd_0.8_dpg_2.0_ws_30_mg_8.0_sim_100.0, F1@0.50: 40.85
Processing video: 5085344787448740525
Processing video: 5090916219025116054
Processing video: 5085357672350628540
Processing video: 5086465773912997411
Processing video: 5092765202446045704
Processing video: 5097975856769557081
Processing video: 5103182645622502287
Processing video: 5099449889545545450
Processing video: 5172231547180314349
Processing video: 5134749367588120522
Processing video: 5146258161124252727
Processing video: 5173709444596630576
Processing video: 5391892065246550398
Processing video: 5218949624445806415
Processing video: 5366409594815891602
Processing video: 5525084584552992937
total  1173319 subs 9168
Trial 407/1000, Params: dpd_0.0_dpg_20.0_ws_20_mg_6.0_sim_100.0, F1@0.50: 43.44
Processing video: 5085344787448740525
Processing video: 5085357672350628540
Processing video: 5086465773912997411
Processing video: 5090916219025116054
Processing video: 5092765202446045704
Processing video: 5097975856769557081
Processing video: 5099449889545545450
Processing video: 5146258161124252727Processing video: 5103182645622502287

Processing video: 5134749367588120522
Processing video: 5173709444596630576
Processing video: 5172231547180314349
Processing video: 5391892065246550398
Processing video: 5218949624445806415
Processing video: 5366409594815891602
Processing video: 5525084584552992937
total  1173319 subs 9168
Trial 408/1000, Params: dpd_0.5_dpg_1.0_ws_20_mg_10.0_sim_0.5, F1@0.50: 48.84
Processing video: 5085344787448740525
Processing video: 5090916219025116054
Processing video: 5085357672350628540
Processing video: 5086465773912997411
Processing video: 5092765202446045704
Processing video: 5097975856769557081
Processing video: 5099449889545545450
Processing video: 5103182645622502287Processing video: 5146258161124252727

Processing video: 5134749367588120522
Processing video: 5172231547180314349
Processing video: 5173709444596630576
Processing video: 5218949624445806415
Processing video: 5366409594815891602
Processing video: 5391892065246550398
Processing video: 5525084584552992937
total  1173319 subs 9168
Trial 409/1000, Params: dpd_100.0_dpg_0.5_ws_50_mg_8.0_sim_50.0, F1@0.50: 36.66
Processing video: 5085344787448740525
Processing video: 5085357672350628540
Processing video: 5086465773912997411
Processing video: 5090916219025116054
Processing video: 5092765202446045704
Processing video: 5097975856769557081
Processing video: 5099449889545545450
Processing video: 5103182645622502287
Processing video: 5146258161124252727
Processing video: 5134749367588120522
Processing video: 5172231547180314349
Processing video: 5218949624445806415
Processing video: 5173709444596630576
Processing video: 5366409594815891602
Processing video: 5391892065246550398
Processing video: 5525084584552992937
total  1173319 subs 9168
Trial 410/1000, Params: dpd_0.8_dpg_0.0_ws_30_mg_6.0_sim_50.0, F1@0.50: 46.32
Processing video: 5085344787448740525
Processing video: 5085357672350628540
Processing video: 5086465773912997411
Processing video: 5090916219025116054
Processing video: 5092765202446045704
Processing video: 5097975856769557081
Processing video: 5103182645622502287
Processing video: 5099449889545545450
Processing video: 5172231547180314349
Processing video: 5134749367588120522
Processing video: 5146258161124252727
Processing video: 5173709444596630576
Processing video: 5391892065246550398
Processing video: 5218949624445806415
Processing video: 5366409594815891602
Processing video: 5525084584552992937
total  1173319 subs 9168
Trial 411/1000, Params: dpd_20.0_dpg_0.1_ws_20_mg_6.0_sim_5.0, F1@0.50: 44.93
Processing video: 5085344787448740525
Processing video: 5086465773912997411
Processing video: 5085357672350628540
Processing video: 5090916219025116054
Processing video: 5092765202446045704
Processing video: 5097975856769557081
Processing video: 5099449889545545450
Processing video: 5103182645622502287
Processing video: 5134749367588120522
Processing video: 5146258161124252727
Processing video: 5218949624445806415
Processing video: 5172231547180314349
Processing video: 5173709444596630576
Processing video: 5366409594815891602
Processing video: 5525084584552992937Processing video: 5391892065246550398

total  1173319 subs 9168
Trial 412/1000, Params: dpd_2.0_dpg_0.5_ws_40_mg_10.0_sim_2.0, F1@0.50: 51.29
Processing video: 5085344787448740525
Processing video: 5085357672350628540
Processing video: 5086465773912997411
Processing video: 5090916219025116054
Processing video: 5092765202446045704
Processing video: 5097975856769557081
Processing video: 5099449889545545450
Processing video: 5146258161124252727
Processing video: 5103182645622502287
Processing video: 5134749367588120522
Processing video: 5172231547180314349
Processing video: 5218949624445806415
Processing video: 5173709444596630576
Processing video: 5525084584552992937
Processing video: 5366409594815891602
Processing video: 5391892065246550398
total  1173319 subs 9168
Trial 413/1000, Params: dpd_0.1_dpg_0.0_ws_50_mg_6.0_sim_5.0, F1@0.50: 50.87
Processing video: 5085344787448740525
Processing video: 5086465773912997411
Processing video: 5085357672350628540
Processing video: 5090916219025116054
Processing video: 5092765202446045704
Processing video: 5097975856769557081
Processing video: 5134749367588120522
Processing video: 5099449889545545450
Processing video: 5103182645622502287
Processing video: 5146258161124252727
Processing video: 5172231547180314349
Processing video: 5218949624445806415
Processing video: 5173709444596630576
Processing video: 5525084584552992937
Processing video: 5366409594815891602
Processing video: 5391892065246550398
total  1173319 subs 9168
Trial 414/1000, Params: dpd_2.0_dpg_2.0_ws_40_mg_2.0_sim_5.0, F1@0.50: 52.62
Processing video: 5085344787448740525
Processing video: 5085357672350628540
Processing video: 5090916219025116054
Processing video: 5086465773912997411
Processing video: 5092765202446045704
Processing video: 5097975856769557081
Processing video: 5103182645622502287
Processing video: 5099449889545545450
Processing video: 5134749367588120522
Processing video: 5146258161124252727
Processing video: 5172231547180314349
Processing video: 5173709444596630576
Processing video: 5218949624445806415
Processing video: 5366409594815891602
Processing video: 5391892065246550398
Processing video: 5525084584552992937
total  1173319 subs 9168
Trial 415/1000, Params: dpd_20.0_dpg_100.0_ws_40_mg_8.0_sim_1.0, F1@0.50: 44.81
Processing video: 5085344787448740525
Processing video: 5085357672350628540
Processing video: 5086465773912997411
Processing video: 5090916219025116054
Processing video: 5092765202446045704
Processing video: 5097975856769557081
Processing video: 5134749367588120522
Processing video: 5099449889545545450
Processing video: 5103182645622502287
Processing video: 5173709444596630576
Processing video: 5146258161124252727
Processing video: 5172231547180314349
Processing video: 5391892065246550398
Processing video: 5218949624445806415
Processing video: 5366409594815891602
Processing video: 5525084584552992937
total  1173319 subs 9168
Trial 416/1000, Params: dpd_1.0_dpg_20.0_ws_40_mg_6.0_sim_5.0, F1@0.50: 50.55
Processing video: 5085357672350628540
Processing video: 5085344787448740525
Processing video: 5086465773912997411
Processing video: 5090916219025116054
Processing video: 5092765202446045704
Processing video: 5097975856769557081
Processing video: 5099449889545545450
Processing video: 5103182645622502287
Processing video: 5146258161124252727
Processing video: 5134749367588120522
Processing video: 5172231547180314349
Processing video: 5173709444596630576
Processing video: 5218949624445806415
Processing video: 5366409594815891602
Processing video: 5391892065246550398
Processing video: 5525084584552992937
total  1173319 subs 9168
Trial 417/1000, Params: dpd_0.5_dpg_5.0_ws_50_mg_6.0_sim_100.0, F1@0.50: 37.29
Processing video: 5085344787448740525
Processing video: 5086465773912997411
Processing video: 5085357672350628540
Processing video: 5090916219025116054
Processing video: 5092765202446045704
Processing video: 5097975856769557081
Processing video: 5099449889545545450
Processing video: 5146258161124252727
Processing video: 5103182645622502287
Processing video: 5134749367588120522
Processing video: 5218949624445806415
Processing video: 5172231547180314349
Processing video: 5366409594815891602
Processing video: 5173709444596630576
Processing video: 5525084584552992937
Processing video: 5391892065246550398
total  1173319 subs 9168
Trial 418/1000, Params: dpd_20.0_dpg_0.8_ws_20_mg_6.0_sim_50.0, F1@0.50: 49.55
Processing video: 5085344787448740525
Processing video: 5085357672350628540
Processing video: 5086465773912997411
Processing video: 5090916219025116054
Processing video: 5092765202446045704
Processing video: 5097975856769557081
Processing video: 5099449889545545450
Processing video: 5103182645622502287
Processing video: 5134749367588120522
Processing video: 5146258161124252727
Processing video: 5173709444596630576
Processing video: 5172231547180314349
Processing video: 5391892065246550398Processing video: 5218949624445806415

Processing video: 5525084584552992937
Processing video: 5366409594815891602
total  1173319 subs 9168
Trial 419/1000, Params: dpd_0.8_dpg_0.5_ws_40_mg_4.0_sim_10.0, F1@0.50: 52.84
Processing video: 5085344787448740525
Processing video: 5085357672350628540
Processing video: 5086465773912997411
Processing video: 5090916219025116054
Processing video: 5092765202446045704
Processing video: 5097975856769557081
Processing video: 5099449889545545450
Processing video: 5103182645622502287
Processing video: 5146258161124252727
Processing video: 5134749367588120522
Processing video: 5172231547180314349
Processing video: 5173709444596630576
Processing video: 5218949624445806415
Processing video: 5366409594815891602
Processing video: 5525084584552992937
Processing video: 5391892065246550398
total  1173319 subs 9168
Trial 420/1000, Params: dpd_0.5_dpg_20.0_ws_40_mg_10.0_sim_100.0, F1@0.50: 40.14
Processing video: 5085344787448740525
Processing video: 5085357672350628540
Processing video: 5086465773912997411
Processing video: 5090916219025116054
Processing video: 5092765202446045704
Processing video: 5097975856769557081
Processing video: 5099449889545545450
Processing video: 5103182645622502287
Processing video: 5134749367588120522
Processing video: 5173709444596630576
Processing video: 5146258161124252727
Processing video: 5172231547180314349
Processing video: 5366409594815891602
Processing video: 5218949624445806415
Processing video: 5525084584552992937
Processing video: 5391892065246550398
total  1173319 subs 9168
Trial 421/1000, Params: dpd_20.0_dpg_10.0_ws_50_mg_8.0_sim_20.0, F1@0.50: 49.42
Processing video: 5085344787448740525
Processing video: 5085357672350628540
Processing video: 5086465773912997411
Processing video: 5090916219025116054
Processing video: 5092765202446045704
Processing video: 5097975856769557081
Processing video: 5103182645622502287
Processing video: 5099449889545545450
Processing video: 5172231547180314349
Processing video: 5134749367588120522
Processing video: 5146258161124252727
Processing video: 5173709444596630576
Processing video: 5218949624445806415
Processing video: 5525084584552992937Processing video: 5366409594815891602

Processing video: 5391892065246550398
total  1173319 subs 9168
Trial 422/1000, Params: dpd_1.0_dpg_5.0_ws_20_mg_6.0_sim_20.0, F1@0.50: 51.93
Processing video: 5085344787448740525
Processing video: 5085357672350628540
Processing video: 5086465773912997411
Processing video: 5090916219025116054
Processing video: 5092765202446045704
Processing video: 5097975856769557081
Processing video: 5099449889545545450
Processing video: 5146258161124252727
Processing video: 5103182645622502287
Processing video: 5134749367588120522
Processing video: 5218949624445806415
Processing video: 5172231547180314349
Processing video: 5173709444596630576
Processing video: 5366409594815891602
Processing video: 5391892065246550398
Processing video: 5525084584552992937
total  1173319 subs 9168
Trial 423/1000, Params: dpd_0.8_dpg_100.0_ws_20_mg_6.0_sim_1.0, F1@0.50: 34.54
Processing video: 5085344787448740525
Processing video: 5090916219025116054Processing video: 5085357672350628540

Processing video: 5086465773912997411
Processing video: 5092765202446045704
Processing video: 5097975856769557081
Processing video: 5134749367588120522
Processing video: 5099449889545545450
Processing video: 5103182645622502287
Processing video: 5173709444596630576
Processing video: 5146258161124252727
Processing video: 5172231547180314349
Processing video: 5391892065246550398
Processing video: 5218949624445806415
Processing video: 5366409594815891602
Processing video: 5525084584552992937
total  1173319 subs 9168
Trial 424/1000, Params: dpd_100.0_dpg_0.0_ws_40_mg_6.0_sim_10.0, F1@0.50: 34.42
Processing video: 5085344787448740525
Processing video: 5085357672350628540
Processing video: 5086465773912997411
Processing video: 5090916219025116054
Processing video: 5092765202446045704
Processing video: 5097975856769557081
Processing video: 5134749367588120522
Processing video: 5099449889545545450
Processing video: 5103182645622502287
Processing video: 5146258161124252727
Processing video: 5172231547180314349
Processing video: 5173709444596630576
Processing video: 5218949624445806415
Processing video: 5366409594815891602
Processing video: 5391892065246550398
Processing video: 5525084584552992937
total  1173319 subs 9168
Trial 425/1000, Params: dpd_0.5_dpg_5.0_ws_40_mg_6.0_sim_2.0, F1@0.50: 50.88
Processing video: 5086465773912997411
Processing video: 5085344787448740525
Processing video: 5085357672350628540
Processing video: 5090916219025116054
Processing video: 5092765202446045704
Processing video: 5097975856769557081
Processing video: 5103182645622502287
Processing video: 5099449889545545450
Processing video: 5134749367588120522
Processing video: 5146258161124252727
Processing video: 5172231547180314349
Processing video: 5173709444596630576
Processing video: 5218949624445806415
Processing video: 5525084584552992937
Processing video: 5366409594815891602
Processing video: 5391892065246550398
total  1173319 subs 9168
Trial 426/1000, Params: dpd_20.0_dpg_2.0_ws_40_mg_10.0_sim_50.0, F1@0.50: 50.25
Processing video: 5085344787448740525
Processing video: 5085357672350628540
Processing video: 5090916219025116054
Processing video: 5086465773912997411
Processing video: 5092765202446045704
Processing video: 5097975856769557081
Processing video: 5099449889545545450
Processing video: 5103182645622502287
Processing video: 5134749367588120522
Processing video: 5146258161124252727
Processing video: 5172231547180314349
Processing video: 5173709444596630576
Processing video: 5218949624445806415
Processing video: 5366409594815891602
Processing video: 5391892065246550398
Processing video: 5525084584552992937
total  1173319 subs 9168
Trial 427/1000, Params: dpd_5.0_dpg_0.0_ws_30_mg_4.0_sim_0.5, F1@0.50: 49.35
Processing video: 5085344787448740525
Processing video: 5085357672350628540
Processing video: 5086465773912997411
Processing video: 5090916219025116054
Processing video: 5092765202446045704
Processing video: 5097975856769557081
Processing video: 5099449889545545450
Processing video: 5103182645622502287
Processing video: 5146258161124252727
Processing video: 5134749367588120522
Processing video: 5173709444596630576
Processing video: 5172231547180314349Processing video: 5366409594815891602

Processing video: 5391892065246550398
Processing video: 5218949624445806415
Processing video: 5525084584552992937
total  1173319 subs 9168
Trial 428/1000, Params: dpd_1.0_dpg_0.1_ws_30_mg_2.0_sim_30.0, F1@0.50: 51.89
Processing video: 5085357672350628540
Processing video: 5085344787448740525
Processing video: 5086465773912997411
Processing video: 5090916219025116054
Processing video: 5092765202446045704
Processing video: 5097975856769557081
Processing video: 5103182645622502287
Processing video: 5099449889545545450
Processing video: 5134749367588120522
Processing video: 5146258161124252727
Processing video: 5173709444596630576
Processing video: 5172231547180314349
Processing video: 5366409594815891602
Processing video: 5525084584552992937
Processing video: 5218949624445806415
Processing video: 5391892065246550398
total  1173319 subs 9168
Trial 429/1000, Params: dpd_1.0_dpg_0.5_ws_50_mg_8.0_sim_5.0, F1@0.50: 51.67
Processing video: 5085344787448740525
Processing video: 5085357672350628540
Processing video: 5086465773912997411
Processing video: 5090916219025116054
Processing video: 5092765202446045704
Processing video: 5103182645622502287Processing video: 5097975856769557081

Processing video: 5099449889545545450
Processing video: 5134749367588120522
Processing video: 5146258161124252727
Processing video: 5173709444596630576
Processing video: 5172231547180314349
Processing video: 5218949624445806415
Processing video: 5366409594815891602
Processing video: 5391892065246550398
Processing video: 5525084584552992937
total  1173319 subs 9168
Trial 430/1000, Params: dpd_20.0_dpg_20.0_ws_40_mg_10.0_sim_0.0, F1@0.50: 47.16
Processing video: 5085344787448740525
Processing video: 5085357672350628540
Processing video: 5086465773912997411
Processing video: 5090916219025116054
Processing video: 5092765202446045704
Processing video: 5097975856769557081
Processing video: 5103182645622502287
Processing video: 5099449889545545450
Processing video: 5134749367588120522
Processing video: 5173709444596630576
Processing video: 5146258161124252727
Processing video: 5172231547180314349
Processing video: 5218949624445806415
Processing video: 5366409594815891602
Processing video: 5391892065246550398
Processing video: 5525084584552992937
total  1173319 subs 9168
Trial 431/1000, Params: dpd_0.8_dpg_20.0_ws_50_mg_8.0_sim_10.0, F1@0.50: 50.96
Processing video: 5085357672350628540
Processing video: 5085344787448740525
Processing video: 5086465773912997411
Processing video: 5090916219025116054
Processing video: 5092765202446045704
Processing video: 5097975856769557081
Processing video: 5099449889545545450
Processing video: 5146258161124252727
Processing video: 5103182645622502287
Processing video: 5134749367588120522
Processing video: 5218949624445806415
Processing video: 5172231547180314349
Processing video: 5173709444596630576
Processing video: 5525084584552992937
Processing video: 5366409594815891602
Processing video: 5391892065246550398
total  1173319 subs 9168
Trial 432/1000, Params: dpd_100.0_dpg_0.0_ws_40_mg_6.0_sim_100.0, F1@0.50: 40.46
Processing video: 5085344787448740525
Processing video: 5085357672350628540
Processing video: 5086465773912997411
Processing video: 5090916219025116054
Processing video: 5092765202446045704
Processing video: 5097975856769557081
Processing video: 5134749367588120522
Processing video: 5099449889545545450
Processing video: 5103182645622502287
Processing video: 5173709444596630576
Processing video: 5146258161124252727
Processing video: 5172231547180314349
Processing video: 5366409594815891602
Processing video: 5391892065246550398
Processing video: 5218949624445806415
Processing video: 5525084584552992937
total  1173319 subs 9168
Trial 433/1000, Params: dpd_10.0_dpg_20.0_ws_20_mg_4.0_sim_10.0, F1@0.50: 51.59
Processing video: 5085344787448740525
Processing video: 5085357672350628540
Processing video: 5086465773912997411
Processing video: 5090916219025116054
Processing video: 5092765202446045704
Processing video: 5097975856769557081
Processing video: 5134749367588120522
Processing video: 5099449889545545450
Processing video: 5103182645622502287
Processing video: 5173709444596630576
Processing video: 5146258161124252727
Processing video: 5172231547180314349
Processing video: 5218949624445806415
Processing video: 5525084584552992937
Processing video: 5366409594815891602
Processing video: 5391892065246550398
total  1173319 subs 9168
Trial 434/1000, Params: dpd_1.0_dpg_0.0_ws_20_mg_6.0_sim_10.0, F1@0.50: 50.37
Processing video: 5085344787448740525
Processing video: 5090916219025116054Processing video: 5085357672350628540

Processing video: 5086465773912997411
Processing video: 5092765202446045704
Processing video: 5097975856769557081
Processing video: 5099449889545545450
Processing video: 5103182645622502287
Processing video: 5134749367588120522
Processing video: 5173709444596630576
Processing video: 5146258161124252727
Processing video: 5172231547180314349
Processing video: 5218949624445806415
Processing video: 5525084584552992937
Processing video: 5366409594815891602
Processing video: 5391892065246550398
total  1173319 subs 9168
Trial 435/1000, Params: dpd_5.0_dpg_100.0_ws_50_mg_10.0_sim_0.5, F1@0.50: 42.21
Processing video: 5085344787448740525
Processing video: 5085357672350628540
Processing video: 5086465773912997411
Processing video: 5090916219025116054
Processing video: 5092765202446045704
Processing video: 5097975856769557081
Processing video: 5099449889545545450
Processing video: 5103182645622502287
Processing video: 5146258161124252727
Processing video: 5134749367588120522
Processing video: 5172231547180314349
Processing video: 5173709444596630576
Processing video: 5218949624445806415
Processing video: 5366409594815891602
Processing video: 5525084584552992937
Processing video: 5391892065246550398
total  1173319 subs 9168
Trial 436/1000, Params: dpd_2.0_dpg_100.0_ws_50_mg_2.0_sim_20.0, F1@0.50: 42.05
Processing video: 5085357672350628540
Processing video: 5085344787448740525
Processing video: 5086465773912997411
Processing video: 5090916219025116054
Processing video: 5092765202446045704
Processing video: 5097975856769557081
Processing video: 5099449889545545450
Processing video: 5146258161124252727
Processing video: 5103182645622502287
Processing video: 5134749367588120522
Processing video: 5172231547180314349
Processing video: 5173709444596630576
Processing video: 5218949624445806415
Processing video: 5525084584552992937
Processing video: 5366409594815891602
Processing video: 5391892065246550398
total  1173319 subs 9168
Trial 437/1000, Params: dpd_1.0_dpg_0.5_ws_50_mg_2.0_sim_1.0, F1@0.50: 50.76
Processing video: 5085344787448740525
Processing video: 5085357672350628540
Processing video: 5086465773912997411
Processing video: 5090916219025116054
Processing video: 5092765202446045704
Processing video: 5097975856769557081
Processing video: 5099449889545545450
Processing video: 5103182645622502287
Processing video: 5146258161124252727
Processing video: 5134749367588120522
Processing video: 5172231547180314349
Processing video: 5366409594815891602
Processing video: 5173709444596630576
Processing video: 5218949624445806415
Processing video: 5391892065246550398
Processing video: 5525084584552992937
total  1173319 subs 9168
Trial 438/1000, Params: dpd_0.1_dpg_20.0_ws_30_mg_4.0_sim_0.0, F1@0.50: 44.28
Processing video: 5085344787448740525
Processing video: 5086465773912997411
Processing video: 5085357672350628540
Processing video: 5090916219025116054
Processing video: 5092765202446045704
Processing video: 5097975856769557081
Processing video: 5103182645622502287
Processing video: 5099449889545545450
Processing video: 5134749367588120522
Processing video: 5173709444596630576
Processing video: 5146258161124252727
Processing video: 5172231547180314349
Processing video: 5218949624445806415
Processing video: 5525084584552992937
Processing video: 5366409594815891602
Processing video: 5391892065246550398
total  1173319 subs 9168
Trial 439/1000, Params: dpd_1.0_dpg_0.5_ws_30_mg_10.0_sim_20.0, F1@0.50: 53.11
Processing video: 5085344787448740525
Processing video: 5085357672350628540
Processing video: 5086465773912997411
Processing video: 5090916219025116054
Processing video: 5092765202446045704
Processing video: 5097975856769557081
Processing video: 5099449889545545450
Processing video: 5103182645622502287
Processing video: 5146258161124252727
Processing video: 5134749367588120522
Processing video: 5172231547180314349
Processing video: 5366409594815891602
Processing video: 5173709444596630576
Processing video: 5218949624445806415
Processing video: 5391892065246550398
Processing video: 5525084584552992937
total  1173319 subs 9168
Trial 440/1000, Params: dpd_20.0_dpg_20.0_ws_30_mg_8.0_sim_10.0, F1@0.50: 50.11
Processing video: 5085344787448740525
Processing video: 5085357672350628540
Processing video: 5086465773912997411
Processing video: 5090916219025116054
Processing video: 5092765202446045704
Processing video: 5097975856769557081
Processing video: 5099449889545545450
Processing video: 5146258161124252727
Processing video: 5103182645622502287
Processing video: 5134749367588120522
Processing video: 5172231547180314349
Processing video: 5366409594815891602
Processing video: 5173709444596630576
Processing video: 5218949624445806415
Processing video: 5525084584552992937
Processing video: 5391892065246550398
total  1173319 subs 9168
Trial 441/1000, Params: dpd_0.0_dpg_0.1_ws_40_mg_4.0_sim_5.0, F1@0.50: 51.0
Processing video: 5085344787448740525
Processing video: 5085357672350628540Processing video: 5090916219025116054

Processing video: 5086465773912997411
Processing video: 5092765202446045704
Processing video: 5097975856769557081
Processing video: 5134749367588120522
Processing video: 5099449889545545450
Processing video: 5103182645622502287
Processing video: 5146258161124252727
Processing video: 5172231547180314349
Processing video: 5173709444596630576
Processing video: 5366409594815891602
Processing video: 5218949624445806415
Processing video: 5391892065246550398
Processing video: 5525084584552992937
total  1173319 subs 9168
Trial 442/1000, Params: dpd_0.8_dpg_1.0_ws_30_mg_10.0_sim_10.0, F1@0.50: 52.84
Processing video: 5085344787448740525
Processing video: 5086465773912997411
Processing video: 5085357672350628540
Processing video: 5090916219025116054
Processing video: 5092765202446045704
Processing video: 5097975856769557081
Processing video: 5099449889545545450
Processing video: 5103182645622502287
Processing video: 5134749367588120522
Processing video: 5146258161124252727
Processing video: 5172231547180314349
Processing video: 5173709444596630576
Processing video: 5218949624445806415
Processing video: 5366409594815891602
Processing video: 5391892065246550398
Processing video: 5525084584552992937
total  1173319 subs 9168
Trial 443/1000, Params: dpd_0.5_dpg_10.0_ws_30_mg_6.0_sim_1.0, F1@0.50: 49.86
Processing video: 5085344787448740525
Processing video: 5085357672350628540
Processing video: 5086465773912997411
Processing video: 5090916219025116054
Processing video: 5092765202446045704
Processing video: 5097975856769557081
Processing video: 5099449889545545450
Processing video: 5103182645622502287
Processing video: 5146258161124252727
Processing video: 5134749367588120522
Processing video: 5172231547180314349
Processing video: 5173709444596630576
Processing video: 5218949624445806415
Processing video: 5366409594815891602
Processing video: 5391892065246550398
Processing video: 5525084584552992937
total  1173319 subs 9168
Trial 444/1000, Params: dpd_2.0_dpg_0.8_ws_40_mg_2.0_sim_5.0, F1@0.50: 52.22
Processing video: 5085344787448740525
Processing video: 5085357672350628540
Processing video: 5086465773912997411
Processing video: 5090916219025116054
Processing video: 5092765202446045704
Processing video: 5097975856769557081
Processing video: 5103182645622502287
Processing video: 5099449889545545450
Processing video: 5172231547180314349
Processing video: 5134749367588120522
Processing video: 5146258161124252727
Processing video: 5173709444596630576
Processing video: 5391892065246550398
Processing video: 5218949624445806415
Processing video: 5366409594815891602
Processing video: 5525084584552992937
total  1173319 subs 9168
Trial 445/1000, Params: dpd_100.0_dpg_0.1_ws_40_mg_8.0_sim_50.0, F1@0.50: 38.5
Processing video: 5085344787448740525
Processing video: 5090916219025116054Processing video: 5085357672350628540

Processing video: 5086465773912997411
Processing video: 5092765202446045704
Processing video: 5097975856769557081
Processing video: 5134749367588120522
Processing video: 5099449889545545450
Processing video: 5103182645622502287
Processing video: 5146258161124252727
Processing video: 5218949624445806415
Processing video: 5172231547180314349
Processing video: 5173709444596630576
Processing video: 5391892065246550398
Processing video: 5366409594815891602
Processing video: 5525084584552992937
total  1173319 subs 9168
Trial 446/1000, Params: dpd_0.8_dpg_0.1_ws_50_mg_8.0_sim_0.0, F1@0.50: 49.87
Processing video: 5085344787448740525
Processing video: 5085357672350628540
Processing video: 5086465773912997411
Processing video: 5090916219025116054
Processing video: 5092765202446045704
Processing video: 5097975856769557081
Processing video: 5103182645622502287
Processing video: 5099449889545545450
Processing video: 5134749367588120522
Processing video: 5146258161124252727
Processing video: 5172231547180314349
Processing video: 5173709444596630576
Processing video: 5218949624445806415
Processing video: 5366409594815891602
Processing video: 5391892065246550398
Processing video: 5525084584552992937
total  1173319 subs 9168
Trial 447/1000, Params: dpd_0.5_dpg_0.5_ws_40_mg_6.0_sim_10.0, F1@0.50: 52.81
Processing video: 5085344787448740525
Processing video: 5085357672350628540
Processing video: 5086465773912997411
Processing video: 5090916219025116054
Processing video: 5092765202446045704
Processing video: 5097975856769557081
Processing video: 5103182645622502287
Processing video: 5099449889545545450
Processing video: 5134749367588120522
Processing video: 5146258161124252727
Processing video: 5172231547180314349
Processing video: 5173709444596630576
Processing video: 5218949624445806415
Processing video: 5366409594815891602
Processing video: 5391892065246550398
Processing video: 5525084584552992937
total  1173319 subs 9168
Trial 448/1000, Params: dpd_0.8_dpg_1.0_ws_20_mg_10.0_sim_20.0, F1@0.50: 51.33
Processing video: 5085344787448740525
Processing video: 5090916219025116054
Processing video: 5085357672350628540
Processing video: 5086465773912997411
Processing video: 5092765202446045704
Processing video: 5097975856769557081
Processing video: 5103182645622502287
Processing video: 5099449889545545450
Processing video: 5134749367588120522
Processing video: 5173709444596630576
Processing video: 5146258161124252727
Processing video: 5172231547180314349
Processing video: 5218949624445806415
Processing video: 5366409594815891602
Processing video: 5391892065246550398
Processing video: 5525084584552992937
total  1173319 subs 9168
Trial 449/1000, Params: dpd_100.0_dpg_10.0_ws_50_mg_2.0_sim_2.0, F1@0.50: 32.33
Processing video: 5085344787448740525
Processing video: 5085357672350628540
Processing video: 5086465773912997411
Processing video: 5090916219025116054
Processing video: 5092765202446045704
Processing video: 5097975856769557081
Processing video: 5134749367588120522
Processing video: 5099449889545545450
Processing video: 5103182645622502287
Processing video: 5146258161124252727
Processing video: 5172231547180314349
Processing video: 5366409594815891602
Processing video: 5173709444596630576
Processing video: 5218949624445806415
Processing video: 5391892065246550398
Processing video: 5525084584552992937
total  1173319 subs 9168
Trial 450/1000, Params: dpd_10.0_dpg_100.0_ws_30_mg_8.0_sim_5.0, F1@0.50: 45.95
Processing video: 5085344787448740525
Processing video: 5085357672350628540
Processing video: 5086465773912997411
Processing video: 5090916219025116054
Processing video: 5092765202446045704
Processing video: 5103182645622502287
Processing video: 5097975856769557081
Processing video: 5099449889545545450
Processing video: 5134749367588120522
Processing video: 5146258161124252727
Processing video: 5172231547180314349
Processing video: 5173709444596630576
Processing video: 5218949624445806415
Processing video: 5366409594815891602
Processing video: 5391892065246550398
Processing video: 5525084584552992937
total  1173319 subs 9168
Trial 451/1000, Params: dpd_100.0_dpg_2.0_ws_30_mg_4.0_sim_2.0, F1@0.50: 32.56
Processing video: 5085344787448740525
Processing video: 5085357672350628540
Processing video: 5086465773912997411
Processing video: 5090916219025116054
Processing video: 5092765202446045704
Processing video: 5097975856769557081
Processing video: 5103182645622502287
Processing video: 5099449889545545450
Processing video: 5134749367588120522
Processing video: 5146258161124252727
Processing video: 5172231547180314349
Processing video: 5173709444596630576
Processing video: 5218949624445806415
Processing video: 5366409594815891602
Processing video: 5525084584552992937Processing video: 5391892065246550398

total  1173319 subs 9168
Trial 452/1000, Params: dpd_20.0_dpg_0.5_ws_20_mg_10.0_sim_30.0, F1@0.50: 48.16
Processing video: 5085344787448740525
Processing video: 5085357672350628540
Processing video: 5086465773912997411
Processing video: 5090916219025116054
Processing video: 5092765202446045704
Processing video: 5097975856769557081
Processing video: 5099449889545545450
Processing video: 5103182645622502287
Processing video: 5172231547180314349
Processing video: 5134749367588120522
Processing video: 5146258161124252727
Processing video: 5173709444596630576
Processing video: 5218949624445806415
Processing video: 5366409594815891602
Processing video: 5391892065246550398
Processing video: 5525084584552992937
total  1173319 subs 9168
Trial 453/1000, Params: dpd_0.5_dpg_0.0_ws_30_mg_4.0_sim_1.0, F1@0.50: 50.11
Processing video: 5085344787448740525
Processing video: 5085357672350628540
Processing video: 5086465773912997411
Processing video: 5090916219025116054
Processing video: 5092765202446045704
Processing video: 5097975856769557081
Processing video: 5103182645622502287
Processing video: 5099449889545545450
Processing video: 5146258161124252727
Processing video: 5134749367588120522
Processing video: 5172231547180314349
Processing video: 5173709444596630576
Processing video: 5218949624445806415
Processing video: 5366409594815891602
Processing video: 5391892065246550398
Processing video: 5525084584552992937
total  1173319 subs 9168
Trial 454/1000, Params: dpd_10.0_dpg_2.0_ws_50_mg_2.0_sim_10.0, F1@0.50: 50.59
Processing video: 5085344787448740525
Processing video: 5085357672350628540
Processing video: 5086465773912997411
Processing video: 5090916219025116054
Processing video: 5092765202446045704
Processing video: 5097975856769557081
Processing video: 5103182645622502287
Processing video: 5099449889545545450
Processing video: 5134749367588120522
Processing video: 5146258161124252727
Processing video: 5172231547180314349
Processing video: 5173709444596630576
Processing video: 5218949624445806415
Processing video: 5366409594815891602
Processing video: 5391892065246550398
Processing video: 5525084584552992937
total  1173319 subs 9168
Trial 455/1000, Params: dpd_0.0_dpg_1.0_ws_50_mg_2.0_sim_10.0, F1@0.50: 52.42
Processing video: 5085344787448740525
Processing video: 5085357672350628540
Processing video: 5086465773912997411
Processing video: 5090916219025116054
Processing video: 5092765202446045704
Processing video: 5097975856769557081
Processing video: 5103182645622502287
Processing video: 5099449889545545450
Processing video: 5134749367588120522
Processing video: 5146258161124252727
Processing video: 5218949624445806415
Processing video: 5366409594815891602
Processing video: 5172231547180314349
Processing video: 5173709444596630576
Processing video: 5525084584552992937
Processing video: 5391892065246550398
total  1173319 subs 9168
Trial 456/1000, Params: dpd_5.0_dpg_0.1_ws_50_mg_2.0_sim_20.0, F1@0.50: 53.44
Processing video: 5085344787448740525
Processing video: 5085357672350628540
Processing video: 5086465773912997411
Processing video: 5090916219025116054
Processing video: 5092765202446045704
Processing video: 5097975856769557081
Processing video: 5134749367588120522
Processing video: 5099449889545545450
Processing video: 5103182645622502287
Processing video: 5146258161124252727
Processing video: 5172231547180314349
Processing video: 5173709444596630576
Processing video: 5218949624445806415
Processing video: 5366409594815891602
Processing video: 5391892065246550398
Processing video: 5525084584552992937
total  1173319 subs 9168
Trial 457/1000, Params: dpd_0.5_dpg_0.1_ws_30_mg_4.0_sim_2.0, F1@0.50: 50.42
Processing video: 5085344787448740525
Processing video: 5085357672350628540
Processing video: 5086465773912997411
Processing video: 5090916219025116054
Processing video: 5092765202446045704
Processing video: 5097975856769557081
Processing video: 5103182645622502287
Processing video: 5099449889545545450
Processing video: 5134749367588120522
Processing video: 5146258161124252727
Processing video: 5172231547180314349
Processing video: 5218949624445806415
Processing video: 5173709444596630576
Processing video: 5525084584552992937
Processing video: 5366409594815891602
Processing video: 5391892065246550398
total  1173319 subs 9168
Trial 458/1000, Params: dpd_0.1_dpg_10.0_ws_50_mg_10.0_sim_50.0, F1@0.50: 43.24
Processing video: 5085344787448740525
Processing video: 5085357672350628540
Processing video: 5086465773912997411
Processing video: 5090916219025116054
Processing video: 5092765202446045704
Processing video: 5097975856769557081
Processing video: 5103182645622502287
Processing video: 5099449889545545450
Processing video: 5134749367588120522
Processing video: 5146258161124252727
Processing video: 5172231547180314349
Processing video: 5173709444596630576
Processing video: 5218949624445806415
Processing video: 5366409594815891602
Processing video: 5391892065246550398
Processing video: 5525084584552992937
total  1173319 subs 9168
Trial 459/1000, Params: dpd_2.0_dpg_0.1_ws_20_mg_10.0_sim_30.0, F1@0.50: 51.04
Processing video: 5085344787448740525
Processing video: 5085357672350628540
Processing video: 5086465773912997411
Processing video: 5090916219025116054
Processing video: 5092765202446045704
Processing video: 5097975856769557081
Processing video: 5099449889545545450
Processing video: 5103182645622502287
Processing video: 5134749367588120522
Processing video: 5146258161124252727
Processing video: 5172231547180314349
Processing video: 5173709444596630576
Processing video: 5218949624445806415
Processing video: 5366409594815891602
Processing video: 5391892065246550398
Processing video: 5525084584552992937
total  1173319 subs 9168
Trial 460/1000, Params: dpd_1.0_dpg_0.5_ws_30_mg_2.0_sim_2.0, F1@0.50: 50.84
Processing video: 5085344787448740525
Processing video: 5085357672350628540
Processing video: 5086465773912997411
Processing video: 5090916219025116054
Processing video: 5092765202446045704
Processing video: 5097975856769557081
Processing video: 5099449889545545450
Processing video: 5103182645622502287
Processing video: 5134749367588120522
Processing video: 5146258161124252727
Processing video: 5172231547180314349
Processing video: 5173709444596630576
Processing video: 5218949624445806415
Processing video: 5366409594815891602
Processing video: 5391892065246550398Processing video: 5525084584552992937

total  1173319 subs 9168
Trial 461/1000, Params: dpd_10.0_dpg_1.0_ws_40_mg_4.0_sim_30.0, F1@0.50: 52.59
Processing video: 5085344787448740525
Processing video: 5085357672350628540
Processing video: 5086465773912997411
Processing video: 5090916219025116054
Processing video: 5092765202446045704
Processing video: 5097975856769557081Processing video: 5103182645622502287

Processing video: 5099449889545545450
Processing video: 5134749367588120522
Processing video: 5146258161124252727
Processing video: 5172231547180314349
Processing video: 5173709444596630576
Processing video: 5218949624445806415
Processing video: 5366409594815891602
Processing video: 5391892065246550398
Processing video: 5525084584552992937
total  1173319 subs 9168
Trial 462/1000, Params: dpd_20.0_dpg_100.0_ws_50_mg_10.0_sim_1.0, F1@0.50: 45.1
Processing video: 5085344787448740525
Processing video: 5085357672350628540
Processing video: 5086465773912997411
Processing video: 5090916219025116054
Processing video: 5092765202446045704
Processing video: 5097975856769557081
Processing video: 5099449889545545450
Processing video: 5103182645622502287
Processing video: 5172231547180314349
Processing video: 5134749367588120522
Processing video: 5146258161124252727
Processing video: 5366409594815891602
Processing video: 5173709444596630576
Processing video: 5218949624445806415
Processing video: 5391892065246550398
Processing video: 5525084584552992937
total  1173319 subs 9168
Trial 463/1000, Params: dpd_1.0_dpg_100.0_ws_50_mg_8.0_sim_1.0, F1@0.50: 35.62
Processing video: 5085344787448740525
Processing video: 5085357672350628540
Processing video: 5086465773912997411
Processing video: 5090916219025116054
Processing video: 5092765202446045704
Processing video: 5097975856769557081
Processing video: 5099449889545545450
Processing video: 5103182645622502287
Processing video: 5134749367588120522
Processing video: 5173709444596630576
Processing video: 5146258161124252727
Processing video: 5172231547180314349
Processing video: 5391892065246550398
Processing video: 5218949624445806415
Processing video: 5366409594815891602Processing video: 5525084584552992937

total  1173319 subs 9168
Trial 464/1000, Params: dpd_100.0_dpg_0.8_ws_40_mg_4.0_sim_10.0, F1@0.50: 34.76
Processing video: 5085344787448740525
Processing video: 5085357672350628540
Processing video: 5086465773912997411
Processing video: 5090916219025116054
Processing video: 5092765202446045704
Processing video: 5097975856769557081
Processing video: 5103182645622502287
Processing video: 5099449889545545450
Processing video: 5134749367588120522
Processing video: 5146258161124252727
Processing video: 5173709444596630576
Processing video: 5172231547180314349
Processing video: 5218949624445806415
Processing video: 5525084584552992937
Processing video: 5366409594815891602
Processing video: 5391892065246550398
total  1173319 subs 9168
Trial 465/1000, Params: dpd_5.0_dpg_0.5_ws_50_mg_6.0_sim_10.0, F1@0.50: 52.54
Processing video: 5085344787448740525
Processing video: 5085357672350628540
Processing video: 5086465773912997411
Processing video: 5090916219025116054
Processing video: 5092765202446045704
Processing video: 5097975856769557081
Processing video: 5134749367588120522
Processing video: 5099449889545545450
Processing video: 5103182645622502287
Processing video: 5173709444596630576
Processing video: 5146258161124252727
Processing video: 5172231547180314349
Processing video: 5218949624445806415
Processing video: 5391892065246550398
Processing video: 5366409594815891602
Processing video: 5525084584552992937
total  1173319 subs 9168
Trial 466/1000, Params: dpd_10.0_dpg_20.0_ws_30_mg_2.0_sim_1.0, F1@0.50: 49.93
Processing video: 5085344787448740525
Processing video: 5085357672350628540
Processing video: 5086465773912997411
Processing video: 5090916219025116054
Processing video: 5092765202446045704
Processing video: 5097975856769557081
Processing video: 5103182645622502287
Processing video: 5099449889545545450
Processing video: 5134749367588120522
Processing video: 5146258161124252727
Processing video: 5173709444596630576
Processing video: 5172231547180314349
Processing video: 5391892065246550398
Processing video: 5218949624445806415
Processing video: 5366409594815891602
Processing video: 5525084584552992937
total  1173319 subs 9168
Trial 467/1000, Params: dpd_2.0_dpg_0.8_ws_30_mg_8.0_sim_1.0, F1@0.50: 50.88
Processing video: 5085344787448740525
Processing video: 5085357672350628540
Processing video: 5086465773912997411
Processing video: 5090916219025116054
Processing video: 5092765202446045704
Processing video: 5097975856769557081
Processing video: 5099449889545545450
Processing video: 5134749367588120522
Processing video: 5103182645622502287
Processing video: 5146258161124252727
Processing video: 5218949624445806415
Processing video: 5172231547180314349
Processing video: 5173709444596630576
Processing video: 5366409594815891602
Processing video: 5525084584552992937
Processing video: 5391892065246550398
total  1173319 subs 9168
Trial 468/1000, Params: dpd_1.0_dpg_0.5_ws_40_mg_2.0_sim_5.0, F1@0.50: 51.52
Processing video: 5085344787448740525
Processing video: 5085357672350628540
Processing video: 5086465773912997411
Processing video: 5090916219025116054
Processing video: 5092765202446045704
Processing video: 5097975856769557081
Processing video: 5134749367588120522
Processing video: 5099449889545545450
Processing video: 5103182645622502287
Processing video: 5146258161124252727
Processing video: 5172231547180314349
Processing video: 5218949624445806415
Processing video: 5173709444596630576
Processing video: 5366409594815891602
Processing video: 5391892065246550398
Processing video: 5525084584552992937
total  1173319 subs 9168
Trial 469/1000, Params: dpd_20.0_dpg_5.0_ws_40_mg_6.0_sim_50.0, F1@0.50: 50.66
Processing video: 5085344787448740525
Processing video: 5085357672350628540
Processing video: 5086465773912997411
Processing video: 5090916219025116054
Processing video: 5092765202446045704
Processing video: 5097975856769557081
Processing video: 5134749367588120522
Processing video: 5099449889545545450
Processing video: 5103182645622502287
Processing video: 5146258161124252727
Processing video: 5172231547180314349Processing video: 5218949624445806415

Processing video: 5173709444596630576
Processing video: 5366409594815891602
Processing video: 5391892065246550398
Processing video: 5525084584552992937
total  1173319 subs 9168
Trial 470/1000, Params: dpd_2.0_dpg_10.0_ws_40_mg_8.0_sim_100.0, F1@0.50: 44.35
Processing video: 5085344787448740525
Processing video: 5085357672350628540
Processing video: 5090916219025116054
Processing video: 5086465773912997411
Processing video: 5092765202446045704
Processing video: 5097975856769557081
Processing video: 5134749367588120522
Processing video: 5099449889545545450
Processing video: 5103182645622502287
Processing video: 5146258161124252727
Processing video: 5172231547180314349
Processing video: 5173709444596630576
Processing video: 5366409594815891602
Processing video: 5391892065246550398
Processing video: 5218949624445806415
Processing video: 5525084584552992937
total  1173319 subs 9168
Trial 471/1000, Params: dpd_1.0_dpg_1.0_ws_50_mg_2.0_sim_1.0, F1@0.50: 51.01
Processing video: 5086465773912997411Processing video: 5085344787448740525

Processing video: 5085357672350628540
Processing video: 5090916219025116054
Processing video: 5092765202446045704
Processing video: 5097975856769557081
Processing video: 5134749367588120522
Processing video: 5099449889545545450
Processing video: 5103182645622502287
Processing video: 5146258161124252727
Processing video: 5172231547180314349
Processing video: 5366409594815891602
Processing video: 5173709444596630576
Processing video: 5218949624445806415
Processing video: 5391892065246550398
Processing video: 5525084584552992937
total  1173319 subs 9168
Trial 472/1000, Params: dpd_0.8_dpg_20.0_ws_30_mg_4.0_sim_0.5, F1@0.50: 48.13
Processing video: 5085344787448740525
Processing video: 5085357672350628540
Processing video: 5086465773912997411
Processing video: 5090916219025116054
Processing video: 5092765202446045704
Processing video: 5097975856769557081
Processing video: 5103182645622502287
Processing video: 5099449889545545450
Processing video: 5134749367588120522
Processing video: 5172231547180314349
Processing video: 5173709444596630576
Processing video: 5146258161124252727
Processing video: 5218949624445806415
Processing video: 5525084584552992937
Processing video: 5366409594815891602
Processing video: 5391892065246550398
total  1173319 subs 9168
Trial 473/1000, Params: dpd_10.0_dpg_10.0_ws_40_mg_6.0_sim_0.0, F1@0.50: 49.76
Processing video: 5085344787448740525
Processing video: 5086465773912997411
Processing video: 5085357672350628540
Processing video: 5090916219025116054
Processing video: 5092765202446045704
Processing video: 5097975856769557081
Processing video: 5099449889545545450
Processing video: 5103182645622502287
Processing video: 5146258161124252727
Processing video: 5134749367588120522
Processing video: 5172231547180314349
Processing video: 5173709444596630576
Processing video: 5391892065246550398
Processing video: 5218949624445806415
Processing video: 5366409594815891602
Processing video: 5525084584552992937
total  1173319 subs 9168
Trial 474/1000, Params: dpd_0.1_dpg_5.0_ws_20_mg_4.0_sim_1.0, F1@0.50: 48.7
Processing video: 5085344787448740525
Processing video: 5090916219025116054
Processing video: 5085357672350628540
Processing video: 5086465773912997411
Processing video: 5092765202446045704
Processing video: 5097975856769557081
Processing video: 5134749367588120522
Processing video: 5099449889545545450
Processing video: 5103182645622502287
Processing video: 5173709444596630576
Processing video: 5146258161124252727
Processing video: 5172231547180314349
Processing video: 5525084584552992937
Processing video: 5218949624445806415
Processing video: 5366409594815891602
Processing video: 5391892065246550398
total  1173319 subs 9168
Trial 475/1000, Params: dpd_10.0_dpg_10.0_ws_20_mg_6.0_sim_20.0, F1@0.50: 51.92
Processing video: 5085344787448740525
Processing video: 5085357672350628540
Processing video: 5086465773912997411
Processing video: 5090916219025116054
Processing video: 5092765202446045704
Processing video: 5097975856769557081
Processing video: 5103182645622502287
Processing video: 5099449889545545450
Processing video: 5134749367588120522
Processing video: 5173709444596630576
Processing video: 5146258161124252727
Processing video: 5172231547180314349
Processing video: 5391892065246550398
Processing video: 5218949624445806415
Processing video: 5366409594815891602
Processing video: 5525084584552992937
total  1173319 subs 9168
Trial 476/1000, Params: dpd_100.0_dpg_0.5_ws_20_mg_2.0_sim_10.0, F1@0.50: 38.16
Processing video: 5085344787448740525
Processing video: 5085357672350628540
Processing video: 5086465773912997411
Processing video: 5090916219025116054
Processing video: 5092765202446045704
Processing video: 5097975856769557081
Processing video: 5103182645622502287
Processing video: 5099449889545545450
Processing video: 5134749367588120522
Processing video: 5146258161124252727
Processing video: 5173709444596630576
Processing video: 5172231547180314349
Processing video: 5391892065246550398
Processing video: 5218949624445806415
Processing video: 5366409594815891602
Processing video: 5525084584552992937
total  1173319 subs 9168
Trial 477/1000, Params: dpd_0.0_dpg_0.1_ws_50_mg_8.0_sim_100.0, F1@0.50: 31.48
Processing video: 5085344787448740525
Processing video: 5085357672350628540
Processing video: 5086465773912997411
Processing video: 5090916219025116054
Processing video: 5092765202446045704
Processing video: 5097975856769557081
Processing video: 5099449889545545450
Processing video: 5103182645622502287
Processing video: 5134749367588120522
Processing video: 5146258161124252727
Processing video: 5172231547180314349
Processing video: 5173709444596630576
Processing video: 5218949624445806415
Processing video: 5366409594815891602
Processing video: 5391892065246550398
Processing video: 5525084584552992937
total  1173319 subs 9168
Trial 478/1000, Params: dpd_2.0_dpg_20.0_ws_40_mg_6.0_sim_20.0, F1@0.50: 53.87
Processing video: 5085357672350628540
Processing video: 5085344787448740525
Processing video: 5086465773912997411
Processing video: 5090916219025116054
Processing video: 5092765202446045704
Processing video: 5097975856769557081
Processing video: 5134749367588120522
Processing video: 5099449889545545450
Processing video: 5103182645622502287
Processing video: 5173709444596630576
Processing video: 5146258161124252727
Processing video: 5172231547180314349
Processing video: 5391892065246550398
Processing video: 5218949624445806415
Processing video: 5366409594815891602
Processing video: 5525084584552992937
total  1173319 subs 9168
Trial 479/1000, Params: dpd_1.0_dpg_20.0_ws_50_mg_6.0_sim_5.0, F1@0.50: 50.36
Processing video: 5085357672350628540
Processing video: 5085344787448740525
Processing video: 5086465773912997411
Processing video: 5090916219025116054
Processing video: 5092765202446045704
Processing video: 5097975856769557081
Processing video: 5103182645622502287
Processing video: 5099449889545545450
Processing video: 5134749367588120522
Processing video: 5172231547180314349
Processing video: 5146258161124252727
Processing video: 5218949624445806415
Processing video: 5173709444596630576
Processing video: 5391892065246550398
Processing video: 5366409594815891602
Processing video: 5525084584552992937
total  1173319 subs 9168
Trial 480/1000, Params: dpd_100.0_dpg_0.8_ws_30_mg_8.0_sim_10.0, F1@0.50: 35.5
Processing video: 5085344787448740525
Processing video: 5085357672350628540
Processing video: 5086465773912997411
Processing video: 5090916219025116054
Processing video: 5092765202446045704
Processing video: 5097975856769557081
Processing video: 5134749367588120522
Processing video: 5099449889545545450
Processing video: 5103182645622502287
Processing video: 5146258161124252727
Processing video: 5218949624445806415
Processing video: 5172231547180314349
Processing video: 5366409594815891602
Processing video: 5173709444596630576
Processing video: 5391892065246550398Processing video: 5525084584552992937

total  1173319 subs 9168
Trial 481/1000, Params: dpd_2.0_dpg_0.1_ws_30_mg_4.0_sim_50.0, F1@0.50: 50.75
Processing video: 5085344787448740525
Processing video: 5085357672350628540
Processing video: 5086465773912997411
Processing video: 5090916219025116054
Processing video: 5092765202446045704
Processing video: 5097975856769557081
Processing video: 5103182645622502287
Processing video: 5099449889545545450
Processing video: 5134749367588120522
Processing video: 5172231547180314349
Processing video: 5146258161124252727
Processing video: 5173709444596630576
Processing video: 5218949624445806415
Processing video: 5366409594815891602
Processing video: 5391892065246550398
Processing video: 5525084584552992937
total  1173319 subs 9168
Trial 482/1000, Params: dpd_0.8_dpg_0.0_ws_50_mg_4.0_sim_5.0, F1@0.50: 51.34
Processing video: 5085344787448740525
Processing video: 5085357672350628540
Processing video: 5086465773912997411
Processing video: 5090916219025116054
Processing video: 5092765202446045704
Processing video: 5097975856769557081
Processing video: 5103182645622502287
Processing video: 5099449889545545450
Processing video: 5134749367588120522Processing video: 5172231547180314349

Processing video: 5146258161124252727
Processing video: 5173709444596630576
Processing video: 5366409594815891602
Processing video: 5218949624445806415Processing video: 5391892065246550398

Processing video: 5525084584552992937
total  1173319 subs 9168
Trial 483/1000, Params: dpd_5.0_dpg_2.0_ws_40_mg_8.0_sim_20.0, F1@0.50: 54.03
Processing video: 5085344787448740525
Processing video: 5085357672350628540
Processing video: 5086465773912997411
Processing video: 5090916219025116054
Processing video: 5092765202446045704
Processing video: 5097975856769557081
Processing video: 5103182645622502287
Processing video: 5099449889545545450
Processing video: 5134749367588120522Processing video: 5172231547180314349

Processing video: 5146258161124252727
Processing video: 5173709444596630576
Processing video: 5218949624445806415
Processing video: 5391892065246550398
Processing video: 5525084584552992937
Processing video: 5366409594815891602
total  1173319 subs 9168
Trial 484/1000, Params: dpd_1.0_dpg_0.8_ws_50_mg_6.0_sim_1.0, F1@0.50: 50.95
Processing video: 5085344787448740525
Processing video: 5085357672350628540
Processing video: 5086465773912997411
Processing video: 5090916219025116054
Processing video: 5092765202446045704
Processing video: 5097975856769557081
Processing video: 5103182645622502287
Processing video: 5099449889545545450
Processing video: 5134749367588120522
Processing video: 5146258161124252727
Processing video: 5172231547180314349
Processing video: 5173709444596630576
Processing video: 5218949624445806415
Processing video: 5366409594815891602
Processing video: 5391892065246550398
Processing video: 5525084584552992937
total  1173319 subs 9168
Trial 485/1000, Params: dpd_2.0_dpg_0.1_ws_50_mg_2.0_sim_0.0, F1@0.50: 50.35
Processing video: 5085344787448740525
Processing video: 5085357672350628540
Processing video: 5090916219025116054
Processing video: 5086465773912997411
Processing video: 5092765202446045704
Processing video: 5097975856769557081
Processing video: 5099449889545545450
Processing video: 5103182645622502287
Processing video: 5146258161124252727
Processing video: 5134749367588120522
Processing video: 5172231547180314349
Processing video: 5173709444596630576
Processing video: 5366409594815891602
Processing video: 5218949624445806415
Processing video: 5391892065246550398
Processing video: 5525084584552992937
total  1173319 subs 9168
Trial 486/1000, Params: dpd_1.0_dpg_0.1_ws_50_mg_8.0_sim_2.0, F1@0.50: 50.73
Processing video: 5085344787448740525
Processing video: 5085357672350628540
Processing video: 5086465773912997411
Processing video: 5090916219025116054
Processing video: 5092765202446045704
Processing video: 5097975856769557081
Processing video: 5099449889545545450
Processing video: 5103182645622502287
Processing video: 5134749367588120522
Processing video: 5172231547180314349
Processing video: 5146258161124252727
Processing video: 5173709444596630576
Processing video: 5366409594815891602
Processing video: 5218949624445806415
Processing video: 5391892065246550398
Processing video: 5525084584552992937
total  1173319 subs 9168
Trial 487/1000, Params: dpd_20.0_dpg_100.0_ws_20_mg_4.0_sim_1.0, F1@0.50: 41.38
Processing video: 5085344787448740525
Processing video: 5086465773912997411
Processing video: 5085357672350628540
Processing video: 5090916219025116054
Processing video: 5092765202446045704
Processing video: 5097975856769557081
Processing video: 5134749367588120522
Processing video: 5099449889545545450
Processing video: 5103182645622502287
Processing video: 5146258161124252727
Processing video: 5172231547180314349
Processing video: 5173709444596630576
Processing video: 5218949624445806415
Processing video: 5366409594815891602
Processing video: 5391892065246550398
Processing video: 5525084584552992937
total  1173319 subs 9168
Trial 488/1000, Params: dpd_20.0_dpg_0.1_ws_40_mg_4.0_sim_0.5, F1@0.50: 44.01
Processing video: 5085344787448740525
Processing video: 5085357672350628540
Processing video: 5086465773912997411
Processing video: 5090916219025116054
Processing video: 5092765202446045704
Processing video: 5097975856769557081
Processing video: 5099449889545545450
Processing video: 5134749367588120522
Processing video: 5103182645622502287
Processing video: 5146258161124252727
Processing video: 5218949624445806415
Processing video: 5172231547180314349
Processing video: 5173709444596630576
Processing video: 5366409594815891602
Processing video: 5391892065246550398
Processing video: 5525084584552992937
total  1173319 subs 9168
Trial 489/1000, Params: dpd_2.0_dpg_0.8_ws_20_mg_8.0_sim_0.5, F1@0.50: 49.15
Processing video: 5085344787448740525
Processing video: 5085357672350628540
Processing video: 5086465773912997411
Processing video: 5090916219025116054
Processing video: 5092765202446045704
Processing video: 5097975856769557081
Processing video: 5103182645622502287
Processing video: 5099449889545545450
Processing video: 5134749367588120522
Processing video: 5146258161124252727
Processing video: 5172231547180314349
Processing video: 5218949624445806415
Processing video: 5173709444596630576
Processing video: 5391892065246550398
Processing video: 5366409594815891602
Processing video: 5525084584552992937
total  1173319 subs 9168
Trial 490/1000, Params: dpd_0.8_dpg_10.0_ws_30_mg_4.0_sim_20.0, F1@0.50: 53.13
Processing video: 5085344787448740525
Processing video: 5085357672350628540
Processing video: 5090916219025116054
Processing video: 5086465773912997411
Processing video: 5092765202446045704
Processing video: 5097975856769557081
Processing video: 5099449889545545450
Processing video: 5103182645622502287
Processing video: 5134749367588120522
Processing video: 5172231547180314349
Processing video: 5146258161124252727
Processing video: 5173709444596630576
Processing video: 5366409594815891602
Processing video: 5218949624445806415
Processing video: 5391892065246550398Processing video: 5525084584552992937

total  1173319 subs 9168
Trial 491/1000, Params: dpd_2.0_dpg_2.0_ws_30_mg_6.0_sim_100.0, F1@0.50: 44.29
Processing video: 5085344787448740525
Processing video: 5085357672350628540
Processing video: 5086465773912997411
Processing video: 5090916219025116054
Processing video: 5092765202446045704
Processing video: 5097975856769557081
Processing video: 5099449889545545450
Processing video: 5103182645622502287
Processing video: 5134749367588120522
Processing video: 5173709444596630576
Processing video: 5146258161124252727
Processing video: 5172231547180314349
Processing video: 5366409594815891602
Processing video: 5218949624445806415
Processing video: 5525084584552992937
Processing video: 5391892065246550398
total  1173319 subs 9168
Trial 492/1000, Params: dpd_0.5_dpg_0.5_ws_40_mg_2.0_sim_2.0, F1@0.50: 50.66
Processing video: 5085344787448740525
Processing video: 5085357672350628540
Processing video: 5086465773912997411
Processing video: 5090916219025116054
Processing video: 5092765202446045704
Processing video: 5097975856769557081
Processing video: 5099449889545545450
Processing video: 5103182645622502287Processing video: 5146258161124252727

Processing video: 5134749367588120522
Processing video: 5218949624445806415
Processing video: 5172231547180314349
Processing video: 5173709444596630576
Processing video: 5366409594815891602
Processing video: 5391892065246550398
Processing video: 5525084584552992937
total  1173319 subs 9168
Trial 493/1000, Params: dpd_10.0_dpg_2.0_ws_50_mg_10.0_sim_0.5, F1@0.50: 47.84
Processing video: 5085344787448740525
Processing video: 5085357672350628540
Processing video: 5086465773912997411
Processing video: 5090916219025116054
Processing video: 5092765202446045704
Processing video: 5097975856769557081
Processing video: 5103182645622502287
Processing video: 5099449889545545450
Processing video: 5134749367588120522
Processing video: 5172231547180314349
Processing video: 5146258161124252727
Processing video: 5366409594815891602
Processing video: 5173709444596630576
Processing video: 5218949624445806415
Processing video: 5391892065246550398
Processing video: 5525084584552992937
total  1173319 subs 9168
Trial 494/1000, Params: dpd_20.0_dpg_0.0_ws_30_mg_6.0_sim_2.0, F1@0.50: 44.1
Processing video: 5085344787448740525
Processing video: 5085357672350628540
Processing video: 5090916219025116054
Processing video: 5086465773912997411
Processing video: 5092765202446045704
Processing video: 5097975856769557081
Processing video: 5099449889545545450
Processing video: 5146258161124252727
Processing video: 5103182645622502287
Processing video: 5134749367588120522
Processing video: 5172231547180314349
Processing video: 5366409594815891602
Processing video: 5173709444596630576
Processing video: 5218949624445806415
Processing video: 5525084584552992937
Processing video: 5391892065246550398
total  1173319 subs 9168
Trial 495/1000, Params: dpd_20.0_dpg_2.0_ws_40_mg_4.0_sim_100.0, F1@0.50: 51.76
Processing video: 5085344787448740525
Processing video: 5085357672350628540
Processing video: 5090916219025116054
Processing video: 5086465773912997411
Processing video: 5092765202446045704
Processing video: 5097975856769557081
Processing video: 5103182645622502287
Processing video: 5099449889545545450
Processing video: 5134749367588120522Processing video: 5172231547180314349

Processing video: 5146258161124252727
Processing video: 5173709444596630576
Processing video: 5218949624445806415
Processing video: 5366409594815891602
Processing video: 5391892065246550398
Processing video: 5525084584552992937
total  1173319 subs 9168
Trial 496/1000, Params: dpd_2.0_dpg_20.0_ws_40_mg_6.0_sim_1.0, F1@0.50: 50.38
Processing video: 5085344787448740525
Processing video: 5085357672350628540
Processing video: 5090916219025116054
Processing video: 5086465773912997411
Processing video: 5092765202446045704
Processing video: 5097975856769557081
Processing video: 5103182645622502287
Processing video: 5099449889545545450
Processing video: 5134749367588120522
Processing video: 5146258161124252727
Processing video: 5173709444596630576
Processing video: 5172231547180314349
Processing video: 5218949624445806415
Processing video: 5391892065246550398
Processing video: 5366409594815891602
Processing video: 5525084584552992937
total  1173319 subs 9168
Trial 497/1000, Params: dpd_2.0_dpg_100.0_ws_30_mg_8.0_sim_1.0, F1@0.50: 38.24
Processing video: 5085344787448740525
Processing video: 5085357672350628540
Processing video: 5086465773912997411
Processing video: 5090916219025116054
Processing video: 5092765202446045704
Processing video: 5097975856769557081
Processing video: 5103182645622502287
Processing video: 5099449889545545450
Processing video: 5134749367588120522
Processing video: 5146258161124252727
Processing video: 5172231547180314349
Processing video: 5173709444596630576
Processing video: 5218949624445806415
Processing video: 5366409594815891602
Processing video: 5391892065246550398
Processing video: 5525084584552992937
total  1173319 subs 9168
Trial 498/1000, Params: dpd_2.0_dpg_2.0_ws_20_mg_10.0_sim_0.5, F1@0.50: 49.17
Processing video: 5085344787448740525
Processing video: 5085357672350628540
Processing video: 5090916219025116054
Processing video: 5086465773912997411
Processing video: 5092765202446045704
Processing video: 5097975856769557081
Processing video: 5099449889545545450
Processing video: 5103182645622502287
Processing video: 5134749367588120522
Processing video: 5146258161124252727
Processing video: 5172231547180314349
Processing video: 5173709444596630576
Processing video: 5391892065246550398
Processing video: 5218949624445806415
Processing video: 5366409594815891602
Processing video: 5525084584552992937
total  1173319 subs 9168
Trial 499/1000, Params: dpd_10.0_dpg_2.0_ws_30_mg_2.0_sim_2.0, F1@0.50: 47.83
Processing video: 5085344787448740525
Processing video: 5085357672350628540
Processing video: 5086465773912997411
Processing video: 5090916219025116054
Processing video: 5092765202446045704
Processing video: 5097975856769557081
Processing video: 5099449889545545450
Processing video: 5134749367588120522
Processing video: 5103182645622502287
Processing video: 5146258161124252727
Processing video: 5172231547180314349
Processing video: 5218949624445806415
Processing video: 5173709444596630576
Processing video: 5525084584552992937
Processing video: 5366409594815891602
Processing video: 5391892065246550398
total  1173319 subs 9168
Trial 500/1000, Params: dpd_10.0_dpg_100.0_ws_30_mg_10.0_sim_0.0, F1@0.50: 43.28
Processing video: 5085344787448740525
Processing video: 5085357672350628540
Processing video: 5086465773912997411
Processing video: 5090916219025116054
Processing video: 5092765202446045704
Processing video: 5097975856769557081
Processing video: 5099449889545545450
Processing video: 5103182645622502287
Processing video: 5146258161124252727
Processing video: 5134749367588120522
Processing video: 5172231547180314349
Processing video: 5366409594815891602
Processing video: 5173709444596630576
Processing video: 5218949624445806415
Processing video: 5391892065246550398
Processing video: 5525084584552992937
total  1173319 subs 9168
Trial 501/1000, Params: dpd_0.5_dpg_0.1_ws_30_mg_10.0_sim_10.0, F1@0.50: 52.01
Processing video: 5085344787448740525
Processing video: 5086465773912997411
Processing video: 5085357672350628540
Processing video: 5090916219025116054
Processing video: 5092765202446045704
Processing video: 5097975856769557081
Processing video: 5103182645622502287
Processing video: 5099449889545545450
Processing video: 5172231547180314349
Processing video: 5134749367588120522
Processing video: 5146258161124252727
Processing video: 5173709444596630576
Processing video: 5218949624445806415
Processing video: 5366409594815891602
Processing video: 5391892065246550398
Processing video: 5525084584552992937
total  1173319 subs 9168
Trial 502/1000, Params: dpd_0.0_dpg_1.0_ws_50_mg_6.0_sim_5.0, F1@0.50: 51.46
Processing video: 5085357672350628540
Processing video: 5085344787448740525
Processing video: 5086465773912997411
Processing video: 5090916219025116054
Processing video: 5092765202446045704
Processing video: 5097975856769557081
Processing video: 5099449889545545450
Processing video: 5103182645622502287
Processing video: 5134749367588120522
Processing video: 5146258161124252727
Processing video: 5172231547180314349
Processing video: 5173709444596630576
Processing video: 5218949624445806415
Processing video: 5366409594815891602
Processing video: 5525084584552992937
Processing video: 5391892065246550398
total  1173319 subs 9168
Trial 503/1000, Params: dpd_20.0_dpg_0.1_ws_20_mg_4.0_sim_1.0, F1@0.50: 41.76
Processing video: 5085344787448740525
Processing video: 5085357672350628540
Processing video: 5086465773912997411
Processing video: 5090916219025116054
Processing video: 5092765202446045704
Processing video: 5097975856769557081
Processing video: 5103182645622502287
Processing video: 5099449889545545450
Processing video: 5134749367588120522
Processing video: 5146258161124252727
Processing video: 5172231547180314349
Processing video: 5173709444596630576
Processing video: 5218949624445806415
Processing video: 5366409594815891602
Processing video: 5391892065246550398
Processing video: 5525084584552992937
total  1173319 subs 9168
Trial 504/1000, Params: dpd_5.0_dpg_100.0_ws_40_mg_6.0_sim_10.0, F1@0.50: 45.16
Processing video: 5085344787448740525
Processing video: 5085357672350628540
Processing video: 5086465773912997411
Processing video: 5090916219025116054
Processing video: 5092765202446045704
Processing video: 5097975856769557081
Processing video: 5099449889545545450
Processing video: 5103182645622502287
Processing video: 5146258161124252727
Processing video: 5134749367588120522
Processing video: 5172231547180314349
Processing video: 5173709444596630576
Processing video: 5218949624445806415
Processing video: 5366409594815891602
Processing video: 5391892065246550398
Processing video: 5525084584552992937
total  1173319 subs 9168
Trial 505/1000, Params: dpd_1.0_dpg_2.0_ws_50_mg_4.0_sim_0.5, F1@0.50: 51.24
Processing video: 5085344787448740525
Processing video: 5085357672350628540
Processing video: 5086465773912997411
Processing video: 5090916219025116054
Processing video: 5092765202446045704
Processing video: 5097975856769557081
Processing video: 5103182645622502287
Processing video: 5099449889545545450
Processing video: 5134749367588120522
Processing video: 5146258161124252727
Processing video: 5172231547180314349
Processing video: 5218949624445806415
Processing video: 5173709444596630576
Processing video: 5366409594815891602
Processing video: 5391892065246550398
Processing video: 5525084584552992937
total  1173319 subs 9168
Trial 506/1000, Params: dpd_2.0_dpg_0.0_ws_30_mg_6.0_sim_2.0, F1@0.50: 50.71
Processing video: 5085344787448740525
Processing video: 5085357672350628540
Processing video: 5086465773912997411
Processing video: 5090916219025116054
Processing video: 5092765202446045704
Processing video: 5097975856769557081
Processing video: 5103182645622502287
Processing video: 5099449889545545450
Processing video: 5134749367588120522
Processing video: 5172231547180314349
Processing video: 5146258161124252727
Processing video: 5173709444596630576
Processing video: 5218949624445806415
Processing video: 5366409594815891602
Processing video: 5525084584552992937
Processing video: 5391892065246550398
total  1173319 subs 9168
Trial 507/1000, Params: dpd_0.0_dpg_0.0_ws_30_mg_6.0_sim_20.0, F1@0.50: 48.77
Processing video: 5085344787448740525
Processing video: 5085357672350628540
Processing video: 5086465773912997411
Processing video: 5090916219025116054
Processing video: 5092765202446045704
Processing video: 5097975856769557081
Processing video: 5099449889545545450Processing video: 5134749367588120522

Processing video: 5103182645622502287
Processing video: 5146258161124252727
Processing video: 5172231547180314349
Processing video: 5218949624445806415
Processing video: 5173709444596630576
Processing video: 5366409594815891602
Processing video: 5391892065246550398
Processing video: 5525084584552992937
total  1173319 subs 9168
Trial 508/1000, Params: dpd_2.0_dpg_0.0_ws_20_mg_6.0_sim_100.0, F1@0.50: 45.03
Processing video: 5085344787448740525
Processing video: 5085357672350628540
Processing video: 5090916219025116054
Processing video: 5086465773912997411
Processing video: 5092765202446045704
Processing video: 5097975856769557081
Processing video: 5103182645622502287
Processing video: 5099449889545545450
Processing video: 5134749367588120522
Processing video: 5146258161124252727
Processing video: 5172231547180314349
Processing video: 5218949624445806415
Processing video: 5173709444596630576
Processing video: 5366409594815891602
Processing video: 5391892065246550398
Processing video: 5525084584552992937
total  1173319 subs 9168
Trial 509/1000, Params: dpd_0.1_dpg_2.0_ws_40_mg_4.0_sim_5.0, F1@0.50: 51.42
Processing video: 5085344787448740525
Processing video: 5085357672350628540
Processing video: 5086465773912997411
Processing video: 5090916219025116054
Processing video: 5092765202446045704
Processing video: 5097975856769557081
Processing video: 5103182645622502287
Processing video: 5099449889545545450
Processing video: 5134749367588120522
Processing video: 5146258161124252727
Processing video: 5172231547180314349
Processing video: 5173709444596630576
Processing video: 5366409594815891602
Processing video: 5218949624445806415
Processing video: 5391892065246550398
Processing video: 5525084584552992937
total  1173319 subs 9168
Trial 510/1000, Params: dpd_0.8_dpg_0.1_ws_50_mg_10.0_sim_2.0, F1@0.50: 50.5
Processing video: 5085344787448740525
Processing video: 5085357672350628540
Processing video: 5086465773912997411
Processing video: 5090916219025116054
Processing video: 5092765202446045704
Processing video: 5097975856769557081
Processing video: 5099449889545545450
Processing video: 5103182645622502287
Processing video: 5134749367588120522
Processing video: 5146258161124252727
Processing video: 5172231547180314349
Processing video: 5173709444596630576
Processing video: 5218949624445806415
Processing video: 5366409594815891602
Processing video: 5391892065246550398
Processing video: 5525084584552992937
total  1173319 subs 9168
Trial 511/1000, Params: dpd_10.0_dpg_0.5_ws_40_mg_8.0_sim_5.0, F1@0.50: 48.68
Processing video: 5085344787448740525
Processing video: 5085357672350628540
Processing video: 5086465773912997411
Processing video: 5090916219025116054
Processing video: 5092765202446045704
Processing video: 5097975856769557081
Processing video: 5103182645622502287
Processing video: 5099449889545545450
Processing video: 5134749367588120522
Processing video: 5146258161124252727
Processing video: 5173709444596630576
Processing video: 5172231547180314349
Processing video: 5218949624445806415
Processing video: 5366409594815891602
Processing video: 5391892065246550398
Processing video: 5525084584552992937
total  1173319 subs 9168
Trial 512/1000, Params: dpd_20.0_dpg_10.0_ws_30_mg_2.0_sim_5.0, F1@0.50: 46.88
Processing video: 5085344787448740525
Processing video: 5085357672350628540
Processing video: 5086465773912997411
Processing video: 5090916219025116054
Processing video: 5092765202446045704
Processing video: 5097975856769557081
Processing video: 5099449889545545450
Processing video: 5103182645622502287
Processing video: 5146258161124252727
Processing video: 5134749367588120522
Processing video: 5172231547180314349
Processing video: 5173709444596630576
Processing video: 5218949624445806415
Processing video: 5366409594815891602
Processing video: 5391892065246550398
Processing video: 5525084584552992937
total  1173319 subs 9168
Trial 513/1000, Params: dpd_0.0_dpg_0.0_ws_50_mg_2.0_sim_0.5, F1@0.50: 49.88
Processing video: 5085344787448740525
Processing video: 5085357672350628540
Processing video: 5086465773912997411
Processing video: 5090916219025116054
Processing video: 5092765202446045704
Processing video: 5097975856769557081
Processing video: 5103182645622502287
Processing video: 5099449889545545450
Processing video: 5172231547180314349
Processing video: 5134749367588120522
Processing video: 5146258161124252727
Processing video: 5173709444596630576
Processing video: 5391892065246550398
Processing video: 5218949624445806415
Processing video: 5366409594815891602
Processing video: 5525084584552992937
total  1173319 subs 9168
Trial 514/1000, Params: dpd_100.0_dpg_10.0_ws_20_mg_4.0_sim_10.0, F1@0.50: 37.98
Processing video: 5085344787448740525
Processing video: 5085357672350628540
Processing video: 5090916219025116054
Processing video: 5086465773912997411
Processing video: 5092765202446045704
Processing video: 5097975856769557081
Processing video: 5103182645622502287
Processing video: 5099449889545545450
Processing video: 5134749367588120522
Processing video: 5173709444596630576
Processing video: 5146258161124252727
Processing video: 5172231547180314349
Processing video: 5391892065246550398
Processing video: 5218949624445806415
Processing video: 5366409594815891602
Processing video: 5525084584552992937
total  1173319 subs 9168
Trial 515/1000, Params: dpd_0.0_dpg_10.0_ws_20_mg_10.0_sim_50.0, F1@0.50: 45.5
Processing video: 5085344787448740525
Processing video: 5085357672350628540
Processing video: 5086465773912997411
Processing video: 5090916219025116054
Processing video: 5092765202446045704
Processing video: 5097975856769557081
Processing video: 5099449889545545450Processing video: 5134749367588120522

Processing video: 5103182645622502287
Processing video: 5146258161124252727
Processing video: 5172231547180314349
Processing video: 5173709444596630576
Processing video: 5218949624445806415
Processing video: 5366409594815891602
Processing video: 5391892065246550398
Processing video: 5525084584552992937
total  1173319 subs 9168
Trial 516/1000, Params: dpd_20.0_dpg_5.0_ws_20_mg_10.0_sim_100.0, F1@0.50: 51.04
Processing video: 5085344787448740525
Processing video: 5085357672350628540
Processing video: 5086465773912997411
Processing video: 5090916219025116054
Processing video: 5092765202446045704
Processing video: 5097975856769557081
Processing video: 5099449889545545450
Processing video: 5103182645622502287
Processing video: 5134749367588120522
Processing video: 5146258161124252727
Processing video: 5172231547180314349
Processing video: 5173709444596630576
Processing video: 5218949624445806415
Processing video: 5366409594815891602
Processing video: 5391892065246550398
Processing video: 5525084584552992937
total  1173319 subs 9168
Trial 517/1000, Params: dpd_0.0_dpg_100.0_ws_20_mg_2.0_sim_5.0, F1@0.50: 36.61
Processing video: 5085357672350628540
Processing video: 5085344787448740525
Processing video: 5086465773912997411
Processing video: 5092765202446045704
Processing video: 5090916219025116054
Processing video: 5097975856769557081
Processing video: 5134749367588120522
Processing video: 5099449889545545450
Processing video: 5103182645622502287
Processing video: 5146258161124252727
Processing video: 5172231547180314349
Processing video: 5173709444596630576
Processing video: 5218949624445806415
Processing video: 5391892065246550398
Processing video: 5366409594815891602
Processing video: 5525084584552992937
total  1173319 subs 9168
Trial 518/1000, Params: dpd_0.5_dpg_0.1_ws_50_mg_6.0_sim_0.5, F1@0.50: 50.08
Processing video: 5085344787448740525
Processing video: 5085357672350628540
Processing video: 5086465773912997411
Processing video: 5090916219025116054
Processing video: 5092765202446045704
Processing video: 5097975856769557081
Processing video: 5103182645622502287
Processing video: 5099449889545545450
Processing video: 5134749367588120522
Processing video: 5146258161124252727
Processing video: 5172231547180314349
Processing video: 5173709444596630576
Processing video: 5218949624445806415
Processing video: 5366409594815891602
Processing video: 5391892065246550398
Processing video: 5525084584552992937
total  1173319 subs 9168
Trial 519/1000, Params: dpd_0.5_dpg_2.0_ws_20_mg_4.0_sim_2.0, F1@0.50: 49.69
Processing video: 5085344787448740525
Processing video: 5085357672350628540
Processing video: 5086465773912997411
Processing video: 5090916219025116054
Processing video: 5092765202446045704
Processing video: 5097975856769557081
Processing video: 5099449889545545450
Processing video: 5146258161124252727
Processing video: 5103182645622502287
Processing video: 5134749367588120522
Processing video: 5218949624445806415
Processing video: 5172231547180314349
Processing video: 5173709444596630576
Processing video: 5366409594815891602
Processing video: 5391892065246550398
Processing video: 5525084584552992937
total  1173319 subs 9168
Trial 520/1000, Params: dpd_5.0_dpg_20.0_ws_20_mg_6.0_sim_0.0, F1@0.50: 47.42
Processing video: 5086465773912997411Processing video: 5085344787448740525

Processing video: 5085357672350628540
Processing video: 5090916219025116054
Processing video: 5092765202446045704
Processing video: 5097975856769557081
Processing video: 5103182645622502287
Processing video: 5099449889545545450
Processing video: 5134749367588120522
Processing video: 5173709444596630576
Processing video: 5146258161124252727
Processing video: 5172231547180314349
Processing video: 5218949624445806415
Processing video: 5525084584552992937
Processing video: 5366409594815891602
Processing video: 5391892065246550398
total  1173319 subs 9168
Trial 521/1000, Params: dpd_100.0_dpg_2.0_ws_40_mg_10.0_sim_5.0, F1@0.50: 33.15
Processing video: 5085344787448740525
Processing video: 5085357672350628540
Processing video: 5086465773912997411
Processing video: 5090916219025116054
Processing video: 5092765202446045704
Processing video: 5097975856769557081
Processing video: 5103182645622502287
Processing video: 5099449889545545450
Processing video: 5134749367588120522
Processing video: 5146258161124252727Processing video: 5173709444596630576

Processing video: 5172231547180314349
Processing video: 5218949624445806415
Processing video: 5366409594815891602
Processing video: 5391892065246550398
Processing video: 5525084584552992937
total  1173319 subs 9168
Trial 522/1000, Params: dpd_0.5_dpg_0.8_ws_50_mg_10.0_sim_100.0, F1@0.50: 34.65
Processing video: 5085344787448740525
Processing video: 5085357672350628540
Processing video: 5086465773912997411
Processing video: 5090916219025116054
Processing video: 5092765202446045704
Processing video: 5097975856769557081
Processing video: 5103182645622502287
Processing video: 5099449889545545450
Processing video: 5134749367588120522
Processing video: 5146258161124252727
Processing video: 5172231547180314349
Processing video: 5218949624445806415
Processing video: 5173709444596630576
Processing video: 5366409594815891602
Processing video: 5391892065246550398
Processing video: 5525084584552992937
total  1173319 subs 9168
Trial 523/1000, Params: dpd_0.1_dpg_100.0_ws_50_mg_10.0_sim_0.5, F1@0.50: 32.16
Processing video: 5085344787448740525
Processing video: 5085357672350628540
Processing video: 5090916219025116054
Processing video: 5086465773912997411
Processing video: 5092765202446045704
Processing video: 5097975856769557081
Processing video: 5134749367588120522
Processing video: 5099449889545545450
Processing video: 5103182645622502287
Processing video: 5172231547180314349
Processing video: 5146258161124252727
Processing video: 5173709444596630576
Processing video: 5366409594815891602
Processing video: 5218949624445806415
Processing video: 5391892065246550398
Processing video: 5525084584552992937
total  1173319 subs 9168
Trial 524/1000, Params: dpd_100.0_dpg_10.0_ws_40_mg_10.0_sim_5.0, F1@0.50: 33.83
Processing video: 5085344787448740525
Processing video: 5085357672350628540
Processing video: 5086465773912997411
Processing video: 5090916219025116054
Processing video: 5092765202446045704
Processing video: 5097975856769557081
Processing video: 5103182645622502287
Processing video: 5099449889545545450
Processing video: 5134749367588120522
Processing video: 5146258161124252727
Processing video: 5218949624445806415
Processing video: 5172231547180314349
Processing video: 5173709444596630576
Processing video: 5366409594815891602
Processing video: 5391892065246550398
Processing video: 5525084584552992937
total  1173319 subs 9168
Trial 525/1000, Params: dpd_20.0_dpg_0.0_ws_20_mg_10.0_sim_2.0, F1@0.50: 42.82
Processing video: 5085344787448740525
Processing video: 5085357672350628540
Processing video: 5086465773912997411
Processing video: 5090916219025116054
Processing video: 5092765202446045704
Processing video: 5097975856769557081
Processing video: 5103182645622502287
Processing video: 5099449889545545450
Processing video: 5134749367588120522
Processing video: 5146258161124252727
Processing video: 5172231547180314349Processing video: 5218949624445806415

Processing video: 5173709444596630576
Processing video: 5366409594815891602
Processing video: 5391892065246550398
Processing video: 5525084584552992937
total  1173319 subs 9168
Trial 526/1000, Params: dpd_20.0_dpg_0.0_ws_50_mg_8.0_sim_0.0, F1@0.50: 43.92
Processing video: 5085344787448740525
Processing video: 5085357672350628540
Processing video: 5086465773912997411
Processing video: 5090916219025116054
Processing video: 5092765202446045704
Processing video: 5097975856769557081
Processing video: 5099449889545545450
Processing video: 5103182645622502287
Processing video: 5134749367588120522
Processing video: 5173709444596630576
Processing video: 5146258161124252727
Processing video: 5172231547180314349
Processing video: 5218949624445806415
Processing video: 5366409594815891602
Processing video: 5525084584552992937
Processing video: 5391892065246550398
total  1173319 subs 9168
Trial 527/1000, Params: dpd_20.0_dpg_0.0_ws_20_mg_8.0_sim_2.0, F1@0.50: 42.9
Processing video: 5085344787448740525
Processing video: 5085357672350628540
Processing video: 5086465773912997411
Processing video: 5090916219025116054
Processing video: 5092765202446045704
Processing video: 5097975856769557081
Processing video: 5103182645622502287
Processing video: 5099449889545545450
Processing video: 5172231547180314349
Processing video: 5134749367588120522
Processing video: 5146258161124252727Processing video: 5218949624445806415

Processing video: 5173709444596630576
Processing video: 5366409594815891602
Processing video: 5525084584552992937Processing video: 5391892065246550398

total  1173319 subs 9168
Trial 528/1000, Params: dpd_5.0_dpg_20.0_ws_50_mg_8.0_sim_20.0, F1@0.50: 55.53
Processing video: 5085344787448740525
Processing video: 5085357672350628540
Processing video: 5086465773912997411
Processing video: 5090916219025116054
Processing video: 5092765202446045704
Processing video: 5103182645622502287
Processing video: 5097975856769557081
Processing video: 5099449889545545450
Processing video: 5134749367588120522
Processing video: 5173709444596630576
Processing video: 5146258161124252727
Processing video: 5172231547180314349
Processing video: 5218949624445806415
Processing video: 5366409594815891602
Processing video: 5391892065246550398
Processing video: 5525084584552992937
total  1173319 subs 9168
Trial 529/1000, Params: dpd_10.0_dpg_2.0_ws_40_mg_10.0_sim_50.0, F1@0.50: 53.65
Processing video: 5085357672350628540
Processing video: 5085344787448740525
Processing video: 5086465773912997411
Processing video: 5090916219025116054
Processing video: 5092765202446045704
Processing video: 5097975856769557081
Processing video: 5099449889545545450
Processing video: 5103182645622502287
Processing video: 5146258161124252727
Processing video: 5134749367588120522
Processing video: 5218949624445806415Processing video: 5172231547180314349

Processing video: 5366409594815891602
Processing video: 5173709444596630576
Processing video: 5391892065246550398
Processing video: 5525084584552992937
total  1173319 subs 9168
Trial 530/1000, Params: dpd_100.0_dpg_10.0_ws_30_mg_10.0_sim_20.0, F1@0.50: 37.87
Processing video: 5085344787448740525
Processing video: 5085357672350628540
Processing video: 5086465773912997411
Processing video: 5090916219025116054
Processing video: 5092765202446045704
Processing video: 5097975856769557081
Processing video: 5099449889545545450
Processing video: 5103182645622502287
Processing video: 5146258161124252727
Processing video: 5134749367588120522
Processing video: 5173709444596630576
Processing video: 5172231547180314349
Processing video: 5391892065246550398
Processing video: 5525084584552992937
Processing video: 5218949624445806415
Processing video: 5366409594815891602
total  1173319 subs 9168
Trial 531/1000, Params: dpd_2.0_dpg_100.0_ws_50_mg_2.0_sim_30.0, F1@0.50: 42.96
Processing video: 5085344787448740525
Processing video: 5085357672350628540
Processing video: 5090916219025116054
Processing video: 5086465773912997411
Processing video: 5092765202446045704
Processing video: 5097975856769557081
Processing video: 5099449889545545450
Processing video: 5146258161124252727
Processing video: 5103182645622502287
Processing video: 5134749367588120522
Processing video: 5172231547180314349
Processing video: 5218949624445806415
Processing video: 5173709444596630576
Processing video: 5391892065246550398
Processing video: 5366409594815891602
Processing video: 5525084584552992937
total  1173319 subs 9168
Trial 532/1000, Params: dpd_5.0_dpg_1.0_ws_40_mg_4.0_sim_2.0, F1@0.50: 50.64
Processing video: 5085344787448740525
Processing video: 5085357672350628540
Processing video: 5090916219025116054
Processing video: 5086465773912997411
Processing video: 5092765202446045704
Processing video: 5097975856769557081
Processing video: 5099449889545545450
Processing video: 5146258161124252727
Processing video: 5103182645622502287
Processing video: 5134749367588120522
Processing video: 5172231547180314349
Processing video: 5173709444596630576
Processing video: 5366409594815891602
Processing video: 5218949624445806415
Processing video: 5391892065246550398
Processing video: 5525084584552992937
total  1173319 subs 9168
Trial 533/1000, Params: dpd_0.5_dpg_5.0_ws_50_mg_4.0_sim_30.0, F1@0.50: 51.22
Processing video: 5085344787448740525
Processing video: 5085357672350628540
Processing video: 5086465773912997411
Processing video: 5090916219025116054
Processing video: 5092765202446045704
Processing video: 5097975856769557081
Processing video: 5134749367588120522
Processing video: 5099449889545545450
Processing video: 5103182645622502287
Processing video: 5146258161124252727
Processing video: 5172231547180314349
Processing video: 5366409594815891602
Processing video: 5173709444596630576
Processing video: 5218949624445806415
Processing video: 5391892065246550398
Processing video: 5525084584552992937
total  1173319 subs 9168
Trial 534/1000, Params: dpd_0.1_dpg_0.1_ws_50_mg_6.0_sim_30.0, F1@0.50: 45.29
Processing video: 5085344787448740525
Processing video: 5085357672350628540
Processing video: 5090916219025116054
Processing video: 5086465773912997411
Processing video: 5092765202446045704
Processing video: 5097975856769557081
Processing video: 5099449889545545450
Processing video: 5103182645622502287
Processing video: 5134749367588120522Processing video: 5172231547180314349

Processing video: 5146258161124252727
Processing video: 5366409594815891602
Processing video: 5173709444596630576
Processing video: 5218949624445806415
Processing video: 5391892065246550398
Processing video: 5525084584552992937
total  1173319 subs 9168
Trial 535/1000, Params: dpd_0.8_dpg_1.0_ws_30_mg_10.0_sim_100.0, F1@0.50: 39.95
Processing video: 5085344787448740525
Processing video: 5085357672350628540
Processing video: 5086465773912997411
Processing video: 5090916219025116054
Processing video: 5092765202446045704
Processing video: 5097975856769557081
Processing video: 5099449889545545450
Processing video: 5134749367588120522
Processing video: 5103182645622502287
Processing video: 5146258161124252727
Processing video: 5172231547180314349
Processing video: 5173709444596630576
Processing video: 5366409594815891602
Processing video: 5218949624445806415
Processing video: 5391892065246550398
Processing video: 5525084584552992937
total  1173319 subs 9168
Trial 536/1000, Params: dpd_0.1_dpg_0.8_ws_50_mg_2.0_sim_10.0, F1@0.50: 52.63
Processing video: 5085344787448740525
Processing video: 5085357672350628540
Processing video: 5086465773912997411
Processing video: 5090916219025116054
Processing video: 5092765202446045704
Processing video: 5103182645622502287
Processing video: 5097975856769557081
Processing video: 5099449889545545450
Processing video: 5134749367588120522
Processing video: 5173709444596630576
Processing video: 5146258161124252727
Processing video: 5172231547180314349
Processing video: 5218949624445806415
Processing video: 5366409594815891602
Processing video: 5391892065246550398Processing video: 5525084584552992937

total  1173319 subs 9168
Trial 537/1000, Params: dpd_1.0_dpg_2.0_ws_30_mg_10.0_sim_20.0, F1@0.50: 53.68
Processing video: 5085344787448740525
Processing video: 5085357672350628540
Processing video: 5086465773912997411
Processing video: 5090916219025116054
Processing video: 5092765202446045704
Processing video: 5097975856769557081
Processing video: 5103182645622502287
Processing video: 5099449889545545450
Processing video: 5172231547180314349
Processing video: 5134749367588120522
Processing video: 5146258161124252727
Processing video: 5218949624445806415
Processing video: 5173709444596630576
Processing video: 5366409594815891602
Processing video: 5391892065246550398
Processing video: 5525084584552992937
total  1173319 subs 9168
Trial 538/1000, Params: dpd_1.0_dpg_0.5_ws_50_mg_6.0_sim_30.0, F1@0.50: 51.93
Processing video: 5085344787448740525
Processing video: 5085357672350628540
Processing video: 5086465773912997411
Processing video: 5090916219025116054
Processing video: 5092765202446045704
Processing video: 5097975856769557081
Processing video: 5103182645622502287
Processing video: 5099449889545545450
Processing video: 5134749367588120522
Processing video: 5146258161124252727
Processing video: 5218949624445806415
Processing video: 5172231547180314349
Processing video: 5173709444596630576
Processing video: 5525084584552992937
Processing video: 5366409594815891602
Processing video: 5391892065246550398
total  1173319 subs 9168
Trial 539/1000, Params: dpd_0.8_dpg_0.8_ws_30_mg_4.0_sim_100.0, F1@0.50: 40.45
Processing video: 5085344787448740525
Processing video: 5085357672350628540
Processing video: 5086465773912997411
Processing video: 5090916219025116054
Processing video: 5092765202446045704
Processing video: 5103182645622502287
Processing video: 5097975856769557081
Processing video: 5099449889545545450
Processing video: 5172231547180314349
Processing video: 5134749367588120522
Processing video: 5146258161124252727
Processing video: 5173709444596630576
Processing video: 5218949624445806415
Processing video: 5366409594815891602
Processing video: 5391892065246550398
Processing video: 5525084584552992937
total  1173319 subs 9168
Trial 540/1000, Params: dpd_10.0_dpg_0.0_ws_40_mg_8.0_sim_100.0, F1@0.50: 49.95
Processing video: 5085344787448740525
Processing video: 5085357672350628540
Processing video: 5090916219025116054
Processing video: 5086465773912997411
Processing video: 5092765202446045704
Processing video: 5097975856769557081
Processing video: 5103182645622502287
Processing video: 5099449889545545450
Processing video: 5134749367588120522
Processing video: 5146258161124252727
Processing video: 5218949624445806415
Processing video: 5172231547180314349
Processing video: 5173709444596630576
Processing video: 5366409594815891602
Processing video: 5391892065246550398
Processing video: 5525084584552992937
total  1173319 subs 9168
Trial 541/1000, Params: dpd_100.0_dpg_5.0_ws_40_mg_10.0_sim_30.0, F1@0.50: 37.06
Processing video: 5085344787448740525Processing video: 5086465773912997411

Processing video: 5085357672350628540
Processing video: 5090916219025116054
Processing video: 5092765202446045704
Processing video: 5097975856769557081
Processing video: 5099449889545545450
Processing video: 5146258161124252727
Processing video: 5103182645622502287
Processing video: 5134749367588120522
Processing video: 5218949624445806415
Processing video: 5172231547180314349
Processing video: 5391892065246550398
Processing video: 5173709444596630576
Processing video: 5366409594815891602
Processing video: 5525084584552992937
total  1173319 subs 9168
Trial 542/1000, Params: dpd_10.0_dpg_2.0_ws_20_mg_4.0_sim_100.0, F1@0.50: 51.33
Processing video: 5085344787448740525
Processing video: 5090916219025116054Processing video: 5085357672350628540

Processing video: 5086465773912997411
Processing video: 5092765202446045704
Processing video: 5097975856769557081
Processing video: 5099449889545545450
Processing video: 5103182645622502287
Processing video: 5146258161124252727
Processing video: 5172231547180314349
Processing video: 5134749367588120522
Processing video: 5218949624445806415
Processing video: 5173709444596630576
Processing video: 5366409594815891602
Processing video: 5525084584552992937Processing video: 5391892065246550398

total  1173319 subs 9168
Trial 543/1000, Params: dpd_2.0_dpg_1.0_ws_30_mg_6.0_sim_0.0, F1@0.50: 50.45
Processing video: 5085344787448740525
Processing video: 5085357672350628540
Processing video: 5086465773912997411
Processing video: 5090916219025116054
Processing video: 5092765202446045704
Processing video: 5097975856769557081
Processing video: 5099449889545545450
Processing video: 5103182645622502287
Processing video: 5134749367588120522
Processing video: 5146258161124252727
Processing video: 5172231547180314349
Processing video: 5173709444596630576
Processing video: 5391892065246550398
Processing video: 5218949624445806415
Processing video: 5366409594815891602
Processing video: 5525084584552992937
total  1173319 subs 9168
Trial 544/1000, Params: dpd_2.0_dpg_0.1_ws_30_mg_2.0_sim_30.0, F1@0.50: 53.78
Processing video: 5085344787448740525
Processing video: 5085357672350628540
Processing video: 5086465773912997411
Processing video: 5090916219025116054
Processing video: 5092765202446045704
Processing video: 5097975856769557081
Processing video: 5103182645622502287
Processing video: 5099449889545545450
Processing video: 5134749367588120522
Processing video: 5146258161124252727
Processing video: 5172231547180314349
Processing video: 5173709444596630576
Processing video: 5218949624445806415
Processing video: 5366409594815891602
Processing video: 5391892065246550398
Processing video: 5525084584552992937
total  1173319 subs 9168
Trial 545/1000, Params: dpd_20.0_dpg_0.8_ws_40_mg_4.0_sim_5.0, F1@0.50: 45.82
Processing video: 5085344787448740525
Processing video: 5085357672350628540
Processing video: 5086465773912997411
Processing video: 5090916219025116054
Processing video: 5092765202446045704
Processing video: 5097975856769557081
Processing video: 5103182645622502287
Processing video: 5099449889545545450
Processing video: 5134749367588120522
Processing video: 5146258161124252727
Processing video: 5172231547180314349
Processing video: 5173709444596630576
Processing video: 5218949624445806415
Processing video: 5366409594815891602
Processing video: 5391892065246550398
Processing video: 5525084584552992937
total  1173319 subs 9168
Trial 546/1000, Params: dpd_0.8_dpg_0.8_ws_50_mg_4.0_sim_5.0, F1@0.50: 51.81
Processing video: 5085344787448740525
Processing video: 5090916219025116054
Processing video: 5085357672350628540
Processing video: 5086465773912997411
Processing video: 5092765202446045704
Processing video: 5097975856769557081
Processing video: 5103182645622502287
Processing video: 5099449889545545450
Processing video: 5172231547180314349
Processing video: 5134749367588120522
Processing video: 5146258161124252727
Processing video: 5173709444596630576
Processing video: 5218949624445806415
Processing video: 5366409594815891602
Processing video: 5391892065246550398
Processing video: 5525084584552992937
total  1173319 subs 9168
Trial 547/1000, Params: dpd_0.0_dpg_2.0_ws_40_mg_4.0_sim_30.0, F1@0.50: 46.94
Processing video: 5085344787448740525
Processing video: 5085357672350628540
Processing video: 5086465773912997411
Processing video: 5090916219025116054
Processing video: 5092765202446045704
Processing video: 5097975856769557081
Processing video: 5103182645622502287
Processing video: 5099449889545545450
Processing video: 5134749367588120522Processing video: 5172231547180314349

Processing video: 5146258161124252727
Processing video: 5173709444596630576
Processing video: 5218949624445806415
Processing video: 5366409594815891602
Processing video: 5391892065246550398
Processing video: 5525084584552992937
total  1173319 subs 9168
Trial 548/1000, Params: dpd_2.0_dpg_20.0_ws_40_mg_8.0_sim_2.0, F1@0.50: 50.81
Processing video: 5085344787448740525
Processing video: 5085357672350628540
Processing video: 5086465773912997411
Processing video: 5090916219025116054
Processing video: 5092765202446045704
Processing video: 5097975856769557081
Processing video: 5103182645622502287
Processing video: 5099449889545545450
Processing video: 5134749367588120522
Processing video: 5146258161124252727
Processing video: 5173709444596630576
Processing video: 5172231547180314349
Processing video: 5218949624445806415
Processing video: 5366409594815891602
Processing video: 5391892065246550398
Processing video: 5525084584552992937
total  1173319 subs 9168
Trial 549/1000, Params: dpd_100.0_dpg_10.0_ws_40_mg_6.0_sim_0.0, F1@0.50: 32.25
Processing video: 5085344787448740525
Processing video: 5085357672350628540
Processing video: 5086465773912997411
Processing video: 5090916219025116054
Processing video: 5092765202446045704
Processing video: 5103182645622502287
Processing video: 5097975856769557081
Processing video: 5099449889545545450
Processing video: 5134749367588120522
Processing video: 5172231547180314349
Processing video: 5146258161124252727
Processing video: 5366409594815891602
Processing video: 5173709444596630576
Processing video: 5218949624445806415Processing video: 5525084584552992937

Processing video: 5391892065246550398
total  1173319 subs 9168
Trial 550/1000, Params: dpd_0.0_dpg_2.0_ws_20_mg_4.0_sim_2.0, F1@0.50: 49.02
Processing video: 5085344787448740525
Processing video: 5085357672350628540
Processing video: 5086465773912997411
Processing video: 5090916219025116054
Processing video: 5092765202446045704
Processing video: 5097975856769557081
Processing video: 5134749367588120522
Processing video: 5099449889545545450
Processing video: 5103182645622502287
Processing video: 5146258161124252727
Processing video: 5173709444596630576
Processing video: 5172231547180314349
Processing video: 5218949624445806415
Processing video: 5366409594815891602
Processing video: 5391892065246550398
Processing video: 5525084584552992937
total  1173319 subs 9168
Trial 551/1000, Params: dpd_0.5_dpg_0.8_ws_30_mg_8.0_sim_30.0, F1@0.50: 50.2
Processing video: 5085344787448740525
Processing video: 5085357672350628540
Processing video: 5090916219025116054
Processing video: 5086465773912997411
Processing video: 5092765202446045704
Processing video: 5097975856769557081
Processing video: 5099449889545545450
Processing video: 5146258161124252727Processing video: 5103182645622502287

Processing video: 5134749367588120522
Processing video: 5218949624445806415
Processing video: 5172231547180314349
Processing video: 5173709444596630576
Processing video: 5366409594815891602
Processing video: 5391892065246550398
Processing video: 5525084584552992937
total  1173319 subs 9168
Trial 552/1000, Params: dpd_5.0_dpg_5.0_ws_50_mg_2.0_sim_0.0, F1@0.50: 51.0
Processing video: 5085344787448740525
Processing video: 5085357672350628540
Processing video: 5086465773912997411
Processing video: 5090916219025116054
Processing video: 5092765202446045704
Processing video: 5097975856769557081
Processing video: 5099449889545545450
Processing video: 5103182645622502287
Processing video: 5146258161124252727
Processing video: 5134749367588120522
Processing video: 5172231547180314349
Processing video: 5366409594815891602
Processing video: 5173709444596630576
Processing video: 5218949624445806415
Processing video: 5391892065246550398
Processing video: 5525084584552992937
total  1173319 subs 9168
Trial 553/1000, Params: dpd_0.5_dpg_100.0_ws_40_mg_10.0_sim_100.0, F1@0.50: 38.52
Processing video: 5085344787448740525
Processing video: 5085357672350628540
Processing video: 5086465773912997411
Processing video: 5090916219025116054
Processing video: 5092765202446045704
Processing video: 5097975856769557081
Processing video: 5103182645622502287
Processing video: 5099449889545545450
Processing video: 5134749367588120522
Processing video: 5146258161124252727
Processing video: 5218949624445806415
Processing video: 5172231547180314349
Processing video: 5173709444596630576
Processing video: 5366409594815891602Processing video: 5525084584552992937

Processing video: 5391892065246550398
total  1173319 subs 9168
Trial 554/1000, Params: dpd_0.0_dpg_100.0_ws_50_mg_10.0_sim_10.0, F1@0.50: 34.8
Processing video: 5085344787448740525
Processing video: 5085357672350628540
Processing video: 5090916219025116054
Processing video: 5086465773912997411
Processing video: 5092765202446045704
Processing video: 5097975856769557081
Processing video: 5134749367588120522
Processing video: 5099449889545545450
Processing video: 5103182645622502287
Processing video: 5146258161124252727
Processing video: 5172231547180314349
Processing video: 5173709444596630576
Processing video: 5218949624445806415
Processing video: 5366409594815891602
Processing video: 5391892065246550398
Processing video: 5525084584552992937
total  1173319 subs 9168
Trial 555/1000, Params: dpd_0.0_dpg_2.0_ws_50_mg_10.0_sim_10.0, F1@0.50: 52.66
Processing video: 5085344787448740525
Processing video: 5085357672350628540
Processing video: 5086465773912997411
Processing video: 5090916219025116054
Processing video: 5092765202446045704
Processing video: 5097975856769557081
Processing video: 5103182645622502287
Processing video: 5099449889545545450
Processing video: 5172231547180314349
Processing video: 5134749367588120522
Processing video: 5146258161124252727
Processing video: 5173709444596630576
Processing video: 5218949624445806415
Processing video: 5366409594815891602
Processing video: 5391892065246550398Processing video: 5525084584552992937

total  1173319 subs 9168
Trial 556/1000, Params: dpd_20.0_dpg_1.0_ws_20_mg_8.0_sim_50.0, F1@0.50: 49.56
Processing video: 5085344787448740525
Processing video: 5085357672350628540
Processing video: 5086465773912997411
Processing video: 5090916219025116054
Processing video: 5092765202446045704
Processing video: 5097975856769557081
Processing video: 5103182645622502287
Processing video: 5099449889545545450
Processing video: 5134749367588120522
Processing video: 5146258161124252727
Processing video: 5172231547180314349
Processing video: 5173709444596630576
Processing video: 5218949624445806415
Processing video: 5525084584552992937
Processing video: 5366409594815891602
Processing video: 5391892065246550398
total  1173319 subs 9168
Trial 557/1000, Params: dpd_20.0_dpg_10.0_ws_20_mg_6.0_sim_10.0, F1@0.50: 47.33
Processing video: 5085344787448740525
Processing video: 5085357672350628540
Processing video: 5086465773912997411
Processing video: 5090916219025116054
Processing video: 5092765202446045704
Processing video: 5097975856769557081
Processing video: 5099449889545545450
Processing video: 5103182645622502287
Processing video: 5172231547180314349Processing video: 5134749367588120522

Processing video: 5146258161124252727
Processing video: 5366409594815891602
Processing video: 5173709444596630576
Processing video: 5218949624445806415
Processing video: 5391892065246550398
Processing video: 5525084584552992937
total  1173319 subs 9168
Trial 558/1000, Params: dpd_0.5_dpg_0.0_ws_20_mg_6.0_sim_0.0, F1@0.50: 48.13
Processing video: 5085344787448740525
Processing video: 5085357672350628540
Processing video: 5086465773912997411
Processing video: 5092765202446045704
Processing video: 5090916219025116054
Processing video: 5097975856769557081
Processing video: 5099449889545545450
Processing video: 5103182645622502287
Processing video: 5134749367588120522
Processing video: 5146258161124252727
Processing video: 5172231547180314349
Processing video: 5366409594815891602
Processing video: 5173709444596630576
Processing video: 5218949624445806415
Processing video: 5391892065246550398
Processing video: 5525084584552992937
total  1173319 subs 9168
Trial 559/1000, Params: dpd_100.0_dpg_0.0_ws_20_mg_2.0_sim_20.0, F1@0.50: 40.43
Processing video: 5085344787448740525
Processing video: 5085357672350628540
Processing video: 5086465773912997411
Processing video: 5090916219025116054
Processing video: 5092765202446045704
Processing video: 5097975856769557081
Processing video: 5099449889545545450
Processing video: 5134749367588120522
Processing video: 5103182645622502287
Processing video: 5146258161124252727
Processing video: 5172231547180314349
Processing video: 5173709444596630576
Processing video: 5391892065246550398
Processing video: 5218949624445806415
Processing video: 5366409594815891602
Processing video: 5525084584552992937
total  1173319 subs 9168
Trial 560/1000, Params: dpd_0.0_dpg_100.0_ws_30_mg_2.0_sim_2.0, F1@0.50: 33.46
Processing video: 5085344787448740525
Processing video: 5085357672350628540
Processing video: 5086465773912997411
Processing video: 5090916219025116054
Processing video: 5092765202446045704
Processing video: 5097975856769557081
Processing video: 5134749367588120522
Processing video: 5099449889545545450
Processing video: 5103182645622502287
Processing video: 5146258161124252727
Processing video: 5172231547180314349
Processing video: 5173709444596630576
Processing video: 5218949624445806415
Processing video: 5525084584552992937
Processing video: 5366409594815891602
Processing video: 5391892065246550398
total  1173319 subs 9168
Trial 561/1000, Params: dpd_20.0_dpg_20.0_ws_50_mg_8.0_sim_30.0, F1@0.50: 52.46
Processing video: 5085344787448740525
Processing video: 5085357672350628540
Processing video: 5086465773912997411
Processing video: 5090916219025116054
Processing video: 5092765202446045704
Processing video: 5097975856769557081
Processing video: 5099449889545545450
Processing video: 5146258161124252727Processing video: 5103182645622502287

Processing video: 5134749367588120522
Processing video: 5218949624445806415
Processing video: 5172231547180314349
Processing video: 5173709444596630576
Processing video: 5366409594815891602
Processing video: 5391892065246550398
Processing video: 5525084584552992937
total  1173319 subs 9168
Trial 562/1000, Params: dpd_5.0_dpg_10.0_ws_30_mg_2.0_sim_5.0, F1@0.50: 52.91
Processing video: 5085344787448740525
Processing video: 5086465773912997411
Processing video: 5085357672350628540
Processing video: 5090916219025116054
Processing video: 5092765202446045704
Processing video: 5097975856769557081
Processing video: 5099449889545545450
Processing video: 5146258161124252727
Processing video: 5103182645622502287
Processing video: 5134749367588120522
Processing video: 5172231547180314349
Processing video: 5366409594815891602
Processing video: 5173709444596630576
Processing video: 5218949624445806415
Processing video: 5391892065246550398
Processing video: 5525084584552992937
total  1173319 subs 9168
Trial 563/1000, Params: dpd_1.0_dpg_5.0_ws_50_mg_4.0_sim_0.5, F1@0.50: 51.12
Processing video: 5085344787448740525
Processing video: 5085357672350628540
Processing video: 5086465773912997411
Processing video: 5090916219025116054
Processing video: 5092765202446045704
Processing video: 5097975856769557081
Processing video: 5103182645622502287
Processing video: 5099449889545545450
Processing video: 5134749367588120522
Processing video: 5173709444596630576
Processing video: 5146258161124252727
Processing video: 5172231547180314349
Processing video: 5218949624445806415
Processing video: 5366409594815891602
Processing video: 5391892065246550398
Processing video: 5525084584552992937
total  1173319 subs 9168
Trial 564/1000, Params: dpd_0.8_dpg_1.0_ws_20_mg_4.0_sim_10.0, F1@0.50: 51.44
Processing video: 5085344787448740525
Processing video: 5085357672350628540
Processing video: 5086465773912997411
Processing video: 5090916219025116054
Processing video: 5092765202446045704
Processing video: 5103182645622502287
Processing video: 5097975856769557081
Processing video: 5099449889545545450
Processing video: 5172231547180314349
Processing video: 5134749367588120522
Processing video: 5146258161124252727
Processing video: 5173709444596630576
Processing video: 5218949624445806415
Processing video: 5366409594815891602
Processing video: 5391892065246550398
Processing video: 5525084584552992937
total  1173319 subs 9168
Trial 565/1000, Params: dpd_0.0_dpg_5.0_ws_20_mg_4.0_sim_30.0, F1@0.50: 48.35
Processing video: 5085344787448740525
Processing video: 5085357672350628540
Processing video: 5086465773912997411
Processing video: 5090916219025116054
Processing video: 5092765202446045704
Processing video: 5097975856769557081
Processing video: 5103182645622502287
Processing video: 5099449889545545450
Processing video: 5134749367588120522
Processing video: 5146258161124252727
Processing video: 5173709444596630576
Processing video: 5172231547180314349
Processing video: 5218949624445806415
Processing video: 5525084584552992937
Processing video: 5366409594815891602Processing video: 5391892065246550398

total  1173319 subs 9168
Trial 566/1000, Params: dpd_2.0_dpg_0.1_ws_50_mg_4.0_sim_20.0, F1@0.50: 54.43
Processing video: 5085344787448740525
Processing video: 5085357672350628540
Processing video: 5086465773912997411
Processing video: 5090916219025116054
Processing video: 5092765202446045704
Processing video: 5097975856769557081
Processing video: 5134749367588120522
Processing video: 5099449889545545450
Processing video: 5103182645622502287
Processing video: 5146258161124252727
Processing video: 5218949624445806415
Processing video: 5172231547180314349
Processing video: 5173709444596630576
Processing video: 5366409594815891602
Processing video: 5525084584552992937
Processing video: 5391892065246550398
total  1173319 subs 9168
Trial 567/1000, Params: dpd_0.8_dpg_0.0_ws_40_mg_2.0_sim_5.0, F1@0.50: 51.29
Processing video: 5085344787448740525
Processing video: 5085357672350628540
Processing video: 5086465773912997411
Processing video: 5090916219025116054
Processing video: 5092765202446045704
Processing video: 5097975856769557081
Processing video: 5103182645622502287
Processing video: 5099449889545545450
Processing video: 5134749367588120522
Processing video: 5146258161124252727
Processing video: 5172231547180314349
Processing video: 5366409594815891602
Processing video: 5173709444596630576
Processing video: 5218949624445806415
Processing video: 5391892065246550398
Processing video: 5525084584552992937
total  1173319 subs 9168
Trial 568/1000, Params: dpd_2.0_dpg_0.0_ws_40_mg_2.0_sim_2.0, F1@0.50: 51.05
Processing video: 5085344787448740525
Processing video: 5085357672350628540
Processing video: 5086465773912997411
Processing video: 5090916219025116054
Processing video: 5092765202446045704
Processing video: 5097975856769557081
Processing video: 5099449889545545450
Processing video: 5103182645622502287
Processing video: 5146258161124252727
Processing video: 5134749367588120522
Processing video: 5172231547180314349
Processing video: 5218949624445806415
Processing video: 5173709444596630576
Processing video: 5366409594815891602
Processing video: 5391892065246550398
Processing video: 5525084584552992937
total  1173319 subs 9168
Trial 569/1000, Params: dpd_0.1_dpg_20.0_ws_30_mg_10.0_sim_2.0, F1@0.50: 46.09
Processing video: 5085344787448740525
Processing video: 5086465773912997411
Processing video: 5085357672350628540
Processing video: 5090916219025116054
Processing video: 5092765202446045704
Processing video: 5097975856769557081
Processing video: 5134749367588120522
Processing video: 5099449889545545450
Processing video: 5103182645622502287
Processing video: 5172231547180314349
Processing video: 5146258161124252727
Processing video: 5366409594815891602
Processing video: 5173709444596630576
Processing video: 5391892065246550398
Processing video: 5218949624445806415
Processing video: 5525084584552992937
total  1173319 subs 9168
Trial 570/1000, Params: dpd_1.0_dpg_0.1_ws_40_mg_6.0_sim_5.0, F1@0.50: 51.13
Processing video: 5085357672350628540
Processing video: 5085344787448740525
Processing video: 5086465773912997411
Processing video: 5090916219025116054
Processing video: 5092765202446045704
Processing video: 5097975856769557081
Processing video: 5103182645622502287
Processing video: 5099449889545545450
Processing video: 5134749367588120522
Processing video: 5146258161124252727
Processing video: 5172231547180314349
Processing video: 5173709444596630576
Processing video: 5218949624445806415
Processing video: 5366409594815891602
Processing video: 5391892065246550398
Processing video: 5525084584552992937
total  1173319 subs 9168
Trial 571/1000, Params: dpd_0.0_dpg_5.0_ws_20_mg_10.0_sim_100.0, F1@0.50: 41.46
Processing video: 5085344787448740525
Processing video: 5085357672350628540
Processing video: 5086465773912997411
Processing video: 5090916219025116054
Processing video: 5092765202446045704
Processing video: 5097975856769557081
Processing video: 5099449889545545450
Processing video: 5103182645622502287
Processing video: 5146258161124252727
Processing video: 5134749367588120522
Processing video: 5172231547180314349
Processing video: 5173709444596630576
Processing video: 5218949624445806415
Processing video: 5525084584552992937
Processing video: 5366409594815891602
Processing video: 5391892065246550398
total  1173319 subs 9168
Trial 572/1000, Params: dpd_2.0_dpg_5.0_ws_20_mg_4.0_sim_30.0, F1@0.50: 53.01
Processing video: 5085344787448740525
Processing video: 5085357672350628540
Processing video: 5092765202446045704
Processing video: 5086465773912997411
Processing video: 5090916219025116054
Processing video: 5097975856769557081
Processing video: 5099449889545545450
Processing video: 5103182645622502287
Processing video: 5146258161124252727
Processing video: 5134749367588120522
Processing video: 5172231547180314349
Processing video: 5173709444596630576
Processing video: 5218949624445806415
Processing video: 5366409594815891602
Processing video: 5391892065246550398
Processing video: 5525084584552992937
total  1173319 subs 9168
Trial 573/1000, Params: dpd_0.0_dpg_0.5_ws_40_mg_2.0_sim_50.0, F1@0.50: 41.18
Processing video: 5085344787448740525
Processing video: 5090916219025116054
Processing video: 5085357672350628540
Processing video: 5086465773912997411
Processing video: 5092765202446045704
Processing video: 5097975856769557081
Processing video: 5103182645622502287
Processing video: 5099449889545545450
Processing video: 5172231547180314349
Processing video: 5134749367588120522
Processing video: 5146258161124252727
Processing video: 5173709444596630576
Processing video: 5391892065246550398
Processing video: 5218949624445806415
Processing video: 5366409594815891602
Processing video: 5525084584552992937
total  1173319 subs 9168
Trial 574/1000, Params: dpd_0.1_dpg_2.0_ws_30_mg_10.0_sim_2.0, F1@0.50: 50.25
Processing video: 5085344787448740525
Processing video: 5085357672350628540
Processing video: 5086465773912997411
Processing video: 5090916219025116054
Processing video: 5092765202446045704
Processing video: 5097975856769557081
Processing video: 5099449889545545450
Processing video: 5103182645622502287
Processing video: 5146258161124252727
Processing video: 5134749367588120522
Processing video: 5173709444596630576
Processing video: 5218949624445806415
Processing video: 5172231547180314349
Processing video: 5366409594815891602
Processing video: 5391892065246550398
Processing video: 5525084584552992937
total  1173319 subs 9168
Trial 575/1000, Params: dpd_1.0_dpg_2.0_ws_30_mg_2.0_sim_0.5, F1@0.50: 50.95
Processing video: 5085344787448740525
Processing video: 5085357672350628540
Processing video: 5086465773912997411
Processing video: 5090916219025116054
Processing video: 5092765202446045704
Processing video: 5097975856769557081
Processing video: 5099449889545545450
Processing video: 5134749367588120522
Processing video: 5103182645622502287
Processing video: 5218949624445806415
Processing video: 5146258161124252727
Processing video: 5172231547180314349
Processing video: 5173709444596630576
Processing video: 5525084584552992937
Processing video: 5366409594815891602
Processing video: 5391892065246550398
total  1173319 subs 9168
Trial 576/1000, Params: dpd_0.8_dpg_0.8_ws_50_mg_6.0_sim_0.0, F1@0.50: 50.41
Processing video: 5085344787448740525
Processing video: 5085357672350628540
Processing video: 5086465773912997411
Processing video: 5090916219025116054
Processing video: 5092765202446045704
Processing video: 5097975856769557081
Processing video: 5103182645622502287
Processing video: 5099449889545545450
Processing video: 5134749367588120522
Processing video: 5146258161124252727
Processing video: 5172231547180314349
Processing video: 5366409594815891602
Processing video: 5173709444596630576
Processing video: 5218949624445806415
Processing video: 5525084584552992937
Processing video: 5391892065246550398
total  1173319 subs 9168
Trial 577/1000, Params: dpd_1.0_dpg_20.0_ws_50_mg_8.0_sim_10.0, F1@0.50: 51.54
Processing video: 5085344787448740525
Processing video: 5085357672350628540
Processing video: 5086465773912997411
Processing video: 5090916219025116054
Processing video: 5092765202446045704
Processing video: 5097975856769557081
Processing video: 5134749367588120522
Processing video: 5099449889545545450
Processing video: 5103182645622502287
Processing video: 5173709444596630576
Processing video: 5146258161124252727
Processing video: 5172231547180314349
Processing video: 5391892065246550398
Processing video: 5218949624445806415
Processing video: 5366409594815891602
Processing video: 5525084584552992937
total  1173319 subs 9168
Trial 578/1000, Params: dpd_1.0_dpg_2.0_ws_20_mg_8.0_sim_2.0, F1@0.50: 50.04
Processing video: 5085344787448740525
Processing video: 5085357672350628540
Processing video: 5090916219025116054
Processing video: 5086465773912997411
Processing video: 5092765202446045704
Processing video: 5097975856769557081
Processing video: 5103182645622502287
Processing video: 5099449889545545450
Processing video: 5134749367588120522
Processing video: 5172231547180314349
Processing video: 5146258161124252727
Processing video: 5173709444596630576
Processing video: 5218949624445806415
Processing video: 5366409594815891602
Processing video: 5391892065246550398
Processing video: 5525084584552992937
total  1173319 subs 9168
Trial 579/1000, Params: dpd_10.0_dpg_20.0_ws_30_mg_6.0_sim_30.0, F1@0.50: 54.62
Processing video: 5085344787448740525
Processing video: 5085357672350628540
Processing video: 5086465773912997411
Processing video: 5090916219025116054
Processing video: 5092765202446045704
Processing video: 5097975856769557081
Processing video: 5099449889545545450
Processing video: 5103182645622502287
Processing video: 5146258161124252727
Processing video: 5134749367588120522
Processing video: 5172231547180314349
Processing video: 5366409594815891602
Processing video: 5173709444596630576
Processing video: 5218949624445806415
Processing video: 5391892065246550398
Processing video: 5525084584552992937
total  1173319 subs 9168
Trial 580/1000, Params: dpd_10.0_dpg_2.0_ws_50_mg_2.0_sim_0.5, F1@0.50: 47.84
Processing video: 5085357672350628540
Processing video: 5085344787448740525
Processing video: 5086465773912997411
Processing video: 5090916219025116054
Processing video: 5092765202446045704
Processing video: 5097975856769557081
Processing video: 5099449889545545450Processing video: 5134749367588120522

Processing video: 5103182645622502287
Processing video: 5146258161124252727
Processing video: 5218949624445806415
Processing video: 5172231547180314349
Processing video: 5173709444596630576
Processing video: 5366409594815891602
Processing video: 5391892065246550398
Processing video: 5525084584552992937
total  1173319 subs 9168
Trial 581/1000, Params: dpd_20.0_dpg_0.0_ws_30_mg_8.0_sim_10.0, F1@0.50: 45.81
Processing video: 5085357672350628540
Processing video: 5085344787448740525
Processing video: 5086465773912997411
Processing video: 5090916219025116054
Processing video: 5092765202446045704
Processing video: 5097975856769557081
Processing video: 5099449889545545450
Processing video: 5103182645622502287
Processing video: 5134749367588120522
Processing video: 5146258161124252727
Processing video: 5172231547180314349
Processing video: 5173709444596630576
Processing video: 5218949624445806415
Processing video: 5366409594815891602
Processing video: 5391892065246550398
Processing video: 5525084584552992937
total  1173319 subs 9168
Trial 582/1000, Params: dpd_0.8_dpg_5.0_ws_50_mg_4.0_sim_30.0, F1@0.50: 52.34
Processing video: 5085344787448740525
Processing video: 5085357672350628540
Processing video: 5086465773912997411
Processing video: 5090916219025116054
Processing video: 5092765202446045704
Processing video: 5097975856769557081
Processing video: 5099449889545545450
Processing video: 5146258161124252727
Processing video: 5103182645622502287
Processing video: 5134749367588120522
Processing video: 5172231547180314349
Processing video: 5173709444596630576
Processing video: 5391892065246550398
Processing video: 5218949624445806415
Processing video: 5366409594815891602
Processing video: 5525084584552992937
total  1173319 subs 9168
Trial 583/1000, Params: dpd_2.0_dpg_100.0_ws_20_mg_2.0_sim_30.0, F1@0.50: 45.52
Processing video: 5085344787448740525
Processing video: 5085357672350628540
Processing video: 5086465773912997411
Processing video: 5090916219025116054
Processing video: 5092765202446045704
Processing video: 5097975856769557081
Processing video: 5103182645622502287
Processing video: 5099449889545545450
Processing video: 5134749367588120522
Processing video: 5146258161124252727
Processing video: 5172231547180314349
Processing video: 5173709444596630576
Processing video: 5218949624445806415
Processing video: 5366409594815891602
Processing video: 5525084584552992937
Processing video: 5391892065246550398
total  1173319 subs 9168
Trial 584/1000, Params: dpd_100.0_dpg_0.0_ws_30_mg_4.0_sim_100.0, F1@0.50: 42.95
Processing video: 5085344787448740525
Processing video: 5085357672350628540
Processing video: 5090916219025116054
Processing video: 5086465773912997411
Processing video: 5092765202446045704
Processing video: 5097975856769557081
Processing video: 5099449889545545450
Processing video: 5103182645622502287
Processing video: 5134749367588120522
Processing video: 5146258161124252727
Processing video: 5172231547180314349
Processing video: 5218949624445806415
Processing video: 5173709444596630576
Processing video: 5366409594815891602
Processing video: 5391892065246550398
Processing video: 5525084584552992937
total  1173319 subs 9168
Trial 585/1000, Params: dpd_1.0_dpg_5.0_ws_20_mg_8.0_sim_2.0, F1@0.50: 49.79
Processing video: 5085344787448740525
Processing video: 5085357672350628540
Processing video: 5086465773912997411
Processing video: 5090916219025116054
Processing video: 5092765202446045704
Processing video: 5097975856769557081
Processing video: 5134749367588120522
Processing video: 5099449889545545450
Processing video: 5103182645622502287
Processing video: 5173709444596630576
Processing video: 5146258161124252727
Processing video: 5172231547180314349
Processing video: 5218949624445806415
Processing video: 5366409594815891602
Processing video: 5391892065246550398
Processing video: 5525084584552992937
total  1173319 subs 9168
Trial 586/1000, Params: dpd_100.0_dpg_1.0_ws_40_mg_8.0_sim_5.0, F1@0.50: 33.18
Processing video: 5085344787448740525
Processing video: 5085357672350628540
Processing video: 5086465773912997411
Processing video: 5090916219025116054
Processing video: 5092765202446045704
Processing video: 5097975856769557081
Processing video: 5099449889545545450
Processing video: 5146258161124252727
Processing video: 5103182645622502287
Processing video: 5134749367588120522
Processing video: 5172231547180314349
Processing video: 5173709444596630576
Processing video: 5218949624445806415
Processing video: 5525084584552992937
Processing video: 5366409594815891602
Processing video: 5391892065246550398
total  1173319 subs 9168
Trial 587/1000, Params: dpd_0.0_dpg_0.1_ws_50_mg_4.0_sim_10.0, F1@0.50: 51.8
Processing video: 5085344787448740525
Processing video: 5085357672350628540
Processing video: 5086465773912997411
Processing video: 5090916219025116054
Processing video: 5092765202446045704
Processing video: 5097975856769557081
Processing video: 5099449889545545450
Processing video: 5103182645622502287
Processing video: 5146258161124252727
Processing video: 5134749367588120522
Processing video: 5218949624445806415
Processing video: 5172231547180314349
Processing video: 5173709444596630576
Processing video: 5525084584552992937
Processing video: 5366409594815891602
Processing video: 5391892065246550398
total  1173319 subs 9168
Trial 588/1000, Params: dpd_0.1_dpg_20.0_ws_40_mg_2.0_sim_5.0, F1@0.50: 47.33
Processing video: 5085344787448740525
Processing video: 5085357672350628540
Processing video: 5086465773912997411
Processing video: 5090916219025116054
Processing video: 5092765202446045704
Processing video: 5097975856769557081
Processing video: 5103182645622502287
Processing video: 5099449889545545450
Processing video: 5134749367588120522
Processing video: 5146258161124252727
Processing video: 5172231547180314349
Processing video: 5173709444596630576
Processing video: 5218949624445806415
Processing video: 5366409594815891602
Processing video: 5391892065246550398
Processing video: 5525084584552992937
total  1173319 subs 9168
Trial 589/1000, Params: dpd_2.0_dpg_10.0_ws_40_mg_4.0_sim_20.0, F1@0.50: 54.94
Processing video: 5085344787448740525
Processing video: 5085357672350628540
Processing video: 5086465773912997411
Processing video: 5090916219025116054
Processing video: 5092765202446045704
Processing video: 5097975856769557081
Processing video: 5099449889545545450
Processing video: 5103182645622502287
Processing video: 5134749367588120522
Processing video: 5146258161124252727
Processing video: 5172231547180314349
Processing video: 5173709444596630576
Processing video: 5391892065246550398
Processing video: 5218949624445806415
Processing video: 5366409594815891602
Processing video: 5525084584552992937
total  1173319 subs 9168
Trial 590/1000, Params: dpd_100.0_dpg_0.0_ws_40_mg_4.0_sim_5.0, F1@0.50: 33.19
Processing video: 5085344787448740525
Processing video: 5085357672350628540
Processing video: 5086465773912997411
Processing video: 5090916219025116054
Processing video: 5092765202446045704
Processing video: 5097975856769557081
Processing video: 5099449889545545450
Processing video: 5146258161124252727
Processing video: 5103182645622502287
Processing video: 5134749367588120522
Processing video: 5172231547180314349
Processing video: 5173709444596630576
Processing video: 5218949624445806415
Processing video: 5366409594815891602
Processing video: 5391892065246550398
Processing video: 5525084584552992937
total  1173319 subs 9168
Trial 591/1000, Params: dpd_100.0_dpg_100.0_ws_30_mg_6.0_sim_20.0, F1@0.50: 43.96
Processing video: 5085344787448740525
Processing video: 5085357672350628540
Processing video: 5086465773912997411
Processing video: 5090916219025116054
Processing video: 5092765202446045704
Processing video: 5097975856769557081
Processing video: 5099449889545545450
Processing video: 5103182645622502287
Processing video: 5134749367588120522
Processing video: 5173709444596630576Processing video: 5146258161124252727

Processing video: 5172231547180314349
Processing video: 5366409594815891602
Processing video: 5391892065246550398
Processing video: 5218949624445806415
Processing video: 5525084584552992937
total  1173319 subs 9168
Trial 592/1000, Params: dpd_10.0_dpg_0.5_ws_30_mg_8.0_sim_0.5, F1@0.50: 46.75
Processing video: 5085344787448740525
Processing video: 5085357672350628540
Processing video: 5086465773912997411
Processing video: 5090916219025116054
Processing video: 5092765202446045704
Processing video: 5097975856769557081
Processing video: 5103182645622502287
Processing video: 5099449889545545450
Processing video: 5134749367588120522
Processing video: 5146258161124252727
Processing video: 5172231547180314349
Processing video: 5173709444596630576
Processing video: 5218949624445806415
Processing video: 5366409594815891602
Processing video: 5391892065246550398
Processing video: 5525084584552992937
total  1173319 subs 9168
Trial 593/1000, Params: dpd_0.5_dpg_2.0_ws_20_mg_4.0_sim_30.0, F1@0.50: 50.19
Processing video: 5085344787448740525
Processing video: 5085357672350628540
Processing video: 5086465773912997411
Processing video: 5090916219025116054
Processing video: 5092765202446045704
Processing video: 5097975856769557081
Processing video: 5103182645622502287
Processing video: 5099449889545545450
Processing video: 5172231547180314349
Processing video: 5134749367588120522
Processing video: 5146258161124252727
Processing video: 5173709444596630576
Processing video: 5218949624445806415
Processing video: 5366409594815891602
Processing video: 5391892065246550398
Processing video: 5525084584552992937
total  1173319 subs 9168
Trial 594/1000, Params: dpd_0.8_dpg_5.0_ws_50_mg_4.0_sim_10.0, F1@0.50: 53.54
Processing video: 5085344787448740525
Processing video: 5085357672350628540
Processing video: 5086465773912997411
Processing video: 5090916219025116054
Processing video: 5092765202446045704
Processing video: 5097975856769557081
Processing video: 5103182645622502287
Processing video: 5099449889545545450
Processing video: 5134749367588120522
Processing video: 5172231547180314349
Processing video: 5146258161124252727
Processing video: 5173709444596630576
Processing video: 5218949624445806415
Processing video: 5366409594815891602
Processing video: 5391892065246550398
Processing video: 5525084584552992937
total  1173319 subs 9168
Trial 595/1000, Params: dpd_0.0_dpg_0.5_ws_30_mg_6.0_sim_10.0, F1@0.50: 51.73
Processing video: 5085344787448740525
Processing video: 5085357672350628540
Processing video: 5086465773912997411
Processing video: 5090916219025116054
Processing video: 5092765202446045704
Processing video: 5097975856769557081
Processing video: 5099449889545545450
Processing video: 5103182645622502287
Processing video: 5172231547180314349
Processing video: 5134749367588120522
Processing video: 5146258161124252727
Processing video: 5173709444596630576
Processing video: 5391892065246550398
Processing video: 5218949624445806415
Processing video: 5366409594815891602
Processing video: 5525084584552992937
total  1173319 subs 9168
Trial 596/1000, Params: dpd_20.0_dpg_0.8_ws_50_mg_8.0_sim_100.0, F1@0.50: 50.98
Processing video: 5085344787448740525
Processing video: 5085357672350628540
Processing video: 5086465773912997411
Processing video: 5090916219025116054
Processing video: 5092765202446045704
Processing video: 5097975856769557081
Processing video: 5099449889545545450
Processing video: 5103182645622502287
Processing video: 5134749367588120522
Processing video: 5172231547180314349
Processing video: 5146258161124252727
Processing video: 5173709444596630576
Processing video: 5218949624445806415
Processing video: 5525084584552992937
Processing video: 5366409594815891602
Processing video: 5391892065246550398
total  1173319 subs 9168
Trial 597/1000, Params: dpd_20.0_dpg_1.0_ws_20_mg_4.0_sim_100.0, F1@0.50: 51.06
Processing video: 5085344787448740525
Processing video: 5085357672350628540
Processing video: 5090916219025116054
Processing video: 5086465773912997411
Processing video: 5092765202446045704
Processing video: 5097975856769557081
Processing video: 5103182645622502287
Processing video: 5099449889545545450
Processing video: 5172231547180314349
Processing video: 5134749367588120522
Processing video: 5146258161124252727
Processing video: 5173709444596630576
Processing video: 5218949624445806415
Processing video: 5525084584552992937
Processing video: 5366409594815891602
Processing video: 5391892065246550398
total  1173319 subs 9168
Trial 598/1000, Params: dpd_20.0_dpg_5.0_ws_30_mg_10.0_sim_0.0, F1@0.50: 43.26
Processing video: 5085344787448740525
Processing video: 5085357672350628540
Processing video: 5086465773912997411
Processing video: 5090916219025116054
Processing video: 5092765202446045704
Processing video: 5097975856769557081
Processing video: 5099449889545545450
Processing video: 5103182645622502287
Processing video: 5134749367588120522
Processing video: 5173709444596630576
Processing video: 5146258161124252727
Processing video: 5172231547180314349
Processing video: 5218949624445806415
Processing video: 5366409594815891602
Processing video: 5391892065246550398
Processing video: 5525084584552992937
total  1173319 subs 9168
Trial 599/1000, Params: dpd_5.0_dpg_0.5_ws_50_mg_10.0_sim_5.0, F1@0.50: 51.04
Processing video: 5085344787448740525
Processing video: 5085357672350628540
Processing video: 5086465773912997411
Processing video: 5090916219025116054
Processing video: 5092765202446045704
Processing video: 5097975856769557081
Processing video: 5103182645622502287
Processing video: 5099449889545545450
Processing video: 5134749367588120522
Processing video: 5146258161124252727
Processing video: 5172231547180314349
Processing video: 5173709444596630576
Processing video: 5218949624445806415
Processing video: 5366409594815891602
Processing video: 5391892065246550398
Processing video: 5525084584552992937
total  1173319 subs 9168
Trial 600/1000, Params: dpd_2.0_dpg_0.8_ws_20_mg_10.0_sim_5.0, F1@0.50: 50.19
Processing video: 5085344787448740525
Processing video: 5085357672350628540
Processing video: 5086465773912997411
Processing video: 5090916219025116054
Processing video: 5092765202446045704
Processing video: 5097975856769557081
Processing video: 5103182645622502287
Processing video: 5099449889545545450
Processing video: 5134749367588120522
Processing video: 5173709444596630576
Processing video: 5146258161124252727Processing video: 5218949624445806415

Processing video: 5172231547180314349
Processing video: 5366409594815891602
Processing video: 5391892065246550398
Processing video: 5525084584552992937
total  1173319 subs 9168
Trial 601/1000, Params: dpd_10.0_dpg_1.0_ws_40_mg_10.0_sim_2.0, F1@0.50: 48.14
Processing video: 5085344787448740525
Processing video: 5085357672350628540
Processing video: 5086465773912997411
Processing video: 5090916219025116054
Processing video: 5097975856769557081
Processing video: 5092765202446045704
Processing video: 5099449889545545450
Processing video: 5103182645622502287
Processing video: 5146258161124252727
Processing video: 5172231547180314349
Processing video: 5134749367588120522
Processing video: 5173709444596630576
Processing video: 5366409594815891602
Processing video: 5218949624445806415
Processing video: 5391892065246550398
Processing video: 5525084584552992937
total  1173319 subs 9168
Trial 602/1000, Params: dpd_20.0_dpg_5.0_ws_50_mg_2.0_sim_0.0, F1@0.50: 44.73
Processing video: 5085344787448740525
Processing video: 5085357672350628540
Processing video: 5086465773912997411
Processing video: 5090916219025116054
Processing video: 5092765202446045704
Processing video: 5097975856769557081
Processing video: 5099449889545545450
Processing video: 5103182645622502287
Processing video: 5146258161124252727
Processing video: 5134749367588120522
Processing video: 5172231547180314349
Processing video: 5173709444596630576
Processing video: 5218949624445806415
Processing video: 5366409594815891602
Processing video: 5525084584552992937
Processing video: 5391892065246550398
total  1173319 subs 9168
Trial 603/1000, Params: dpd_0.5_dpg_2.0_ws_50_mg_2.0_sim_0.0, F1@0.50: 50.28
Processing video: 5085344787448740525
Processing video: 5085357672350628540
Processing video: 5086465773912997411
Processing video: 5090916219025116054
Processing video: 5092765202446045704
Processing video: 5097975856769557081
Processing video: 5134749367588120522
Processing video: 5099449889545545450
Processing video: 5103182645622502287
Processing video: 5146258161124252727
Processing video: 5172231547180314349
Processing video: 5366409594815891602
Processing video: 5173709444596630576
Processing video: 5525084584552992937
Processing video: 5218949624445806415
Processing video: 5391892065246550398
total  1173319 subs 9168
Trial 604/1000, Params: dpd_0.8_dpg_0.8_ws_50_mg_10.0_sim_30.0, F1@0.50: 51.35
Processing video: 5085344787448740525
Processing video: 5085357672350628540
Processing video: 5086465773912997411
Processing video: 5090916219025116054
Processing video: 5092765202446045704
Processing video: 5097975856769557081
Processing video: 5103182645622502287
Processing video: 5099449889545545450
Processing video: 5134749367588120522
Processing video: 5146258161124252727
Processing video: 5172231547180314349
Processing video: 5218949624445806415
Processing video: 5173709444596630576
Processing video: 5366409594815891602
Processing video: 5525084584552992937
Processing video: 5391892065246550398
total  1173319 subs 9168
Trial 605/1000, Params: dpd_2.0_dpg_10.0_ws_20_mg_4.0_sim_10.0, F1@0.50: 52.69
Processing video: 5085344787448740525
Processing video: 5085357672350628540
Processing video: 5086465773912997411
Processing video: 5090916219025116054
Processing video: 5092765202446045704
Processing video: 5097975856769557081
Processing video: 5099449889545545450
Processing video: 5103182645622502287
Processing video: 5134749367588120522
Processing video: 5146258161124252727
Processing video: 5172231547180314349
Processing video: 5173709444596630576
Processing video: 5218949624445806415
Processing video: 5525084584552992937
Processing video: 5366409594815891602
Processing video: 5391892065246550398
total  1173319 subs 9168
Trial 606/1000, Params: dpd_1.0_dpg_0.0_ws_50_mg_8.0_sim_10.0, F1@0.50: 52.52
Processing video: 5085344787448740525
Processing video: 5086465773912997411
Processing video: 5085357672350628540
Processing video: 5090916219025116054
Processing video: 5092765202446045704
Processing video: 5097975856769557081
Processing video: 5134749367588120522
Processing video: 5099449889545545450
Processing video: 5103182645622502287
Processing video: 5146258161124252727
Processing video: 5218949624445806415
Processing video: 5172231547180314349
Processing video: 5173709444596630576
Processing video: 5366409594815891602
Processing video: 5391892065246550398
Processing video: 5525084584552992937
total  1173319 subs 9168
Trial 607/1000, Params: dpd_5.0_dpg_10.0_ws_20_mg_6.0_sim_2.0, F1@0.50: 50.67
Processing video: 5085344787448740525
Processing video: 5085357672350628540
Processing video: 5086465773912997411
Processing video: 5090916219025116054
Processing video: 5092765202446045704
Processing video: 5097975856769557081
Processing video: 5099449889545545450
Processing video: 5146258161124252727
Processing video: 5103182645622502287
Processing video: 5134749367588120522
Processing video: 5218949624445806415
Processing video: 5172231547180314349
Processing video: 5173709444596630576
Processing video: 5525084584552992937
Processing video: 5366409594815891602
Processing video: 5391892065246550398
total  1173319 subs 9168
Trial 608/1000, Params: dpd_0.1_dpg_0.5_ws_30_mg_6.0_sim_20.0, F1@0.50: 50.15
Processing video: 5085344787448740525
Processing video: 5085357672350628540
Processing video: 5086465773912997411
Processing video: 5090916219025116054
Processing video: 5092765202446045704
Processing video: 5097975856769557081
Processing video: 5099449889545545450
Processing video: 5103182645622502287
Processing video: 5134749367588120522
Processing video: 5172231547180314349
Processing video: 5146258161124252727
Processing video: 5173709444596630576
Processing video: 5218949624445806415
Processing video: 5525084584552992937
Processing video: 5366409594815891602
Processing video: 5391892065246550398
total  1173319 subs 9168
Trial 609/1000, Params: dpd_2.0_dpg_20.0_ws_50_mg_2.0_sim_20.0, F1@0.50: 53.9
Processing video: 5085344787448740525
Processing video: 5085357672350628540
Processing video: 5090916219025116054
Processing video: 5086465773912997411
Processing video: 5092765202446045704
Processing video: 5097975856769557081
Processing video: 5099449889545545450
Processing video: 5103182645622502287
Processing video: 5146258161124252727
Processing video: 5134749367588120522
Processing video: 5218949624445806415
Processing video: 5172231547180314349
Processing video: 5173709444596630576
Processing video: 5525084584552992937
Processing video: 5366409594815891602
Processing video: 5391892065246550398
total  1173319 subs 9168
Trial 610/1000, Params: dpd_2.0_dpg_0.0_ws_30_mg_8.0_sim_0.5, F1@0.50: 49.9
Processing video: 5085344787448740525
Processing video: 5085357672350628540
Processing video: 5086465773912997411
Processing video: 5090916219025116054
Processing video: 5092765202446045704
Processing video: 5097975856769557081
Processing video: 5099449889545545450
Processing video: 5103182645622502287
Processing video: 5146258161124252727
Processing video: 5134749367588120522
Processing video: 5173709444596630576
Processing video: 5172231547180314349
Processing video: 5218949624445806415
Processing video: 5366409594815891602
Processing video: 5391892065246550398
Processing video: 5525084584552992937
total  1173319 subs 9168
Trial 611/1000, Params: dpd_0.5_dpg_5.0_ws_30_mg_4.0_sim_2.0, F1@0.50: 50.63
Processing video: 5085344787448740525
Processing video: 5085357672350628540
Processing video: 5086465773912997411
Processing video: 5090916219025116054
Processing video: 5092765202446045704
Processing video: 5097975856769557081
Processing video: 5103182645622502287
Processing video: 5099449889545545450
Processing video: 5134749367588120522
Processing video: 5146258161124252727
Processing video: 5172231547180314349
Processing video: 5366409594815891602
Processing video: 5173709444596630576
Processing video: 5218949624445806415
Processing video: 5525084584552992937
Processing video: 5391892065246550398
total  1173319 subs 9168
Trial 612/1000, Params: dpd_0.0_dpg_5.0_ws_40_mg_10.0_sim_30.0, F1@0.50: 47.34
Processing video: 5085344787448740525
Processing video: 5085357672350628540
Processing video: 5086465773912997411
Processing video: 5090916219025116054
Processing video: 5092765202446045704
Processing video: 5097975856769557081
Processing video: 5099449889545545450
Processing video: 5103182645622502287
Processing video: 5134749367588120522
Processing video: 5146258161124252727
Processing video: 5172231547180314349
Processing video: 5173709444596630576
Processing video: 5218949624445806415
Processing video: 5366409594815891602
Processing video: 5391892065246550398
Processing video: 5525084584552992937
total  1173319 subs 9168
Trial 613/1000, Params: dpd_100.0_dpg_0.8_ws_50_mg_8.0_sim_0.0, F1@0.50: 31.05
Processing video: 5085344787448740525
Processing video: 5085357672350628540
Processing video: 5086465773912997411
Processing video: 5090916219025116054
Processing video: 5092765202446045704
Processing video: 5097975856769557081
Processing video: 5099449889545545450
Processing video: 5103182645622502287
Processing video: 5134749367588120522
Processing video: 5146258161124252727
Processing video: 5172231547180314349
Processing video: 5173709444596630576
Processing video: 5218949624445806415
Processing video: 5366409594815891602
Processing video: 5391892065246550398
Processing video: 5525084584552992937
total  1173319 subs 9168
Trial 614/1000, Params: dpd_20.0_dpg_2.0_ws_20_mg_8.0_sim_2.0, F1@0.50: 43.02
Processing video: 5085344787448740525
Processing video: 5085357672350628540
Processing video: 5086465773912997411
Processing video: 5090916219025116054
Processing video: 5092765202446045704
Processing video: 5097975856769557081
Processing video: 5103182645622502287
Processing video: 5099449889545545450
Processing video: 5134749367588120522
Processing video: 5173709444596630576
Processing video: 5146258161124252727
Processing video: 5172231547180314349
Processing video: 5391892065246550398
Processing video: 5218949624445806415
Processing video: 5366409594815891602
Processing video: 5525084584552992937
total  1173319 subs 9168
Trial 615/1000, Params: dpd_5.0_dpg_100.0_ws_40_mg_4.0_sim_5.0, F1@0.50: 44.05
Processing video: 5085344787448740525
Processing video: 5085357672350628540
Processing video: 5086465773912997411
Processing video: 5090916219025116054
Processing video: 5092765202446045704
Processing video: 5097975856769557081
Processing video: 5103182645622502287
Processing video: 5099449889545545450
Processing video: 5172231547180314349
Processing video: 5134749367588120522
Processing video: 5146258161124252727
Processing video: 5173709444596630576
Processing video: 5391892065246550398
Processing video: 5218949624445806415
Processing video: 5366409594815891602
Processing video: 5525084584552992937
total  1173319 subs 9168
Trial 616/1000, Params: dpd_10.0_dpg_20.0_ws_30_mg_6.0_sim_5.0, F1@0.50: 51.81
Processing video: 5085344787448740525
Processing video: 5085357672350628540
Processing video: 5086465773912997411
Processing video: 5090916219025116054
Processing video: 5092765202446045704
Processing video: 5097975856769557081
Processing video: 5134749367588120522
Processing video: 5099449889545545450
Processing video: 5103182645622502287
Processing video: 5146258161124252727
Processing video: 5218949624445806415
Processing video: 5172231547180314349
Processing video: 5173709444596630576Processing video: 5391892065246550398

Processing video: 5366409594815891602
Processing video: 5525084584552992937
total  1173319 subs 9168
Trial 617/1000, Params: dpd_10.0_dpg_20.0_ws_20_mg_4.0_sim_0.0, F1@0.50: 46.18
Processing video: 5085344787448740525
Processing video: 5085357672350628540
Processing video: 5086465773912997411
Processing video: 5090916219025116054
Processing video: 5092765202446045704
Processing video: 5097975856769557081
Processing video: 5134749367588120522
Processing video: 5099449889545545450
Processing video: 5103182645622502287
Processing video: 5146258161124252727
Processing video: 5172231547180314349
Processing video: 5173709444596630576
Processing video: 5218949624445806415
Processing video: 5366409594815891602
Processing video: 5391892065246550398
Processing video: 5525084584552992937
total  1173319 subs 9168
Trial 618/1000, Params: dpd_5.0_dpg_20.0_ws_30_mg_6.0_sim_0.5, F1@0.50: 50.75
Processing video: 5085344787448740525
Processing video: 5085357672350628540
Processing video: 5086465773912997411
Processing video: 5090916219025116054
Processing video: 5092765202446045704
Processing video: 5097975856769557081
Processing video: 5103182645622502287
Processing video: 5099449889545545450
Processing video: 5172231547180314349
Processing video: 5134749367588120522
Processing video: 5146258161124252727
Processing video: 5366409594815891602
Processing video: 5173709444596630576
Processing video: 5218949624445806415
Processing video: 5391892065246550398
Processing video: 5525084584552992937
total  1173319 subs 9168
Trial 619/1000, Params: dpd_1.0_dpg_0.8_ws_30_mg_10.0_sim_0.0, F1@0.50: 49.99
Processing video: 5085344787448740525
Processing video: 5085357672350628540
Processing video: 5086465773912997411
Processing video: 5090916219025116054
Processing video: 5092765202446045704
Processing video: 5097975856769557081
Processing video: 5099449889545545450
Processing video: 5103182645622502287
Processing video: 5146258161124252727
Processing video: 5134749367588120522
Processing video: 5218949624445806415
Processing video: 5173709444596630576Processing video: 5172231547180314349

Processing video: 5366409594815891602
Processing video: 5391892065246550398
Processing video: 5525084584552992937
total  1173319 subs 9168
Trial 620/1000, Params: dpd_2.0_dpg_0.8_ws_50_mg_8.0_sim_1.0, F1@0.50: 51.12
Processing video: 5085344787448740525
Processing video: 5085357672350628540
Processing video: 5086465773912997411
Processing video: 5090916219025116054
Processing video: 5092765202446045704
Processing video: 5097975856769557081
Processing video: 5103182645622502287
Processing video: 5099449889545545450
Processing video: 5134749367588120522
Processing video: 5173709444596630576
Processing video: 5146258161124252727
Processing video: 5172231547180314349
Processing video: 5366409594815891602
Processing video: 5218949624445806415
Processing video: 5391892065246550398
Processing video: 5525084584552992937
total  1173319 subs 9168
Trial 621/1000, Params: dpd_0.8_dpg_0.1_ws_40_mg_10.0_sim_100.0, F1@0.50: 37.21
Processing video: 5085344787448740525
Processing video: 5086465773912997411
Processing video: 5085357672350628540
Processing video: 5090916219025116054
Processing video: 5092765202446045704
Processing video: 5097975856769557081
Processing video: 5134749367588120522
Processing video: 5099449889545545450
Processing video: 5103182645622502287
Processing video: 5146258161124252727
Processing video: 5218949624445806415
Processing video: 5172231547180314349
Processing video: 5173709444596630576
Processing video: 5366409594815891602
Processing video: 5391892065246550398
Processing video: 5525084584552992937
total  1173319 subs 9168
Trial 622/1000, Params: dpd_10.0_dpg_5.0_ws_20_mg_10.0_sim_100.0, F1@0.50: 51.37
Processing video: 5085344787448740525
Processing video: 5085357672350628540
Processing video: 5090916219025116054
Processing video: 5086465773912997411
Processing video: 5092765202446045704
Processing video: 5097975856769557081
Processing video: 5134749367588120522
Processing video: 5099449889545545450
Processing video: 5103182645622502287
Processing video: 5146258161124252727
Processing video: 5172231547180314349
Processing video: 5173709444596630576
Processing video: 5218949624445806415
Processing video: 5366409594815891602
Processing video: 5391892065246550398
Processing video: 5525084584552992937
total  1173319 subs 9168
Trial 623/1000, Params: dpd_100.0_dpg_2.0_ws_20_mg_2.0_sim_30.0, F1@0.50: 42.29
Processing video: 5085344787448740525
Processing video: 5085357672350628540
Processing video: 5086465773912997411
Processing video: 5090916219025116054
Processing video: 5092765202446045704
Processing video: 5097975856769557081
Processing video: 5099449889545545450
Processing video: 5103182645622502287
Processing video: 5134749367588120522
Processing video: 5146258161124252727
Processing video: 5172231547180314349
Processing video: 5173709444596630576
Processing video: 5218949624445806415
Processing video: 5391892065246550398
Processing video: 5366409594815891602
Processing video: 5525084584552992937
total  1173319 subs 9168
Trial 624/1000, Params: dpd_20.0_dpg_10.0_ws_20_mg_10.0_sim_5.0, F1@0.50: 45.52
Processing video: 5085357672350628540
Processing video: 5085344787448740525
Processing video: 5086465773912997411
Processing video: 5090916219025116054
Processing video: 5092765202446045704
Processing video: 5097975856769557081
Processing video: 5099449889545545450
Processing video: 5134749367588120522
Processing video: 5146258161124252727
Processing video: 5103182645622502287
Processing video: 5172231547180314349
Processing video: 5173709444596630576
Processing video: 5218949624445806415Processing video: 5366409594815891602

Processing video: 5391892065246550398
Processing video: 5525084584552992937
total  1173319 subs 9168
Trial 625/1000, Params: dpd_100.0_dpg_0.0_ws_50_mg_4.0_sim_1.0, F1@0.50: 31.27
Processing video: 5085344787448740525
Processing video: 5085357672350628540
Processing video: 5086465773912997411
Processing video: 5090916219025116054
Processing video: 5092765202446045704
Processing video: 5097975856769557081
Processing video: 5099449889545545450
Processing video: 5103182645622502287
Processing video: 5134749367588120522
Processing video: 5173709444596630576
Processing video: 5146258161124252727
Processing video: 5172231547180314349
Processing video: 5218949624445806415
Processing video: 5391892065246550398
Processing video: 5366409594815891602
Processing video: 5525084584552992937
total  1173319 subs 9168
Trial 626/1000, Params: dpd_100.0_dpg_5.0_ws_40_mg_6.0_sim_2.0, F1@0.50: 32.83
Processing video: 5085344787448740525
Processing video: 5085357672350628540
Processing video: 5086465773912997411
Processing video: 5090916219025116054
Processing video: 5092765202446045704
Processing video: 5097975856769557081
Processing video: 5103182645622502287
Processing video: 5099449889545545450
Processing video: 5134749367588120522
Processing video: 5146258161124252727
Processing video: 5172231547180314349
Processing video: 5173709444596630576
Processing video: 5218949624445806415
Processing video: 5366409594815891602
Processing video: 5391892065246550398
Processing video: 5525084584552992937
total  1173319 subs 9168
Trial 627/1000, Params: dpd_1.0_dpg_0.1_ws_50_mg_8.0_sim_100.0, F1@0.50: 36.37
Processing video: 5085357672350628540
Processing video: 5085344787448740525
Processing video: 5086465773912997411
Processing video: 5090916219025116054
Processing video: 5092765202446045704
Processing video: 5097975856769557081
Processing video: 5103182645622502287
Processing video: 5099449889545545450
Processing video: 5134749367588120522
Processing video: 5173709444596630576
Processing video: 5146258161124252727
Processing video: 5172231547180314349
Processing video: 5391892065246550398
Processing video: 5218949624445806415
Processing video: 5366409594815891602
Processing video: 5525084584552992937
total  1173319 subs 9168
Trial 628/1000, Params: dpd_0.5_dpg_0.1_ws_30_mg_2.0_sim_20.0, F1@0.50: 52.07
Processing video: 5085344787448740525
Processing video: 5085357672350628540
Processing video: 5086465773912997411
Processing video: 5090916219025116054
Processing video: 5092765202446045704
Processing video: 5099449889545545450
Processing video: 5097975856769557081
Processing video: 5103182645622502287
Processing video: 5134749367588120522
Processing video: 5146258161124252727
Processing video: 5172231547180314349
Processing video: 5218949624445806415
Processing video: 5173709444596630576
Processing video: 5525084584552992937
Processing video: 5366409594815891602
Processing video: 5391892065246550398
total  1173319 subs 9168
Trial 629/1000, Params: dpd_5.0_dpg_1.0_ws_20_mg_6.0_sim_100.0, F1@0.50: 49.51
Processing video: 5085344787448740525
Processing video: 5085357672350628540
Processing video: 5086465773912997411
Processing video: 5090916219025116054
Processing video: 5092765202446045704
Processing video: 5097975856769557081
Processing video: 5099449889545545450
Processing video: 5103182645622502287
Processing video: 5134749367588120522
Processing video: 5173709444596630576
Processing video: 5146258161124252727
Processing video: 5172231547180314349
Processing video: 5366409594815891602
Processing video: 5218949624445806415
Processing video: 5391892065246550398Processing video: 5525084584552992937

total  1173319 subs 9168
Trial 630/1000, Params: dpd_20.0_dpg_0.0_ws_50_mg_8.0_sim_5.0, F1@0.50: 45.53
Processing video: 5085344787448740525
Processing video: 5090916219025116054
Processing video: 5085357672350628540
Processing video: 5086465773912997411
Processing video: 5092765202446045704
Processing video: 5097975856769557081
Processing video: 5103182645622502287
Processing video: 5099449889545545450
Processing video: 5134749367588120522
Processing video: 5173709444596630576
Processing video: 5146258161124252727
Processing video: 5172231547180314349
Processing video: 5218949624445806415
Processing video: 5366409594815891602
Processing video: 5525084584552992937
Processing video: 5391892065246550398
total  1173319 subs 9168
Trial 631/1000, Params: dpd_5.0_dpg_0.5_ws_40_mg_2.0_sim_5.0, F1@0.50: 51.11
Processing video: 5085344787448740525
Processing video: 5085357672350628540
Processing video: 5086465773912997411
Processing video: 5090916219025116054
Processing video: 5092765202446045704
Processing video: 5097975856769557081
Processing video: 5134749367588120522
Processing video: 5099449889545545450
Processing video: 5103182645622502287
Processing video: 5172231547180314349
Processing video: 5146258161124252727
Processing video: 5366409594815891602
Processing video: 5173709444596630576
Processing video: 5218949624445806415
Processing video: 5391892065246550398
Processing video: 5525084584552992937
total  1173319 subs 9168
Trial 632/1000, Params: dpd_0.5_dpg_1.0_ws_20_mg_10.0_sim_2.0, F1@0.50: 49.37
Processing video: 5085344787448740525
Processing video: 5085357672350628540
Processing video: 5086465773912997411
Processing video: 5090916219025116054
Processing video: 5092765202446045704
Processing video: 5097975856769557081
Processing video: 5103182645622502287
Processing video: 5099449889545545450
Processing video: 5134749367588120522
Processing video: 5146258161124252727
Processing video: 5172231547180314349
Processing video: 5173709444596630576
Processing video: 5218949624445806415
Processing video: 5366409594815891602
Processing video: 5391892065246550398
Processing video: 5525084584552992937
total  1173319 subs 9168
Trial 633/1000, Params: dpd_5.0_dpg_1.0_ws_40_mg_2.0_sim_50.0, F1@0.50: 53.85
Processing video: 5085357672350628540
Processing video: 5085344787448740525
Processing video: 5086465773912997411
Processing video: 5090916219025116054
Processing video: 5092765202446045704
Processing video: 5097975856769557081
Processing video: 5099449889545545450
Processing video: 5146258161124252727
Processing video: 5103182645622502287
Processing video: 5134749367588120522
Processing video: 5172231547180314349
Processing video: 5366409594815891602
Processing video: 5173709444596630576
Processing video: 5391892065246550398
Processing video: 5218949624445806415
Processing video: 5525084584552992937
total  1173319 subs 9168
Trial 634/1000, Params: dpd_100.0_dpg_0.5_ws_30_mg_4.0_sim_30.0, F1@0.50: 38.57
Processing video: 5085344787448740525
Processing video: 5085357672350628540
Processing video: 5086465773912997411
Processing video: 5090916219025116054
Processing video: 5092765202446045704
Processing video: 5097975856769557081
Processing video: 5099449889545545450
Processing video: 5103182645622502287
Processing video: 5146258161124252727
Processing video: 5134749367588120522
Processing video: 5172231547180314349
Processing video: 5173709444596630576
Processing video: 5218949624445806415
Processing video: 5366409594815891602
Processing video: 5525084584552992937
Processing video: 5391892065246550398
total  1173319 subs 9168
Trial 635/1000, Params: dpd_0.1_dpg_100.0_ws_40_mg_6.0_sim_20.0, F1@0.50: 37.3
Processing video: 5085357672350628540
Processing video: 5085344787448740525
Processing video: 5086465773912997411
Processing video: 5090916219025116054
Processing video: 5092765202446045704
Processing video: 5097975856769557081
Processing video: 5103182645622502287
Processing video: 5099449889545545450
Processing video: 5134749367588120522
Processing video: 5146258161124252727
Processing video: 5173709444596630576
Processing video: 5172231547180314349
Processing video: 5391892065246550398
Processing video: 5218949624445806415
Processing video: 5366409594815891602
Processing video: 5525084584552992937
total  1173319 subs 9168
Trial 636/1000, Params: dpd_1.0_dpg_100.0_ws_30_mg_8.0_sim_0.5, F1@0.50: 35.72
Processing video: 5085344787448740525
Processing video: 5085357672350628540
Processing video: 5086465773912997411
Processing video: 5090916219025116054
Processing video: 5092765202446045704
Processing video: 5097975856769557081
Processing video: 5103182645622502287
Processing video: 5099449889545545450
Processing video: 5134749367588120522
Processing video: 5146258161124252727
Processing video: 5172231547180314349
Processing video: 5173709444596630576
Processing video: 5218949624445806415
Processing video: 5366409594815891602
Processing video: 5525084584552992937
Processing video: 5391892065246550398
total  1173319 subs 9168
Trial 637/1000, Params: dpd_20.0_dpg_20.0_ws_30_mg_8.0_sim_2.0, F1@0.50: 47.05
Processing video: 5085344787448740525
Processing video: 5085357672350628540
Processing video: 5086465773912997411
Processing video: 5090916219025116054
Processing video: 5092765202446045704
Processing video: 5097975856769557081
Processing video: 5103182645622502287
Processing video: 5099449889545545450
Processing video: 5134749367588120522
Processing video: 5146258161124252727
Processing video: 5218949624445806415
Processing video: 5172231547180314349
Processing video: 5173709444596630576
Processing video: 5366409594815891602
Processing video: 5525084584552992937
Processing video: 5391892065246550398
total  1173319 subs 9168
Trial 638/1000, Params: dpd_0.1_dpg_0.8_ws_20_mg_4.0_sim_100.0, F1@0.50: 40.92
Processing video: 5085344787448740525
Processing video: 5085357672350628540
Processing video: 5090916219025116054
Processing video: 5086465773912997411
Processing video: 5092765202446045704
Processing video: 5097975856769557081
Processing video: 5099449889545545450
Processing video: 5103182645622502287Processing video: 5146258161124252727

Processing video: 5134749367588120522
Processing video: 5218949624445806415
Processing video: 5172231547180314349
Processing video: 5173709444596630576
Processing video: 5366409594815891602
Processing video: 5391892065246550398Processing video: 5525084584552992937

total  1173319 subs 9168
Trial 639/1000, Params: dpd_100.0_dpg_5.0_ws_40_mg_10.0_sim_30.0, F1@0.50: 37.06
Processing video: 5085344787448740525
Processing video: 5085357672350628540
Processing video: 5090916219025116054
Processing video: 5086465773912997411
Processing video: 5092765202446045704
Processing video: 5097975856769557081
Processing video: 5099449889545545450
Processing video: 5134749367588120522
Processing video: 5103182645622502287
Processing video: 5146258161124252727
Processing video: 5172231547180314349
Processing video: 5173709444596630576
Processing video: 5218949624445806415
Processing video: 5366409594815891602
Processing video: 5391892065246550398
Processing video: 5525084584552992937
total  1173319 subs 9168
Trial 640/1000, Params: dpd_2.0_dpg_1.0_ws_30_mg_2.0_sim_30.0, F1@0.50: 54.29
Processing video: 5085344787448740525
Processing video: 5085357672350628540
Processing video: 5086465773912997411
Processing video: 5090916219025116054
Processing video: 5092765202446045704
Processing video: 5097975856769557081
Processing video: 5099449889545545450
Processing video: 5103182645622502287
Processing video: 5146258161124252727
Processing video: 5134749367588120522
Processing video: 5172231547180314349
Processing video: 5173709444596630576
Processing video: 5391892065246550398
Processing video: 5218949624445806415
Processing video: 5366409594815891602
Processing video: 5525084584552992937
total  1173319 subs 9168
Trial 641/1000, Params: dpd_10.0_dpg_100.0_ws_40_mg_4.0_sim_0.5, F1@0.50: 44.64
Processing video: 5085344787448740525
Processing video: 5085357672350628540
Processing video: 5086465773912997411
Processing video: 5090916219025116054
Processing video: 5092765202446045704
Processing video: 5097975856769557081
Processing video: 5103182645622502287
Processing video: 5099449889545545450
Processing video: 5134749367588120522
Processing video: 5146258161124252727
Processing video: 5172231547180314349
Processing video: 5173709444596630576
Processing video: 5366409594815891602
Processing video: 5218949624445806415
Processing video: 5391892065246550398
Processing video: 5525084584552992937
total  1173319 subs 9168
Trial 642/1000, Params: dpd_0.0_dpg_5.0_ws_40_mg_8.0_sim_2.0, F1@0.50: 49.88
Processing video: 5085344787448740525
Processing video: 5086465773912997411
Processing video: 5085357672350628540
Processing video: 5090916219025116054
Processing video: 5092765202446045704
Processing video: 5097975856769557081
Processing video: 5103182645622502287
Processing video: 5099449889545545450
Processing video: 5134749367588120522
Processing video: 5146258161124252727
Processing video: 5172231547180314349
Processing video: 5173709444596630576
Processing video: 5218949624445806415
Processing video: 5366409594815891602
Processing video: 5525084584552992937Processing video: 5391892065246550398

total  1173319 subs 9168
Trial 643/1000, Params: dpd_10.0_dpg_100.0_ws_30_mg_2.0_sim_10.0, F1@0.50: 47.42
Processing video: 5085344787448740525
Processing video: 5085357672350628540
Processing video: 5086465773912997411
Processing video: 5090916219025116054
Processing video: 5092765202446045704
Processing video: 5097975856769557081
Processing video: 5099449889545545450
Processing video: 5103182645622502287
Processing video: 5134749367588120522
Processing video: 5172231547180314349
Processing video: 5146258161124252727
Processing video: 5173709444596630576
Processing video: 5391892065246550398
Processing video: 5525084584552992937
Processing video: 5218949624445806415
Processing video: 5366409594815891602
total  1173319 subs 9168
Trial 644/1000, Params: dpd_0.5_dpg_0.8_ws_40_mg_10.0_sim_30.0, F1@0.50: 49.8
Processing video: 5085344787448740525
Processing video: 5085357672350628540
Processing video: 5086465773912997411
Processing video: 5090916219025116054
Processing video: 5092765202446045704
Processing video: 5097975856769557081
Processing video: 5099449889545545450
Processing video: 5103182645622502287
Processing video: 5146258161124252727
Processing video: 5134749367588120522
Processing video: 5172231547180314349
Processing video: 5173709444596630576
Processing video: 5218949624445806415Processing video: 5391892065246550398

Processing video: 5366409594815891602
Processing video: 5525084584552992937
total  1173319 subs 9168
Trial 645/1000, Params: dpd_5.0_dpg_0.0_ws_20_mg_2.0_sim_10.0, F1@0.50: 51.02
Processing video: 5085344787448740525
Processing video: 5085357672350628540
Processing video: 5086465773912997411
Processing video: 5090916219025116054
Processing video: 5092765202446045704
Processing video: 5097975856769557081
Processing video: 5099449889545545450
Processing video: 5134749367588120522
Processing video: 5103182645622502287
Processing video: 5146258161124252727
Processing video: 5172231547180314349
Processing video: 5366409594815891602
Processing video: 5173709444596630576
Processing video: 5218949624445806415
Processing video: 5391892065246550398
Processing video: 5525084584552992937
total  1173319 subs 9168
Trial 646/1000, Params: dpd_20.0_dpg_1.0_ws_50_mg_2.0_sim_20.0, F1@0.50: 47.45
Processing video: 5085344787448740525
Processing video: 5085357672350628540
Processing video: 5086465773912997411
Processing video: 5090916219025116054
Processing video: 5092765202446045704
Processing video: 5097975856769557081
Processing video: 5103182645622502287
Processing video: 5099449889545545450
Processing video: 5134749367588120522
Processing video: 5146258161124252727
Processing video: 5172231547180314349
Processing video: 5173709444596630576
Processing video: 5218949624445806415
Processing video: 5366409594815891602
Processing video: 5391892065246550398
Processing video: 5525084584552992937
total  1173319 subs 9168
Trial 647/1000, Params: dpd_0.5_dpg_5.0_ws_20_mg_6.0_sim_30.0, F1@0.50: 50.2
Processing video: 5085344787448740525
Processing video: 5085357672350628540
Processing video: 5086465773912997411
Processing video: 5090916219025116054
Processing video: 5092765202446045704
Processing video: 5097975856769557081
Processing video: 5103182645622502287
Processing video: 5099449889545545450
Processing video: 5134749367588120522
Processing video: 5146258161124252727
Processing video: 5172231547180314349
Processing video: 5173709444596630576
Processing video: 5218949624445806415
Processing video: 5366409594815891602
Processing video: 5525084584552992937Processing video: 5391892065246550398

total  1173319 subs 9168
Trial 648/1000, Params: dpd_100.0_dpg_1.0_ws_30_mg_2.0_sim_2.0, F1@0.50: 32.73
Processing video: 5085344787448740525
Processing video: 5090916219025116054
Processing video: 5085357672350628540
Processing video: 5086465773912997411
Processing video: 5092765202446045704
Processing video: 5097975856769557081
Processing video: 5099449889545545450
Processing video: 5103182645622502287Processing video: 5146258161124252727

Processing video: 5134749367588120522
Processing video: 5172231547180314349
Processing video: 5173709444596630576
Processing video: 5218949624445806415
Processing video: 5366409594815891602
Processing video: 5525084584552992937Processing video: 5391892065246550398

total  1173319 subs 9168
Trial 649/1000, Params: dpd_0.5_dpg_0.1_ws_40_mg_4.0_sim_5.0, F1@0.50: 51.19
Processing video: 5085344787448740525
Processing video: 5085357672350628540
Processing video: 5086465773912997411
Processing video: 5090916219025116054
Processing video: 5092765202446045704
Processing video: 5097975856769557081
Processing video: 5099449889545545450
Processing video: 5103182645622502287
Processing video: 5146258161124252727
Processing video: 5134749367588120522
Processing video: 5172231547180314349
Processing video: 5173709444596630576
Processing video: 5218949624445806415
Processing video: 5525084584552992937
Processing video: 5366409594815891602
Processing video: 5391892065246550398
total  1173319 subs 9168
Trial 650/1000, Params: dpd_0.8_dpg_5.0_ws_40_mg_8.0_sim_50.0, F1@0.50: 47.24
Processing video: 5085344787448740525
Processing video: 5085357672350628540
Processing video: 5086465773912997411
Processing video: 5090916219025116054
Processing video: 5092765202446045704
Processing video: 5097975856769557081
Processing video: 5103182645622502287
Processing video: 5099449889545545450
Processing video: 5134749367588120522Processing video: 5172231547180314349

Processing video: 5146258161124252727
Processing video: 5173709444596630576
Processing video: 5391892065246550398
Processing video: 5218949624445806415
Processing video: 5366409594815891602Processing video: 5525084584552992937

total  1173319 subs 9168
Trial 651/1000, Params: dpd_0.8_dpg_0.0_ws_30_mg_10.0_sim_1.0, F1@0.50: 49.92
Processing video: 5085344787448740525
Processing video: 5085357672350628540
Processing video: 5086465773912997411
Processing video: 5090916219025116054
Processing video: 5092765202446045704
Processing video: 5097975856769557081
Processing video: 5099449889545545450
Processing video: 5134749367588120522
Processing video: 5103182645622502287
Processing video: 5146258161124252727
Processing video: 5172231547180314349
Processing video: 5218949624445806415
Processing video: 5173709444596630576
Processing video: 5366409594815891602
Processing video: 5391892065246550398
Processing video: 5525084584552992937
total  1173319 subs 9168
Trial 652/1000, Params: dpd_1.0_dpg_100.0_ws_20_mg_6.0_sim_1.0, F1@0.50: 34.85
Processing video: 5085344787448740525
Processing video: 5085357672350628540
Processing video: 5086465773912997411
Processing video: 5090916219025116054
Processing video: 5092765202446045704
Processing video: 5097975856769557081
Processing video: 5099449889545545450
Processing video: 5134749367588120522
Processing video: 5103182645622502287
Processing video: 5173709444596630576
Processing video: 5146258161124252727
Processing video: 5172231547180314349
Processing video: 5218949624445806415
Processing video: 5525084584552992937
Processing video: 5366409594815891602
Processing video: 5391892065246550398
total  1173319 subs 9168
Trial 653/1000, Params: dpd_20.0_dpg_0.8_ws_40_mg_10.0_sim_1.0, F1@0.50: 44.16
Processing video: 5085344787448740525
Processing video: 5085357672350628540
Processing video: 5086465773912997411
Processing video: 5090916219025116054
Processing video: 5092765202446045704
Processing video: 5097975856769557081
Processing video: 5103182645622502287
Processing video: 5099449889545545450
Processing video: 5134749367588120522
Processing video: 5146258161124252727
Processing video: 5172231547180314349
Processing video: 5173709444596630576
Processing video: 5218949624445806415
Processing video: 5366409594815891602
Processing video: 5391892065246550398
Processing video: 5525084584552992937
total  1173319 subs 9168
Trial 654/1000, Params: dpd_100.0_dpg_100.0_ws_20_mg_8.0_sim_0.0, F1@0.50: 37.31
Processing video: 5085344787448740525
Processing video: 5085357672350628540
Processing video: 5086465773912997411
Processing video: 5090916219025116054
Processing video: 5092765202446045704
Processing video: 5097975856769557081
Processing video: 5099449889545545450
Processing video: 5103182645622502287
Processing video: 5134749367588120522
Processing video: 5172231547180314349
Processing video: 5146258161124252727
Processing video: 5173709444596630576
Processing video: 5391892065246550398
Processing video: 5218949624445806415
Processing video: 5366409594815891602
Processing video: 5525084584552992937
total  1173319 subs 9168
Trial 655/1000, Params: dpd_0.0_dpg_1.0_ws_40_mg_4.0_sim_2.0, F1@0.50: 50.63
Processing video: 5085344787448740525
Processing video: 5085357672350628540
Processing video: 5086465773912997411
Processing video: 5090916219025116054
Processing video: 5092765202446045704
Processing video: 5097975856769557081
Processing video: 5099449889545545450
Processing video: 5134749367588120522
Processing video: 5103182645622502287
Processing video: 5146258161124252727
Processing video: 5172231547180314349
Processing video: 5173709444596630576
Processing video: 5218949624445806415
Processing video: 5366409594815891602
Processing video: 5391892065246550398
Processing video: 5525084584552992937
total  1173319 subs 9168
Trial 656/1000, Params: dpd_20.0_dpg_1.0_ws_20_mg_4.0_sim_0.0, F1@0.50: 39.53
Processing video: 5085357672350628540
Processing video: 5085344787448740525
Processing video: 5086465773912997411
Processing video: 5090916219025116054
Processing video: 5092765202446045704
Processing video: 5097975856769557081
Processing video: 5103182645622502287
Processing video: 5099449889545545450
Processing video: 5134749367588120522
Processing video: 5146258161124252727
Processing video: 5172231547180314349
Processing video: 5173709444596630576
Processing video: 5218949624445806415
Processing video: 5366409594815891602
Processing video: 5391892065246550398
Processing video: 5525084584552992937
total  1173319 subs 9168
Trial 657/1000, Params: dpd_0.1_dpg_0.1_ws_20_mg_4.0_sim_0.5, F1@0.50: 48.68
Processing video: 5085357672350628540
Processing video: 5085344787448740525
Processing video: 5086465773912997411
Processing video: 5090916219025116054
Processing video: 5092765202446045704
Processing video: 5097975856769557081
Processing video: 5103182645622502287
Processing video: 5099449889545545450
Processing video: 5134749367588120522
Processing video: 5146258161124252727
Processing video: 5172231547180314349
Processing video: 5173709444596630576
Processing video: 5218949624445806415
Processing video: 5366409594815891602
Processing video: 5391892065246550398
Processing video: 5525084584552992937
total  1173319 subs 9168
Trial 658/1000, Params: dpd_0.0_dpg_0.5_ws_50_mg_10.0_sim_10.0, F1@0.50: 52.26
Processing video: 5085344787448740525
Processing video: 5085357672350628540
Processing video: 5086465773912997411
Processing video: 5090916219025116054
Processing video: 5092765202446045704
Processing video: 5097975856769557081
Processing video: 5103182645622502287
Processing video: 5099449889545545450
Processing video: 5134749367588120522
Processing video: 5146258161124252727
Processing video: 5172231547180314349
Processing video: 5173709444596630576
Processing video: 5218949624445806415
Processing video: 5366409594815891602
Processing video: 5525084584552992937
Processing video: 5391892065246550398
total  1173319 subs 9168
Trial 659/1000, Params: dpd_10.0_dpg_0.8_ws_30_mg_2.0_sim_5.0, F1@0.50: 48.54
Processing video: 5085344787448740525
Processing video: 5085357672350628540
Processing video: 5086465773912997411
Processing video: 5090916219025116054
Processing video: 5092765202446045704
Processing video: 5097975856769557081
Processing video: 5103182645622502287
Processing video: 5099449889545545450
Processing video: 5134749367588120522
Processing video: 5173709444596630576
Processing video: 5146258161124252727
Processing video: 5172231547180314349
Processing video: 5366409594815891602
Processing video: 5391892065246550398
Processing video: 5218949624445806415
Processing video: 5525084584552992937
total  1173319 subs 9168
Trial 660/1000, Params: dpd_2.0_dpg_0.1_ws_50_mg_8.0_sim_0.0, F1@0.50: 50.18
Processing video: 5085344787448740525
Processing video: 5085357672350628540Processing video: 5090916219025116054

Processing video: 5086465773912997411
Processing video: 5092765202446045704
Processing video: 5097975856769557081
Processing video: 5134749367588120522
Processing video: 5099449889545545450
Processing video: 5103182645622502287
Processing video: 5173709444596630576
Processing video: 5146258161124252727
Processing video: 5172231547180314349
Processing video: 5218949624445806415
Processing video: 5525084584552992937
Processing video: 5366409594815891602
Processing video: 5391892065246550398
total  1173319 subs 9168
Trial 661/1000, Params: dpd_5.0_dpg_100.0_ws_50_mg_8.0_sim_0.5, F1@0.50: 42.22
Processing video: 5085344787448740525
Processing video: 5085357672350628540
Processing video: 5086465773912997411
Processing video: 5090916219025116054
Processing video: 5092765202446045704
Processing video: 5097975856769557081
Processing video: 5099449889545545450
Processing video: 5103182645622502287
Processing video: 5134749367588120522
Processing video: 5146258161124252727
Processing video: 5172231547180314349
Processing video: 5173709444596630576
Processing video: 5218949624445806415
Processing video: 5391892065246550398
Processing video: 5366409594815891602
Processing video: 5525084584552992937
total  1173319 subs 9168
Trial 662/1000, Params: dpd_10.0_dpg_100.0_ws_40_mg_10.0_sim_50.0, F1@0.50: 50.92
Processing video: 5085344787448740525
Processing video: 5085357672350628540
Processing video: 5086465773912997411
Processing video: 5090916219025116054
Processing video: 5092765202446045704
Processing video: 5097975856769557081
Processing video: 5103182645622502287
Processing video: 5099449889545545450
Processing video: 5134749367588120522
Processing video: 5172231547180314349
Processing video: 5146258161124252727
Processing video: 5173709444596630576
Processing video: 5218949624445806415
Processing video: 5391892065246550398
Processing video: 5366409594815891602
Processing video: 5525084584552992937
total  1173319 subs 9168
Trial 663/1000, Params: dpd_0.0_dpg_2.0_ws_30_mg_2.0_sim_0.0, F1@0.50: 49.56
Processing video: 5085344787448740525
Processing video: 5085357672350628540
Processing video: 5090916219025116054
Processing video: 5086465773912997411
Processing video: 5092765202446045704
Processing video: 5097975856769557081
Processing video: 5099449889545545450
Processing video: 5103182645622502287
Processing video: 5146258161124252727
Processing video: 5134749367588120522
Processing video: 5172231547180314349
Processing video: 5173709444596630576
Processing video: 5218949624445806415
Processing video: 5366409594815891602
Processing video: 5525084584552992937
Processing video: 5391892065246550398
total  1173319 subs 9168
Trial 664/1000, Params: dpd_0.5_dpg_0.5_ws_50_mg_2.0_sim_1.0, F1@0.50: 50.48
Processing video: 5085344787448740525
Processing video: 5085357672350628540
Processing video: 5086465773912997411
Processing video: 5090916219025116054
Processing video: 5092765202446045704
Processing video: 5097975856769557081
Processing video: 5103182645622502287
Processing video: 5099449889545545450
Processing video: 5134749367588120522
Processing video: 5146258161124252727
Processing video: 5172231547180314349
Processing video: 5218949624445806415
Processing video: 5173709444596630576
Processing video: 5366409594815891602
Processing video: 5391892065246550398
Processing video: 5525084584552992937
total  1173319 subs 9168
Trial 665/1000, Params: dpd_5.0_dpg_10.0_ws_20_mg_4.0_sim_50.0, F1@0.50: 53.7
Processing video: 5085344787448740525
Processing video: 5085357672350628540Processing video: 5090916219025116054

Processing video: 5086465773912997411
Processing video: 5092765202446045704
Processing video: 5097975856769557081
Processing video: 5099449889545545450
Processing video: 5103182645622502287
Processing video: 5146258161124252727
Processing video: 5134749367588120522
Processing video: 5218949624445806415
Processing video: 5172231547180314349
Processing video: 5173709444596630576
Processing video: 5366409594815891602
Processing video: 5391892065246550398
Processing video: 5525084584552992937
total  1173319 subs 9168
Trial 666/1000, Params: dpd_5.0_dpg_20.0_ws_50_mg_4.0_sim_10.0, F1@0.50: 54.17
Processing video: 5085344787448740525
Processing video: 5086465773912997411
Processing video: 5085357672350628540
Processing video: 5090916219025116054
Processing video: 5092765202446045704
Processing video: 5097975856769557081
Processing video: 5099449889545545450
Processing video: 5103182645622502287
Processing video: 5134749367588120522
Processing video: 5173709444596630576
Processing video: 5146258161124252727
Processing video: 5172231547180314349
Processing video: 5218949624445806415Processing video: 5391892065246550398

Processing video: 5366409594815891602
Processing video: 5525084584552992937
total  1173319 subs 9168
Trial 667/1000, Params: dpd_100.0_dpg_0.5_ws_40_mg_8.0_sim_0.5, F1@0.50: 31.69
Processing video: 5085344787448740525
Processing video: 5085357672350628540
Processing video: 5086465773912997411
Processing video: 5090916219025116054
Processing video: 5092765202446045704
Processing video: 5097975856769557081
Processing video: 5099449889545545450
Processing video: 5103182645622502287
Processing video: 5134749367588120522
Processing video: 5172231547180314349
Processing video: 5146258161124252727
Processing video: 5173709444596630576
Processing video: 5218949624445806415
Processing video: 5366409594815891602
Processing video: 5525084584552992937
Processing video: 5391892065246550398
total  1173319 subs 9168
Trial 668/1000, Params: dpd_0.8_dpg_0.1_ws_50_mg_6.0_sim_20.0, F1@0.50: 53.19
Processing video: 5085344787448740525
Processing video: 5085357672350628540
Processing video: 5086465773912997411
Processing video: 5090916219025116054
Processing video: 5092765202446045704
Processing video: 5097975856769557081
Processing video: 5103182645622502287
Processing video: 5099449889545545450
Processing video: 5134749367588120522
Processing video: 5146258161124252727
Processing video: 5172231547180314349
Processing video: 5366409594815891602
Processing video: 5173709444596630576
Processing video: 5218949624445806415
Processing video: 5525084584552992937
Processing video: 5391892065246550398
total  1173319 subs 9168
Trial 669/1000, Params: dpd_100.0_dpg_20.0_ws_30_mg_2.0_sim_10.0, F1@0.50: 36.62
Processing video: 5085344787448740525
Processing video: 5085357672350628540
Processing video: 5086465773912997411
Processing video: 5090916219025116054
Processing video: 5092765202446045704
Processing video: 5097975856769557081
Processing video: 5103182645622502287
Processing video: 5099449889545545450
Processing video: 5134749367588120522
Processing video: 5172231547180314349
Processing video: 5146258161124252727
Processing video: 5218949624445806415
Processing video: 5173709444596630576
Processing video: 5366409594815891602
Processing video: 5525084584552992937
Processing video: 5391892065246550398
total  1173319 subs 9168
Trial 670/1000, Params: dpd_0.0_dpg_1.0_ws_40_mg_10.0_sim_1.0, F1@0.50: 50.33
Processing video: 5085344787448740525
Processing video: 5085357672350628540
Processing video: 5086465773912997411
Processing video: 5090916219025116054
Processing video: 5092765202446045704
Processing video: 5097975856769557081Processing video: 5103182645622502287

Processing video: 5099449889545545450
Processing video: 5134749367588120522
Processing video: 5173709444596630576
Processing video: 5146258161124252727
Processing video: 5172231547180314349
Processing video: 5218949624445806415
Processing video: 5366409594815891602
Processing video: 5391892065246550398
Processing video: 5525084584552992937
total  1173319 subs 9168
Trial 671/1000, Params: dpd_0.8_dpg_0.8_ws_50_mg_2.0_sim_100.0, F1@0.50: 37.02
Processing video: 5085344787448740525
Processing video: 5085357672350628540
Processing video: 5086465773912997411
Processing video: 5090916219025116054
Processing video: 5092765202446045704
Processing video: 5097975856769557081
Processing video: 5099449889545545450
Processing video: 5134749367588120522
Processing video: 5103182645622502287
Processing video: 5146258161124252727
Processing video: 5172231547180314349
Processing video: 5218949624445806415
Processing video: 5366409594815891602
Processing video: 5173709444596630576
Processing video: 5391892065246550398
Processing video: 5525084584552992937
total  1173319 subs 9168
Trial 672/1000, Params: dpd_20.0_dpg_0.1_ws_40_mg_6.0_sim_50.0, F1@0.50: 49.95
Processing video: 5085344787448740525
Processing video: 5085357672350628540
Processing video: 5086465773912997411
Processing video: 5090916219025116054
Processing video: 5092765202446045704
Processing video: 5097975856769557081
Processing video: 5099449889545545450
Processing video: 5103182645622502287
Processing video: 5146258161124252727
Processing video: 5134749367588120522
Processing video: 5172231547180314349
Processing video: 5173709444596630576
Processing video: 5218949624445806415
Processing video: 5391892065246550398
Processing video: 5366409594815891602
Processing video: 5525084584552992937
total  1173319 subs 9168
Trial 673/1000, Params: dpd_20.0_dpg_5.0_ws_40_mg_10.0_sim_30.0, F1@0.50: 49.37
Processing video: 5085344787448740525
Processing video: 5085357672350628540
Processing video: 5086465773912997411
Processing video: 5090916219025116054
Processing video: 5092765202446045704
Processing video: 5097975856769557081
Processing video: 5099449889545545450
Processing video: 5146258161124252727
Processing video: 5103182645622502287
Processing video: 5134749367588120522
Processing video: 5172231547180314349
Processing video: 5173709444596630576
Processing video: 5218949624445806415
Processing video: 5366409594815891602
Processing video: 5391892065246550398
Processing video: 5525084584552992937
total  1173319 subs 9168
Trial 674/1000, Params: dpd_2.0_dpg_1.0_ws_20_mg_6.0_sim_2.0, F1@0.50: 50.07
Processing video: 5085344787448740525
Processing video: 5085357672350628540
Processing video: 5090916219025116054
Processing video: 5086465773912997411
Processing video: 5092765202446045704
Processing video: 5097975856769557081
Processing video: 5103182645622502287
Processing video: 5099449889545545450
Processing video: 5134749367588120522
Processing video: 5146258161124252727
Processing video: 5172231547180314349
Processing video: 5173709444596630576
Processing video: 5218949624445806415
Processing video: 5366409594815891602
Processing video: 5391892065246550398
Processing video: 5525084584552992937
total  1173319 subs 9168
Trial 675/1000, Params: dpd_20.0_dpg_0.5_ws_40_mg_6.0_sim_30.0, F1@0.50: 48.5
Processing video: 5085344787448740525
Processing video: 5085357672350628540
Processing video: 5086465773912997411
Processing video: 5090916219025116054
Processing video: 5092765202446045704
Processing video: 5097975856769557081
Processing video: 5103182645622502287
Processing video: 5099449889545545450
Processing video: 5134749367588120522
Processing video: 5172231547180314349
Processing video: 5146258161124252727
Processing video: 5173709444596630576
Processing video: 5391892065246550398
Processing video: 5218949624445806415
Processing video: 5366409594815891602
Processing video: 5525084584552992937
total  1173319 subs 9168
Trial 676/1000, Params: dpd_2.0_dpg_0.1_ws_30_mg_4.0_sim_20.0, F1@0.50: 53.61
Processing video: 5085344787448740525
Processing video: 5086465773912997411
Processing video: 5085357672350628540
Processing video: 5090916219025116054
Processing video: 5092765202446045704
Processing video: 5097975856769557081
Processing video: 5099449889545545450
Processing video: 5103182645622502287
Processing video: 5134749367588120522
Processing video: 5146258161124252727Processing video: 5173709444596630576

Processing video: 5172231547180314349
Processing video: 5218949624445806415
Processing video: 5366409594815891602Processing video: 5525084584552992937

Processing video: 5391892065246550398
total  1173319 subs 9168
Trial 677/1000, Params: dpd_0.1_dpg_2.0_ws_30_mg_10.0_sim_0.0, F1@0.50: 49.45
Processing video: 5085344787448740525
Processing video: 5085357672350628540
Processing video: 5086465773912997411
Processing video: 5090916219025116054
Processing video: 5092765202446045704
Processing video: 5097975856769557081
Processing video: 5103182645622502287
Processing video: 5099449889545545450
Processing video: 5134749367588120522
Processing video: 5146258161124252727
Processing video: 5172231547180314349
Processing video: 5218949624445806415
Processing video: 5173709444596630576
Processing video: 5366409594815891602
Processing video: 5391892065246550398
Processing video: 5525084584552992937
total  1173319 subs 9168
Trial 678/1000, Params: dpd_20.0_dpg_100.0_ws_50_mg_6.0_sim_5.0, F1@0.50: 45.8
Processing video: 5085344787448740525
Processing video: 5085357672350628540
Processing video: 5086465773912997411
Processing video: 5090916219025116054
Processing video: 5092765202446045704
Processing video: 5097975856769557081
Processing video: 5099449889545545450
Processing video: 5103182645622502287
Processing video: 5146258161124252727
Processing video: 5134749367588120522
Processing video: 5172231547180314349
Processing video: 5173709444596630576
Processing video: 5218949624445806415
Processing video: 5366409594815891602
Processing video: 5391892065246550398
Processing video: 5525084584552992937
total  1173319 subs 9168
Trial 679/1000, Params: dpd_1.0_dpg_100.0_ws_20_mg_8.0_sim_1.0, F1@0.50: 34.8
Processing video: 5085344787448740525
Processing video: 5085357672350628540
Processing video: 5086465773912997411
Processing video: 5090916219025116054
Processing video: 5092765202446045704
Processing video: 5097975856769557081
Processing video: 5099449889545545450
Processing video: 5103182645622502287
Processing video: 5134749367588120522
Processing video: 5146258161124252727
Processing video: 5172231547180314349Processing video: 5218949624445806415

Processing video: 5173709444596630576
Processing video: 5366409594815891602
Processing video: 5391892065246550398
Processing video: 5525084584552992937
total  1173319 subs 9168
Trial 680/1000, Params: dpd_10.0_dpg_1.0_ws_30_mg_2.0_sim_1.0, F1@0.50: 47.32
Processing video: 5085344787448740525
Processing video: 5085357672350628540
Processing video: 5086465773912997411
Processing video: 5090916219025116054
Processing video: 5092765202446045704
Processing video: 5097975856769557081
Processing video: 5099449889545545450
Processing video: 5134749367588120522
Processing video: 5103182645622502287
Processing video: 5146258161124252727
Processing video: 5172231547180314349
Processing video: 5173709444596630576
Processing video: 5218949624445806415
Processing video: 5391892065246550398
Processing video: 5366409594815891602
Processing video: 5525084584552992937
total  1173319 subs 9168
Trial 681/1000, Params: dpd_5.0_dpg_0.5_ws_50_mg_2.0_sim_50.0, F1@0.50: 54.03
Processing video: 5085344787448740525
Processing video: 5085357672350628540
Processing video: 5086465773912997411
Processing video: 5090916219025116054
Processing video: 5092765202446045704
Processing video: 5097975856769557081
Processing video: 5099449889545545450
Processing video: 5103182645622502287
Processing video: 5134749367588120522
Processing video: 5172231547180314349
Processing video: 5146258161124252727
Processing video: 5366409594815891602
Processing video: 5173709444596630576
Processing video: 5218949624445806415
Processing video: 5391892065246550398
Processing video: 5525084584552992937
total  1173319 subs 9168
Trial 682/1000, Params: dpd_20.0_dpg_20.0_ws_20_mg_6.0_sim_5.0, F1@0.50: 47.69
Processing video: 5085344787448740525
Processing video: 5085357672350628540
Processing video: 5086465773912997411
Processing video: 5090916219025116054
Processing video: 5092765202446045704
Processing video: 5097975856769557081
Processing video: 5099449889545545450
Processing video: 5134749367588120522
Processing video: 5103182645622502287
Processing video: 5146258161124252727
Processing video: 5172231547180314349
Processing video: 5173709444596630576
Processing video: 5218949624445806415Processing video: 5391892065246550398

Processing video: 5366409594815891602
Processing video: 5525084584552992937
total  1173319 subs 9168
Trial 683/1000, Params: dpd_0.8_dpg_2.0_ws_50_mg_4.0_sim_5.0, F1@0.50: 52.01
Processing video: 5085344787448740525
Processing video: 5085357672350628540
Processing video: 5090916219025116054
Processing video: 5086465773912997411
Processing video: 5092765202446045704
Processing video: 5097975856769557081
Processing video: 5099449889545545450Processing video: 5134749367588120522

Processing video: 5103182645622502287
Processing video: 5173709444596630576
Processing video: 5146258161124252727
Processing video: 5172231547180314349
Processing video: 5366409594815891602
Processing video: 5218949624445806415
Processing video: 5391892065246550398
Processing video: 5525084584552992937
total  1173319 subs 9168
Trial 684/1000, Params: dpd_0.0_dpg_0.8_ws_50_mg_10.0_sim_30.0, F1@0.50: 45.06
Processing video: 5085344787448740525
Processing video: 5085357672350628540
Processing video: 5086465773912997411
Processing video: 5090916219025116054
Processing video: 5092765202446045704
Processing video: 5097975856769557081
Processing video: 5099449889545545450
Processing video: 5103182645622502287
Processing video: 5146258161124252727
Processing video: 5134749367588120522
Processing video: 5172231547180314349
Processing video: 5173709444596630576
Processing video: 5366409594815891602
Processing video: 5218949624445806415
Processing video: 5391892065246550398
Processing video: 5525084584552992937
total  1173319 subs 9168
Trial 685/1000, Params: dpd_100.0_dpg_5.0_ws_30_mg_8.0_sim_20.0, F1@0.50: 37.42
Processing video: 5085344787448740525
Processing video: 5085357672350628540
Processing video: 5090916219025116054
Processing video: 5086465773912997411
Processing video: 5092765202446045704
Processing video: 5097975856769557081
Processing video: 5134749367588120522
Processing video: 5099449889545545450
Processing video: 5103182645622502287
Processing video: 5146258161124252727
Processing video: 5172231547180314349
Processing video: 5366409594815891602
Processing video: 5173709444596630576
Processing video: 5218949624445806415
Processing video: 5525084584552992937
Processing video: 5391892065246550398
total  1173319 subs 9168
Trial 686/1000, Params: dpd_0.8_dpg_1.0_ws_20_mg_10.0_sim_50.0, F1@0.50: 47.72
Processing video: 5085344787448740525
Processing video: 5085357672350628540
Processing video: 5086465773912997411
Processing video: 5090916219025116054
Processing video: 5092765202446045704
Processing video: 5097975856769557081
Processing video: 5103182645622502287
Processing video: 5099449889545545450
Processing video: 5134749367588120522
Processing video: 5173709444596630576
Processing video: 5146258161124252727
Processing video: 5366409594815891602
Processing video: 5172231547180314349
Processing video: 5218949624445806415
Processing video: 5525084584552992937
Processing video: 5391892065246550398
total  1173319 subs 9168
Trial 687/1000, Params: dpd_5.0_dpg_0.1_ws_30_mg_4.0_sim_0.5, F1@0.50: 49.39
Processing video: 5085344787448740525
Processing video: 5085357672350628540
Processing video: 5086465773912997411
Processing video: 5090916219025116054
Processing video: 5092765202446045704
Processing video: 5097975856769557081
Processing video: 5103182645622502287
Processing video: 5099449889545545450
Processing video: 5134749367588120522
Processing video: 5172231547180314349
Processing video: 5146258161124252727
Processing video: 5173709444596630576
Processing video: 5218949624445806415
Processing video: 5525084584552992937
Processing video: 5366409594815891602
Processing video: 5391892065246550398
total  1173319 subs 9168
Trial 688/1000, Params: dpd_5.0_dpg_1.0_ws_20_mg_2.0_sim_0.5, F1@0.50: 48.35
Processing video: 5085344787448740525
Processing video: 5085357672350628540
Processing video: 5086465773912997411
Processing video: 5090916219025116054
Processing video: 5092765202446045704
Processing video: 5097975856769557081
Processing video: 5103182645622502287
Processing video: 5099449889545545450
Processing video: 5134749367588120522
Processing video: 5146258161124252727
Processing video: 5172231547180314349Processing video: 5173709444596630576

Processing video: 5366409594815891602
Processing video: 5218949624445806415
Processing video: 5391892065246550398
Processing video: 5525084584552992937
total  1173319 subs 9168
Trial 689/1000, Params: dpd_100.0_dpg_10.0_ws_30_mg_6.0_sim_0.0, F1@0.50: 31.62
Processing video: 5085344787448740525
Processing video: 5085357672350628540
Processing video: 5086465773912997411
Processing video: 5090916219025116054
Processing video: 5092765202446045704
Processing video: 5097975856769557081
Processing video: 5134749367588120522
Processing video: 5099449889545545450
Processing video: 5103182645622502287
Processing video: 5146258161124252727
Processing video: 5172231547180314349
Processing video: 5218949624445806415
Processing video: 5173709444596630576
Processing video: 5366409594815891602
Processing video: 5391892065246550398
Processing video: 5525084584552992937
total  1173319 subs 9168
Trial 690/1000, Params: dpd_20.0_dpg_0.8_ws_20_mg_2.0_sim_5.0, F1@0.50: 45.34
Processing video: 5085357672350628540
Processing video: 5085344787448740525
Processing video: 5086465773912997411
Processing video: 5090916219025116054
Processing video: 5092765202446045704
Processing video: 5097975856769557081
Processing video: 5099449889545545450
Processing video: 5103182645622502287
Processing video: 5134749367588120522
Processing video: 5146258161124252727
Processing video: 5172231547180314349
Processing video: 5173709444596630576
Processing video: 5218949624445806415
Processing video: 5366409594815891602
Processing video: 5525084584552992937
Processing video: 5391892065246550398
total  1173319 subs 9168
Trial 691/1000, Params: dpd_10.0_dpg_5.0_ws_20_mg_8.0_sim_100.0, F1@0.50: 51.48
Processing video: 5085344787448740525
Processing video: 5085357672350628540
Processing video: 5086465773912997411
Processing video: 5090916219025116054
Processing video: 5092765202446045704
Processing video: 5097975856769557081
Processing video: 5103182645622502287
Processing video: 5099449889545545450
Processing video: 5134749367588120522
Processing video: 5146258161124252727Processing video: 5173709444596630576

Processing video: 5172231547180314349
Processing video: 5218949624445806415
Processing video: 5366409594815891602
Processing video: 5391892065246550398
Processing video: 5525084584552992937
total  1173319 subs 9168
Trial 692/1000, Params: dpd_1.0_dpg_0.5_ws_40_mg_8.0_sim_10.0, F1@0.50: 52.61
Processing video: 5085344787448740525
Processing video: 5085357672350628540
Processing video: 5086465773912997411
Processing video: 5090916219025116054
Processing video: 5092765202446045704
Processing video: 5097975856769557081
Processing video: 5103182645622502287
Processing video: 5099449889545545450
Processing video: 5134749367588120522
Processing video: 5146258161124252727
Processing video: 5173709444596630576
Processing video: 5172231547180314349
Processing video: 5218949624445806415
Processing video: 5366409594815891602
Processing video: 5391892065246550398
Processing video: 5525084584552992937
total  1173319 subs 9168
Trial 693/1000, Params: dpd_5.0_dpg_0.5_ws_30_mg_8.0_sim_20.0, F1@0.50: 52.82
Processing video: 5085344787448740525
Processing video: 5085357672350628540
Processing video: 5086465773912997411
Processing video: 5090916219025116054
Processing video: 5092765202446045704
Processing video: 5097975856769557081
Processing video: 5099449889545545450
Processing video: 5103182645622502287
Processing video: 5146258161124252727
Processing video: 5134749367588120522
Processing video: 5172231547180314349
Processing video: 5366409594815891602
Processing video: 5173709444596630576
Processing video: 5218949624445806415
Processing video: 5391892065246550398
Processing video: 5525084584552992937
total  1173319 subs 9168
Trial 694/1000, Params: dpd_20.0_dpg_5.0_ws_20_mg_2.0_sim_30.0, F1@0.50: 49.61
Processing video: 5085344787448740525
Processing video: 5085357672350628540
Processing video: 5086465773912997411
Processing video: 5090916219025116054
Processing video: 5092765202446045704
Processing video: 5097975856769557081
Processing video: 5103182645622502287
Processing video: 5099449889545545450
Processing video: 5134749367588120522
Processing video: 5173709444596630576
Processing video: 5146258161124252727
Processing video: 5172231547180314349
Processing video: 5218949624445806415
Processing video: 5366409594815891602
Processing video: 5391892065246550398
Processing video: 5525084584552992937
total  1173319 subs 9168
Trial 695/1000, Params: dpd_1.0_dpg_0.0_ws_50_mg_10.0_sim_0.0, F1@0.50: 49.78
Processing video: 5085344787448740525
Processing video: 5085357672350628540
Processing video: 5086465773912997411
Processing video: 5090916219025116054
Processing video: 5092765202446045704
Processing video: 5097975856769557081
Processing video: 5103182645622502287
Processing video: 5099449889545545450
Processing video: 5134749367588120522
Processing video: 5146258161124252727
Processing video: 5173709444596630576
Processing video: 5172231547180314349
Processing video: 5218949624445806415
Processing video: 5366409594815891602
Processing video: 5391892065246550398
Processing video: 5525084584552992937
total  1173319 subs 9168
Trial 696/1000, Params: dpd_10.0_dpg_2.0_ws_50_mg_10.0_sim_0.5, F1@0.50: 47.84
Processing video: 5085344787448740525
Processing video: 5086465773912997411
Processing video: 5085357672350628540
Processing video: 5090916219025116054
Processing video: 5092765202446045704
Processing video: 5097975856769557081
Processing video: 5103182645622502287
Processing video: 5099449889545545450
Processing video: 5134749367588120522
Processing video: 5172231547180314349
Processing video: 5146258161124252727
Processing video: 5173709444596630576
Processing video: 5218949624445806415
Processing video: 5366409594815891602
Processing video: 5391892065246550398
Processing video: 5525084584552992937
total  1173319 subs 9168
Trial 697/1000, Params: dpd_100.0_dpg_0.1_ws_20_mg_4.0_sim_0.5, F1@0.50: 29.86
Processing video: 5085344787448740525
Processing video: 5086465773912997411
Processing video: 5085357672350628540
Processing video: 5090916219025116054
Processing video: 5092765202446045704
Processing video: 5097975856769557081
Processing video: 5099449889545545450
Processing video: 5103182645622502287
Processing video: 5134749367588120522
Processing video: 5146258161124252727
Processing video: 5173709444596630576
Processing video: 5172231547180314349
Processing video: 5218949624445806415
Processing video: 5366409594815891602
Processing video: 5391892065246550398Processing video: 5525084584552992937

total  1173319 subs 9168
Trial 698/1000, Params: dpd_20.0_dpg_20.0_ws_40_mg_2.0_sim_100.0, F1@0.50: 53.33
Processing video: 5085357672350628540
Processing video: 5085344787448740525
Processing video: 5086465773912997411
Processing video: 5090916219025116054
Processing video: 5092765202446045704
Processing video: 5097975856769557081
Processing video: 5134749367588120522
Processing video: 5099449889545545450
Processing video: 5103182645622502287
Processing video: 5146258161124252727
Processing video: 5172231547180314349
Processing video: 5173709444596630576
Processing video: 5366409594815891602
Processing video: 5218949624445806415
Processing video: 5391892065246550398
Processing video: 5525084584552992937
total  1173319 subs 9168
Trial 699/1000, Params: dpd_1.0_dpg_2.0_ws_30_mg_4.0_sim_5.0, F1@0.50: 52.01
Processing video: 5085344787448740525
Processing video: 5085357672350628540
Processing video: 5086465773912997411
Processing video: 5090916219025116054
Processing video: 5092765202446045704
Processing video: 5097975856769557081
Processing video: 5134749367588120522
Processing video: 5099449889545545450
Processing video: 5103182645622502287
Processing video: 5146258161124252727
Processing video: 5218949624445806415
Processing video: 5172231547180314349
Processing video: 5173709444596630576
Processing video: 5366409594815891602
Processing video: 5391892065246550398
Processing video: 5525084584552992937
total  1173319 subs 9168
Trial 700/1000, Params: dpd_1.0_dpg_2.0_ws_40_mg_8.0_sim_20.0, F1@0.50: 54.03
Processing video: 5085344787448740525
Processing video: 5085357672350628540
Processing video: 5090916219025116054
Processing video: 5086465773912997411
Processing video: 5092765202446045704
Processing video: 5097975856769557081
Processing video: 5103182645622502287
Processing video: 5099449889545545450
Processing video: 5172231547180314349Processing video: 5134749367588120522

Processing video: 5146258161124252727
Processing video: 5173709444596630576
Processing video: 5391892065246550398Processing video: 5218949624445806415

Processing video: 5525084584552992937
Processing video: 5366409594815891602
total  1173319 subs 9168
Trial 701/1000, Params: dpd_0.8_dpg_0.5_ws_30_mg_8.0_sim_10.0, F1@0.50: 52.44
Processing video: 5085344787448740525
Processing video: 5085357672350628540
Processing video: 5090916219025116054
Processing video: 5086465773912997411
Processing video: 5092765202446045704
Processing video: 5097975856769557081
Processing video: 5103182645622502287
Processing video: 5099449889545545450
Processing video: 5134749367588120522
Processing video: 5172231547180314349
Processing video: 5146258161124252727
Processing video: 5173709444596630576
Processing video: 5366409594815891602
Processing video: 5218949624445806415
Processing video: 5391892065246550398
Processing video: 5525084584552992937
total  1173319 subs 9168
Trial 702/1000, Params: dpd_0.0_dpg_0.0_ws_40_mg_8.0_sim_0.0, F1@0.50: 49.27
Processing video: 5085344787448740525
Processing video: 5085357672350628540
Processing video: 5086465773912997411
Processing video: 5090916219025116054
Processing video: 5092765202446045704
Processing video: 5097975856769557081
Processing video: 5103182645622502287
Processing video: 5099449889545545450
Processing video: 5134749367588120522
Processing video: 5146258161124252727
Processing video: 5172231547180314349
Processing video: 5173709444596630576
Processing video: 5218949624445806415
Processing video: 5391892065246550398
Processing video: 5366409594815891602
Processing video: 5525084584552992937
total  1173319 subs 9168
Trial 703/1000, Params: dpd_0.0_dpg_10.0_ws_40_mg_6.0_sim_0.0, F1@0.50: 48.04
Processing video: 5085344787448740525
Processing video: 5085357672350628540
Processing video: 5086465773912997411
Processing video: 5090916219025116054
Processing video: 5092765202446045704
Processing video: 5097975856769557081
Processing video: 5103182645622502287
Processing video: 5099449889545545450
Processing video: 5134749367588120522
Processing video: 5146258161124252727
Processing video: 5173709444596630576
Processing video: 5172231547180314349
Processing video: 5218949624445806415
Processing video: 5366409594815891602
Processing video: 5391892065246550398
Processing video: 5525084584552992937
total  1173319 subs 9168
Trial 704/1000, Params: dpd_0.1_dpg_10.0_ws_50_mg_10.0_sim_5.0, F1@0.50: 50.47
Processing video: 5085357672350628540
Processing video: 5085344787448740525
Processing video: 5086465773912997411
Processing video: 5090916219025116054
Processing video: 5092765202446045704
Processing video: 5097975856769557081
Processing video: 5099449889545545450
Processing video: 5103182645622502287
Processing video: 5134749367588120522
Processing video: 5146258161124252727
Processing video: 5172231547180314349
Processing video: 5173709444596630576
Processing video: 5218949624445806415
Processing video: 5366409594815891602
Processing video: 5391892065246550398
Processing video: 5525084584552992937
total  1173319 subs 9168
Trial 705/1000, Params: dpd_5.0_dpg_0.0_ws_50_mg_10.0_sim_0.0, F1@0.50: 49.18
Processing video: 5085344787448740525
Processing video: 5085357672350628540
Processing video: 5086465773912997411
Processing video: 5090916219025116054
Processing video: 5092765202446045704
Processing video: 5097975856769557081
Processing video: 5099449889545545450
Processing video: 5103182645622502287
Processing video: 5134749367588120522
Processing video: 5172231547180314349
Processing video: 5146258161124252727
Processing video: 5173709444596630576
Processing video: 5218949624445806415
Processing video: 5366409594815891602
Processing video: 5391892065246550398
Processing video: 5525084584552992937
total  1173319 subs 9168
Trial 706/1000, Params: dpd_20.0_dpg_0.1_ws_20_mg_10.0_sim_10.0, F1@0.50: 45.89
Processing video: 5085344787448740525
Processing video: 5085357672350628540
Processing video: 5086465773912997411
Processing video: 5090916219025116054
Processing video: 5092765202446045704
Processing video: 5097975856769557081
Processing video: 5134749367588120522
Processing video: 5099449889545545450
Processing video: 5103182645622502287
Processing video: 5146258161124252727
Processing video: 5172231547180314349
Processing video: 5173709444596630576
Processing video: 5391892065246550398
Processing video: 5218949624445806415
Processing video: 5366409594815891602
Processing video: 5525084584552992937
total  1173319 subs 9168
Trial 707/1000, Params: dpd_10.0_dpg_10.0_ws_40_mg_6.0_sim_10.0, F1@0.50: 52.62
Processing video: 5085344787448740525
Processing video: 5085357672350628540
Processing video: 5090916219025116054
Processing video: 5086465773912997411
Processing video: 5092765202446045704
Processing video: 5097975856769557081
Processing video: 5099449889545545450
Processing video: 5103182645622502287
Processing video: 5134749367588120522
Processing video: 5146258161124252727
Processing video: 5172231547180314349
Processing video: 5366409594815891602
Processing video: 5173709444596630576
Processing video: 5218949624445806415
Processing video: 5391892065246550398
Processing video: 5525084584552992937
total  1173319 subs 9168
Trial 708/1000, Params: dpd_0.0_dpg_0.0_ws_40_mg_10.0_sim_20.0, F1@0.50: 48.33
Processing video: 5085344787448740525
Processing video: 5085357672350628540
Processing video: 5086465773912997411
Processing video: 5090916219025116054
Processing video: 5092765202446045704
Processing video: 5097975856769557081Processing video: 5103182645622502287

Processing video: 5099449889545545450
Processing video: 5134749367588120522
Processing video: 5146258161124252727
Processing video: 5172231547180314349
Processing video: 5218949624445806415
Processing video: 5366409594815891602
Processing video: 5173709444596630576
Processing video: 5391892065246550398
Processing video: 5525084584552992937
total  1173319 subs 9168
Trial 709/1000, Params: dpd_0.5_dpg_0.1_ws_50_mg_6.0_sim_10.0, F1@0.50: 52.52
Processing video: 5085344787448740525
Processing video: 5085357672350628540
Processing video: 5086465773912997411
Processing video: 5090916219025116054
Processing video: 5092765202446045704
Processing video: 5097975856769557081
Processing video: 5099449889545545450
Processing video: 5134749367588120522
Processing video: 5103182645622502287
Processing video: 5146258161124252727
Processing video: 5172231547180314349
Processing video: 5173709444596630576
Processing video: 5218949624445806415
Processing video: 5366409594815891602
Processing video: 5391892065246550398
Processing video: 5525084584552992937
total  1173319 subs 9168
Trial 710/1000, Params: dpd_5.0_dpg_10.0_ws_20_mg_4.0_sim_20.0, F1@0.50: 53.17
Processing video: 5085357672350628540
Processing video: 5085344787448740525
Processing video: 5086465773912997411
Processing video: 5090916219025116054
Processing video: 5092765202446045704
Processing video: 5097975856769557081
Processing video: 5099449889545545450
Processing video: 5103182645622502287Processing video: 5146258161124252727

Processing video: 5134749367588120522
Processing video: 5172231547180314349
Processing video: 5218949624445806415
Processing video: 5173709444596630576
Processing video: 5366409594815891602
Processing video: 5525084584552992937
Processing video: 5391892065246550398
total  1173319 subs 9168
Trial 711/1000, Params: dpd_0.8_dpg_0.8_ws_40_mg_4.0_sim_0.5, F1@0.50: 50.64
Processing video: 5085357672350628540
Processing video: 5085344787448740525
Processing video: 5086465773912997411
Processing video: 5090916219025116054
Processing video: 5092765202446045704
Processing video: 5097975856769557081
Processing video: 5103182645622502287
Processing video: 5099449889545545450
Processing video: 5134749367588120522
Processing video: 5172231547180314349
Processing video: 5146258161124252727
Processing video: 5366409594815891602
Processing video: 5173709444596630576
Processing video: 5218949624445806415
Processing video: 5391892065246550398Processing video: 5525084584552992937

total  1173319 subs 9168
Trial 712/1000, Params: dpd_0.5_dpg_2.0_ws_40_mg_10.0_sim_10.0, F1@0.50: 52.94
Processing video: 5085344787448740525
Processing video: 5085357672350628540
Processing video: 5090916219025116054
Processing video: 5086465773912997411
Processing video: 5092765202446045704
Processing video: 5097975856769557081
Processing video: 5099449889545545450
Processing video: 5134749367588120522
Processing video: 5103182645622502287
Processing video: 5146258161124252727
Processing video: 5218949624445806415
Processing video: 5172231547180314349
Processing video: 5173709444596630576Processing video: 5366409594815891602

Processing video: 5391892065246550398
Processing video: 5525084584552992937
total  1173319 subs 9168
Trial 713/1000, Params: dpd_100.0_dpg_0.8_ws_50_mg_8.0_sim_100.0, F1@0.50: 39.9
Processing video: 5085344787448740525
Processing video: 5085357672350628540
Processing video: 5086465773912997411
Processing video: 5090916219025116054
Processing video: 5092765202446045704
Processing video: 5097975856769557081
Processing video: 5099449889545545450
Processing video: 5103182645622502287
Processing video: 5134749367588120522
Processing video: 5146258161124252727
Processing video: 5172231547180314349
Processing video: 5366409594815891602
Processing video: 5173709444596630576
Processing video: 5218949624445806415
Processing video: 5391892065246550398
Processing video: 5525084584552992937
total  1173319 subs 9168
Trial 714/1000, Params: dpd_20.0_dpg_20.0_ws_20_mg_4.0_sim_30.0, F1@0.50: 51.3
Processing video: 5085357672350628540
Processing video: 5085344787448740525
Processing video: 5086465773912997411
Processing video: 5090916219025116054
Processing video: 5092765202446045704
Processing video: 5097975856769557081
Processing video: 5099449889545545450
Processing video: 5103182645622502287
Processing video: 5146258161124252727
Processing video: 5134749367588120522
Processing video: 5218949624445806415
Processing video: 5172231547180314349
Processing video: 5173709444596630576
Processing video: 5366409594815891602
Processing video: 5525084584552992937
Processing video: 5391892065246550398
total  1173319 subs 9168
Trial 715/1000, Params: dpd_100.0_dpg_5.0_ws_20_mg_10.0_sim_50.0, F1@0.50: 43.03
Processing video: 5085344787448740525
Processing video: 5085357672350628540
Processing video: 5086465773912997411
Processing video: 5090916219025116054
Processing video: 5092765202446045704
Processing video: 5097975856769557081
Processing video: 5099449889545545450
Processing video: 5103182645622502287
Processing video: 5134749367588120522
Processing video: 5172231547180314349
Processing video: 5146258161124252727
Processing video: 5366409594815891602Processing video: 5173709444596630576

Processing video: 5218949624445806415
Processing video: 5391892065246550398
Processing video: 5525084584552992937
total  1173319 subs 9168
Trial 716/1000, Params: dpd_0.8_dpg_0.0_ws_50_mg_8.0_sim_10.0, F1@0.50: 52.38
Processing video: 5085344787448740525
Processing video: 5085357672350628540
Processing video: 5086465773912997411
Processing video: 5090916219025116054
Processing video: 5092765202446045704
Processing video: 5097975856769557081
Processing video: 5103182645622502287
Processing video: 5099449889545545450
Processing video: 5134749367588120522
Processing video: 5172231547180314349
Processing video: 5146258161124252727
Processing video: 5173709444596630576
Processing video: 5218949624445806415
Processing video: 5366409594815891602
Processing video: 5391892065246550398
Processing video: 5525084584552992937
total  1173319 subs 9168
Trial 717/1000, Params: dpd_0.8_dpg_5.0_ws_20_mg_6.0_sim_50.0, F1@0.50: 48.36
Processing video: 5085344787448740525
Processing video: 5085357672350628540
Processing video: 5086465773912997411
Processing video: 5090916219025116054
Processing video: 5092765202446045704
Processing video: 5097975856769557081
Processing video: 5103182645622502287
Processing video: 5099449889545545450
Processing video: 5134749367588120522
Processing video: 5146258161124252727
Processing video: 5172231547180314349
Processing video: 5173709444596630576
Processing video: 5218949624445806415
Processing video: 5366409594815891602
Processing video: 5391892065246550398
Processing video: 5525084584552992937
total  1173319 subs 9168
Trial 718/1000, Params: dpd_1.0_dpg_100.0_ws_40_mg_4.0_sim_50.0, F1@0.50: 41.5
Processing video: 5085344787448740525
Processing video: 5085357672350628540
Processing video: 5086465773912997411
Processing video: 5090916219025116054
Processing video: 5092765202446045704
Processing video: 5097975856769557081
Processing video: 5134749367588120522Processing video: 5099449889545545450

Processing video: 5103182645622502287
Processing video: 5146258161124252727
Processing video: 5172231547180314349
Processing video: 5173709444596630576Processing video: 5366409594815891602

Processing video: 5218949624445806415
Processing video: 5525084584552992937
Processing video: 5391892065246550398
total  1173319 subs 9168
Trial 719/1000, Params: dpd_10.0_dpg_5.0_ws_20_mg_2.0_sim_2.0, F1@0.50: 47.76
Processing video: 5085357672350628540
Processing video: 5085344787448740525
Processing video: 5086465773912997411
Processing video: 5090916219025116054
Processing video: 5092765202446045704
Processing video: 5097975856769557081
Processing video: 5103182645622502287
Processing video: 5099449889545545450
Processing video: 5134749367588120522
Processing video: 5146258161124252727
Processing video: 5218949624445806415
Processing video: 5172231547180314349
Processing video: 5173709444596630576
Processing video: 5366409594815891602
Processing video: 5525084584552992937
Processing video: 5391892065246550398
total  1173319 subs 9168
Trial 720/1000, Params: dpd_0.8_dpg_0.0_ws_50_mg_10.0_sim_0.0, F1@0.50: 49.76
Processing video: 5085344787448740525
Processing video: 5085357672350628540
Processing video: 5086465773912997411
Processing video: 5090916219025116054
Processing video: 5092765202446045704
Processing video: 5097975856769557081
Processing video: 5103182645622502287
Processing video: 5099449889545545450
Processing video: 5134749367588120522Processing video: 5172231547180314349

Processing video: 5146258161124252727
Processing video: 5173709444596630576
Processing video: 5391892065246550398Processing video: 5218949624445806415

Processing video: 5366409594815891602
Processing video: 5525084584552992937
total  1173319 subs 9168
Trial 721/1000, Params: dpd_20.0_dpg_2.0_ws_50_mg_6.0_sim_5.0, F1@0.50: 45.51
Processing video: 5085344787448740525
Processing video: 5086465773912997411
Processing video: 5085357672350628540
Processing video: 5090916219025116054
Processing video: 5092765202446045704
Processing video: 5097975856769557081
Processing video: 5134749367588120522Processing video: 5099449889545545450

Processing video: 5103182645622502287
Processing video: 5146258161124252727
Processing video: 5173709444596630576
Processing video: 5172231547180314349
Processing video: 5218949624445806415
Processing video: 5525084584552992937
Processing video: 5366409594815891602
Processing video: 5391892065246550398
total  1173319 subs 9168
Trial 722/1000, Params: dpd_5.0_dpg_2.0_ws_20_mg_8.0_sim_0.0, F1@0.50: 47.31
Processing video: 5085344787448740525
Processing video: 5085357672350628540
Processing video: 5086465773912997411
Processing video: 5090916219025116054
Processing video: 5092765202446045704
Processing video: 5097975856769557081
Processing video: 5099449889545545450Processing video: 5134749367588120522

Processing video: 5103182645622502287
Processing video: 5146258161124252727
Processing video: 5172231547180314349
Processing video: 5173709444596630576
Processing video: 5218949624445806415
Processing video: 5391892065246550398
Processing video: 5366409594815891602
Processing video: 5525084584552992937
total  1173319 subs 9168
Trial 723/1000, Params: dpd_10.0_dpg_1.0_ws_50_mg_10.0_sim_100.0, F1@0.50: 50.84
Processing video: 5085344787448740525
Processing video: 5085357672350628540
Processing video: 5086465773912997411
Processing video: 5090916219025116054
Processing video: 5092765202446045704
Processing video: 5097975856769557081
Processing video: 5099449889545545450
Processing video: 5103182645622502287
Processing video: 5134749367588120522Processing video: 5172231547180314349

Processing video: 5146258161124252727
Processing video: 5173709444596630576
Processing video: 5218949624445806415
Processing video: 5366409594815891602
Processing video: 5391892065246550398
Processing video: 5525084584552992937
total  1173319 subs 9168
Trial 724/1000, Params: dpd_1.0_dpg_2.0_ws_20_mg_8.0_sim_50.0, F1@0.50: 48.76
Processing video: 5085344787448740525
Processing video: 5085357672350628540
Processing video: 5086465773912997411
Processing video: 5090916219025116054
Processing video: 5092765202446045704
Processing video: 5097975856769557081
Processing video: 5103182645622502287
Processing video: 5099449889545545450
Processing video: 5134749367588120522
Processing video: 5146258161124252727
Processing video: 5172231547180314349
Processing video: 5173709444596630576
Processing video: 5218949624445806415
Processing video: 5366409594815891602
Processing video: 5391892065246550398
Processing video: 5525084584552992937
total  1173319 subs 9168
Trial 725/1000, Params: dpd_5.0_dpg_5.0_ws_30_mg_8.0_sim_100.0, F1@0.50: 50.24
Processing video: 5085344787448740525
Processing video: 5085357672350628540
Processing video: 5086465773912997411
Processing video: 5090916219025116054
Processing video: 5092765202446045704
Processing video: 5097975856769557081
Processing video: 5103182645622502287
Processing video: 5099449889545545450
Processing video: 5134749367588120522
Processing video: 5146258161124252727
Processing video: 5172231547180314349
Processing video: 5173709444596630576
Processing video: 5218949624445806415
Processing video: 5366409594815891602
Processing video: 5391892065246550398
Processing video: 5525084584552992937
total  1173319 subs 9168
Trial 726/1000, Params: dpd_1.0_dpg_5.0_ws_30_mg_4.0_sim_20.0, F1@0.50: 53.9
Processing video: 5085344787448740525
Processing video: 5085357672350628540
Processing video: 5086465773912997411
Processing video: 5090916219025116054
Processing video: 5092765202446045704
Processing video: 5097975856769557081
Processing video: 5103182645622502287
Processing video: 5099449889545545450
Processing video: 5134749367588120522
Processing video: 5146258161124252727
Processing video: 5172231547180314349
Processing video: 5173709444596630576
Processing video: 5218949624445806415
Processing video: 5391892065246550398
Processing video: 5366409594815891602
Processing video: 5525084584552992937
total  1173319 subs 9168
Trial 727/1000, Params: dpd_2.0_dpg_5.0_ws_50_mg_6.0_sim_100.0, F1@0.50: 42.88
Processing video: 5085344787448740525
Processing video: 5085357672350628540
Processing video: 5086465773912997411
Processing video: 5090916219025116054
Processing video: 5092765202446045704
Processing video: 5097975856769557081
Processing video: 5103182645622502287
Processing video: 5099449889545545450
Processing video: 5134749367588120522
Processing video: 5146258161124252727Processing video: 5173709444596630576

Processing video: 5172231547180314349
Processing video: 5218949624445806415
Processing video: 5366409594815891602
Processing video: 5525084584552992937
Processing video: 5391892065246550398
total  1173319 subs 9168
Trial 728/1000, Params: dpd_1.0_dpg_2.0_ws_30_mg_4.0_sim_2.0, F1@0.50: 51.7
Processing video: 5085357672350628540
Processing video: 5085344787448740525
Processing video: 5086465773912997411
Processing video: 5090916219025116054
Processing video: 5092765202446045704
Processing video: 5097975856769557081
Processing video: 5099449889545545450
Processing video: 5103182645622502287
Processing video: 5134749367588120522
Processing video: 5146258161124252727
Processing video: 5172231547180314349
Processing video: 5173709444596630576
Processing video: 5218949624445806415
Processing video: 5366409594815891602
Processing video: 5391892065246550398
Processing video: 5525084584552992937
total  1173319 subs 9168
Trial 729/1000, Params: dpd_0.8_dpg_0.0_ws_50_mg_4.0_sim_50.0, F1@0.50: 44.45
Processing video: 5085344787448740525
Processing video: 5086465773912997411
Processing video: 5085357672350628540
Processing video: 5090916219025116054
Processing video: 5092765202446045704
Processing video: 5097975856769557081
Processing video: 5099449889545545450
Processing video: 5103182645622502287
Processing video: 5134749367588120522
Processing video: 5172231547180314349
Processing video: 5146258161124252727
Processing video: 5173709444596630576
Processing video: 5218949624445806415
Processing video: 5366409594815891602
Processing video: 5525084584552992937
Processing video: 5391892065246550398
total  1173319 subs 9168
Trial 730/1000, Params: dpd_10.0_dpg_20.0_ws_40_mg_8.0_sim_50.0, F1@0.50: 55.1
Processing video: 5085344787448740525
Processing video: 5085357672350628540
Processing video: 5086465773912997411
Processing video: 5090916219025116054
Processing video: 5092765202446045704
Processing video: 5097975856769557081
Processing video: 5099449889545545450
Processing video: 5103182645622502287
Processing video: 5134749367588120522
Processing video: 5146258161124252727
Processing video: 5172231547180314349
Processing video: 5173709444596630576
Processing video: 5218949624445806415
Processing video: 5366409594815891602
Processing video: 5391892065246550398Processing video: 5525084584552992937

total  1173319 subs 9168
Trial 731/1000, Params: dpd_0.1_dpg_1.0_ws_30_mg_8.0_sim_1.0, F1@0.50: 50.31
Processing video: 5085344787448740525
Processing video: 5085357672350628540
Processing video: 5086465773912997411
Processing video: 5090916219025116054
Processing video: 5092765202446045704
Processing video: 5097975856769557081
Processing video: 5099449889545545450Processing video: 5134749367588120522

Processing video: 5103182645622502287
Processing video: 5173709444596630576
Processing video: 5146258161124252727
Processing video: 5172231547180314349Processing video: 5366409594815891602

Processing video: 5218949624445806415
Processing video: 5525084584552992937
Processing video: 5391892065246550398
total  1173319 subs 9168
Trial 732/1000, Params: dpd_10.0_dpg_1.0_ws_30_mg_8.0_sim_2.0, F1@0.50: 47.48
Processing video: 5085344787448740525
Processing video: 5085357672350628540
Processing video: 5090916219025116054
Processing video: 5086465773912997411
Processing video: 5092765202446045704
Processing video: 5097975856769557081
Processing video: 5103182645622502287
Processing video: 5099449889545545450
Processing video: 5146258161124252727
Processing video: 5134749367588120522
Processing video: 5172231547180314349
Processing video: 5173709444596630576
Processing video: 5391892065246550398
Processing video: 5218949624445806415
Processing video: 5366409594815891602
Processing video: 5525084584552992937
total  1173319 subs 9168
Trial 733/1000, Params: dpd_0.8_dpg_0.1_ws_50_mg_8.0_sim_2.0, F1@0.50: 50.52
Processing video: 5085344787448740525
Processing video: 5085357672350628540
Processing video: 5086465773912997411
Processing video: 5090916219025116054
Processing video: 5092765202446045704
Processing video: 5097975856769557081
Processing video: 5099449889545545450
Processing video: 5103182645622502287
Processing video: 5134749367588120522
Processing video: 5172231547180314349
Processing video: 5146258161124252727
Processing video: 5218949624445806415
Processing video: 5173709444596630576
Processing video: 5366409594815891602
Processing video: 5391892065246550398
Processing video: 5525084584552992937
total  1173319 subs 9168
Trial 734/1000, Params: dpd_0.0_dpg_5.0_ws_20_mg_6.0_sim_30.0, F1@0.50: 48.13
Processing video: 5085344787448740525
Processing video: 5086465773912997411
Processing video: 5085357672350628540
Processing video: 5090916219025116054
Processing video: 5092765202446045704
Processing video: 5097975856769557081
Processing video: 5099449889545545450
Processing video: 5103182645622502287
Processing video: 5146258161124252727
Processing video: 5134749367588120522
Processing video: 5172231547180314349
Processing video: 5173709444596630576
Processing video: 5218949624445806415
Processing video: 5366409594815891602
Processing video: 5391892065246550398
Processing video: 5525084584552992937
total  1173319 subs 9168
Trial 735/1000, Params: dpd_1.0_dpg_5.0_ws_50_mg_10.0_sim_5.0, F1@0.50: 52.29
Processing video: 5085344787448740525
Processing video: 5085357672350628540
Processing video: 5086465773912997411
Processing video: 5090916219025116054
Processing video: 5092765202446045704
Processing video: 5097975856769557081
Processing video: 5103182645622502287
Processing video: 5099449889545545450
Processing video: 5134749367588120522
Processing video: 5173709444596630576
Processing video: 5146258161124252727
Processing video: 5172231547180314349
Processing video: 5391892065246550398
Processing video: 5218949624445806415
Processing video: 5366409594815891602Processing video: 5525084584552992937

total  1173319 subs 9168
Trial 736/1000, Params: dpd_2.0_dpg_0.5_ws_40_mg_4.0_sim_1.0, F1@0.50: 51.01
Processing video: 5085344787448740525
Processing video: 5085357672350628540Processing video: 5090916219025116054

Processing video: 5086465773912997411
Processing video: 5092765202446045704
Processing video: 5097975856769557081
Processing video: 5134749367588120522
Processing video: 5099449889545545450
Processing video: 5103182645622502287
Processing video: 5146258161124252727
Processing video: 5172231547180314349
Processing video: 5173709444596630576
Processing video: 5218949624445806415
Processing video: 5366409594815891602
Processing video: 5391892065246550398
Processing video: 5525084584552992937
total  1173319 subs 9168
Trial 737/1000, Params: dpd_5.0_dpg_0.0_ws_20_mg_4.0_sim_50.0, F1@0.50: 52.1
Processing video: 5085344787448740525
Processing video: 5085357672350628540
Processing video: 5086465773912997411
Processing video: 5090916219025116054
Processing video: 5092765202446045704
Processing video: 5097975856769557081
Processing video: 5103182645622502287
Processing video: 5099449889545545450
Processing video: 5134749367588120522
Processing video: 5146258161124252727
Processing video: 5172231547180314349
Processing video: 5173709444596630576
Processing video: 5391892065246550398
Processing video: 5218949624445806415
Processing video: 5366409594815891602
Processing video: 5525084584552992937
total  1173319 subs 9168
Trial 738/1000, Params: dpd_0.0_dpg_0.0_ws_40_mg_10.0_sim_20.0, F1@0.50: 48.33
Processing video: 5085344787448740525
Processing video: 5085357672350628540
Processing video: 5086465773912997411
Processing video: 5090916219025116054
Processing video: 5092765202446045704
Processing video: 5097975856769557081
Processing video: 5103182645622502287
Processing video: 5099449889545545450
Processing video: 5134749367588120522Processing video: 5172231547180314349

Processing video: 5146258161124252727
Processing video: 5366409594815891602
Processing video: 5173709444596630576
Processing video: 5218949624445806415
Processing video: 5391892065246550398
Processing video: 5525084584552992937
total  1173319 subs 9168
Trial 739/1000, Params: dpd_1.0_dpg_20.0_ws_40_mg_2.0_sim_50.0, F1@0.50: 48.09
Processing video: 5085344787448740525
Processing video: 5085357672350628540Processing video: 5090916219025116054

Processing video: 5086465773912997411
Processing video: 5092765202446045704
Processing video: 5097975856769557081
Processing video: 5134749367588120522
Processing video: 5099449889545545450
Processing video: 5103182645622502287
Processing video: 5146258161124252727
Processing video: 5172231547180314349
Processing video: 5173709444596630576
Processing video: 5366409594815891602
Processing video: 5218949624445806415
Processing video: 5391892065246550398
Processing video: 5525084584552992937
total  1173319 subs 9168
Trial 740/1000, Params: dpd_10.0_dpg_0.5_ws_40_mg_4.0_sim_5.0, F1@0.50: 48.83
Processing video: 5085357672350628540
Processing video: 5085344787448740525
Processing video: 5086465773912997411
Processing video: 5090916219025116054
Processing video: 5092765202446045704
Processing video: 5097975856769557081
Processing video: 5099449889545545450
Processing video: 5103182645622502287
Processing video: 5172231547180314349
Processing video: 5134749367588120522
Processing video: 5146258161124252727
Processing video: 5173709444596630576
Processing video: 5391892065246550398
Processing video: 5218949624445806415
Processing video: 5366409594815891602
Processing video: 5525084584552992937
total  1173319 subs 9168
Trial 741/1000, Params: dpd_10.0_dpg_0.1_ws_30_mg_2.0_sim_1.0, F1@0.50: 47.11
Processing video: 5085357672350628540
Processing video: 5085344787448740525
Processing video: 5086465773912997411
Processing video: 5090916219025116054
Processing video: 5092765202446045704
Processing video: 5097975856769557081
Processing video: 5134749367588120522
Processing video: 5099449889545545450
Processing video: 5103182645622502287
Processing video: 5172231547180314349
Processing video: 5146258161124252727
Processing video: 5366409594815891602
Processing video: 5173709444596630576
Processing video: 5218949624445806415
Processing video: 5391892065246550398
Processing video: 5525084584552992937
total  1173319 subs 9168
Trial 742/1000, Params: dpd_0.5_dpg_1.0_ws_50_mg_6.0_sim_20.0, F1@0.50: 52.97
Processing video: 5085344787448740525
Processing video: 5085357672350628540
Processing video: 5090916219025116054
Processing video: 5086465773912997411
Processing video: 5092765202446045704
Processing video: 5097975856769557081
Processing video: 5099449889545545450
Processing video: 5103182645622502287
Processing video: 5134749367588120522
Processing video: 5172231547180314349
Processing video: 5146258161124252727
Processing video: 5173709444596630576
Processing video: 5218949624445806415
Processing video: 5391892065246550398
Processing video: 5366409594815891602
Processing video: 5525084584552992937
total  1173319 subs 9168
Trial 743/1000, Params: dpd_5.0_dpg_20.0_ws_30_mg_8.0_sim_50.0, F1@0.50: 54.79
Processing video: 5085344787448740525
Processing video: 5085357672350628540
Processing video: 5086465773912997411
Processing video: 5090916219025116054
Processing video: 5092765202446045704
Processing video: 5097975856769557081
Processing video: 5099449889545545450
Processing video: 5134749367588120522
Processing video: 5103182645622502287Processing video: 5146258161124252727

Processing video: 5172231547180314349
Processing video: 5173709444596630576
Processing video: 5218949624445806415
Processing video: 5366409594815891602
Processing video: 5391892065246550398
Processing video: 5525084584552992937
total  1173319 subs 9168
Trial 744/1000, Params: dpd_0.0_dpg_0.0_ws_50_mg_6.0_sim_30.0, F1@0.50: 43.74
Processing video: 5085357672350628540
Processing video: 5085344787448740525
Processing video: 5086465773912997411
Processing video: 5090916219025116054
Processing video: 5092765202446045704
Processing video: 5097975856769557081
Processing video: 5103182645622502287
Processing video: 5099449889545545450
Processing video: 5146258161124252727
Processing video: 5134749367588120522
Processing video: 5172231547180314349
Processing video: 5173709444596630576
Processing video: 5218949624445806415
Processing video: 5366409594815891602
Processing video: 5391892065246550398Processing video: 5525084584552992937

total  1173319 subs 9168
Trial 745/1000, Params: dpd_0.0_dpg_0.5_ws_50_mg_10.0_sim_0.0, F1@0.50: 50.11
Processing video: 5085344787448740525
Processing video: 5085357672350628540
Processing video: 5086465773912997411
Processing video: 5090916219025116054
Processing video: 5092765202446045704
Processing video: 5097975856769557081
Processing video: 5099449889545545450
Processing video: 5103182645622502287
Processing video: 5134749367588120522
Processing video: 5173709444596630576
Processing video: 5146258161124252727
Processing video: 5172231547180314349
Processing video: 5366409594815891602
Processing video: 5218949624445806415
Processing video: 5525084584552992937
Processing video: 5391892065246550398
total  1173319 subs 9168
Trial 746/1000, Params: dpd_5.0_dpg_100.0_ws_40_mg_4.0_sim_0.5, F1@0.50: 42.48
Processing video: 5085344787448740525
Processing video: 5085357672350628540
Processing video: 5086465773912997411
Processing video: 5090916219025116054
Processing video: 5092765202446045704
Processing video: 5097975856769557081
Processing video: 5099449889545545450Processing video: 5134749367588120522

Processing video: 5103182645622502287
Processing video: 5146258161124252727
Processing video: 5172231547180314349
Processing video: 5173709444596630576
Processing video: 5391892065246550398
Processing video: 5218949624445806415
Processing video: 5366409594815891602
Processing video: 5525084584552992937
total  1173319 subs 9168
Trial 747/1000, Params: dpd_10.0_dpg_20.0_ws_30_mg_4.0_sim_2.0, F1@0.50: 50.67
Processing video: 5085344787448740525
Processing video: 5085357672350628540
Processing video: 5086465773912997411
Processing video: 5090916219025116054
Processing video: 5092765202446045704
Processing video: 5097975856769557081
Processing video: 5103182645622502287
Processing video: 5099449889545545450
Processing video: 5134749367588120522
Processing video: 5172231547180314349
Processing video: 5146258161124252727
Processing video: 5366409594815891602
Processing video: 5173709444596630576
Processing video: 5218949624445806415
Processing video: 5525084584552992937
Processing video: 5391892065246550398
total  1173319 subs 9168
Trial 748/1000, Params: dpd_5.0_dpg_0.5_ws_30_mg_4.0_sim_2.0, F1@0.50: 50.18
Processing video: 5085357672350628540
Processing video: 5085344787448740525
Processing video: 5086465773912997411
Processing video: 5090916219025116054
Processing video: 5092765202446045704
Processing video: 5097975856769557081
Processing video: 5099449889545545450
Processing video: 5134749367588120522
Processing video: 5103182645622502287
Processing video: 5146258161124252727
Processing video: 5172231547180314349
Processing video: 5218949624445806415
Processing video: 5173709444596630576
Processing video: 5366409594815891602
Processing video: 5391892065246550398
Processing video: 5525084584552992937
total  1173319 subs 9168
Trial 749/1000, Params: dpd_5.0_dpg_1.0_ws_40_mg_8.0_sim_10.0, F1@0.50: 52.64
Processing video: 5085344787448740525
Processing video: 5085357672350628540
Processing video: 5086465773912997411
Processing video: 5090916219025116054
Processing video: 5092765202446045704
Processing video: 5097975856769557081
Processing video: 5134749367588120522
Processing video: 5099449889545545450
Processing video: 5103182645622502287
Processing video: 5146258161124252727
Processing video: 5172231547180314349
Processing video: 5173709444596630576
Processing video: 5218949624445806415
Processing video: 5366409594815891602
Processing video: 5525084584552992937
Processing video: 5391892065246550398
total  1173319 subs 9168
Trial 750/1000, Params: dpd_0.0_dpg_5.0_ws_50_mg_10.0_sim_50.0, F1@0.50: 41.94
Processing video: 5085344787448740525
Processing video: 5086465773912997411
Processing video: 5085357672350628540
Processing video: 5090916219025116054
Processing video: 5092765202446045704
Processing video: 5097975856769557081
Processing video: 5099449889545545450
Processing video: 5103182645622502287
Processing video: 5134749367588120522
Processing video: 5146258161124252727
Processing video: 5172231547180314349
Processing video: 5173709444596630576
Processing video: 5218949624445806415
Processing video: 5366409594815891602
Processing video: 5525084584552992937
Processing video: 5391892065246550398
total  1173319 subs 9168
Trial 751/1000, Params: dpd_5.0_dpg_10.0_ws_50_mg_4.0_sim_0.0, F1@0.50: 51.85
Processing video: 5085344787448740525
Processing video: 5085357672350628540
Processing video: 5086465773912997411
Processing video: 5090916219025116054
Processing video: 5092765202446045704
Processing video: 5097975856769557081
Processing video: 5099449889545545450
Processing video: 5103182645622502287
Processing video: 5134749367588120522
Processing video: 5146258161124252727
Processing video: 5172231547180314349
Processing video: 5218949624445806415
Processing video: 5173709444596630576
Processing video: 5366409594815891602
Processing video: 5391892065246550398
Processing video: 5525084584552992937
total  1173319 subs 9168
Trial 752/1000, Params: dpd_0.0_dpg_10.0_ws_40_mg_6.0_sim_30.0, F1@0.50: 47.05
Processing video: 5085357672350628540
Processing video: 5085344787448740525
Processing video: 5086465773912997411
Processing video: 5090916219025116054
Processing video: 5092765202446045704
Processing video: 5097975856769557081
Processing video: 5099449889545545450
Processing video: 5134749367588120522
Processing video: 5103182645622502287
Processing video: 5146258161124252727
Processing video: 5172231547180314349
Processing video: 5173709444596630576
Processing video: 5218949624445806415
Processing video: 5366409594815891602
Processing video: 5391892065246550398Processing video: 5525084584552992937

total  1173319 subs 9168
Trial 753/1000, Params: dpd_10.0_dpg_100.0_ws_20_mg_2.0_sim_0.5, F1@0.50: 41.04
Processing video: 5085344787448740525
Processing video: 5085357672350628540
Processing video: 5086465773912997411
Processing video: 5090916219025116054
Processing video: 5092765202446045704
Processing video: 5097975856769557081
Processing video: 5103182645622502287
Processing video: 5099449889545545450
Processing video: 5134749367588120522
Processing video: 5173709444596630576
Processing video: 5146258161124252727
Processing video: 5172231547180314349
Processing video: 5218949624445806415Processing video: 5391892065246550398

Processing video: 5366409594815891602
Processing video: 5525084584552992937
total  1173319 subs 9168
Trial 754/1000, Params: dpd_100.0_dpg_5.0_ws_50_mg_6.0_sim_10.0, F1@0.50: 33.32
Processing video: 5085344787448740525
Processing video: 5085357672350628540
Processing video: 5086465773912997411
Processing video: 5090916219025116054
Processing video: 5092765202446045704
Processing video: 5097975856769557081
Processing video: 5099449889545545450
Processing video: 5134749367588120522
Processing video: 5103182645622502287
Processing video: 5146258161124252727
Processing video: 5172231547180314349
Processing video: 5173709444596630576
Processing video: 5218949624445806415
Processing video: 5366409594815891602
Processing video: 5391892065246550398
Processing video: 5525084584552992937
total  1173319 subs 9168
Trial 755/1000, Params: dpd_5.0_dpg_10.0_ws_20_mg_2.0_sim_50.0, F1@0.50: 53.85
Processing video: 5085344787448740525Processing video: 5086465773912997411

Processing video: 5085357672350628540
Processing video: 5090916219025116054
Processing video: 5092765202446045704
Processing video: 5097975856769557081
Processing video: 5099449889545545450
Processing video: 5103182645622502287
Processing video: 5134749367588120522
Processing video: 5146258161124252727
Processing video: 5172231547180314349
Processing video: 5173709444596630576
Processing video: 5218949624445806415
Processing video: 5366409594815891602
Processing video: 5391892065246550398
Processing video: 5525084584552992937
total  1173319 subs 9168
Trial 756/1000, Params: dpd_0.8_dpg_100.0_ws_30_mg_10.0_sim_50.0, F1@0.50: 42.48
Processing video: 5085344787448740525
Processing video: 5085357672350628540
Processing video: 5086465773912997411
Processing video: 5090916219025116054
Processing video: 5092765202446045704
Processing video: 5097975856769557081
Processing video: 5103182645622502287
Processing video: 5099449889545545450
Processing video: 5134749367588120522
Processing video: 5173709444596630576
Processing video: 5146258161124252727
Processing video: 5172231547180314349
Processing video: 5218949624445806415
Processing video: 5525084584552992937
Processing video: 5366409594815891602
Processing video: 5391892065246550398
total  1173319 subs 9168
Trial 757/1000, Params: dpd_2.0_dpg_5.0_ws_40_mg_4.0_sim_5.0, F1@0.50: 53.01
Processing video: 5085344787448740525
Processing video: 5085357672350628540
Processing video: 5086465773912997411
Processing video: 5090916219025116054
Processing video: 5092765202446045704
Processing video: 5097975856769557081
Processing video: 5099449889545545450
Processing video: 5103182645622502287
Processing video: 5146258161124252727
Processing video: 5134749367588120522
Processing video: 5172231547180314349
Processing video: 5173709444596630576
Processing video: 5218949624445806415
Processing video: 5391892065246550398
Processing video: 5366409594815891602
Processing video: 5525084584552992937
total  1173319 subs 9168
Trial 758/1000, Params: dpd_0.5_dpg_0.1_ws_50_mg_8.0_sim_2.0, F1@0.50: 50.47
Processing video: 5085344787448740525
Processing video: 5085357672350628540
Processing video: 5090916219025116054
Processing video: 5086465773912997411
Processing video: 5092765202446045704
Processing video: 5097975856769557081
Processing video: 5099449889545545450
Processing video: 5103182645622502287
Processing video: 5134749367588120522
Processing video: 5173709444596630576
Processing video: 5146258161124252727
Processing video: 5172231547180314349
Processing video: 5218949624445806415
Processing video: 5366409594815891602
Processing video: 5391892065246550398
Processing video: 5525084584552992937
total  1173319 subs 9168
Trial 759/1000, Params: dpd_2.0_dpg_20.0_ws_40_mg_2.0_sim_30.0, F1@0.50: 53.78
Processing video: 5085344787448740525
Processing video: 5085357672350628540
Processing video: 5086465773912997411
Processing video: 5090916219025116054
Processing video: 5092765202446045704
Processing video: 5097975856769557081
Processing video: 5099449889545545450
Processing video: 5103182645622502287
Processing video: 5134749367588120522
Processing video: 5146258161124252727
Processing video: 5172231547180314349
Processing video: 5173709444596630576
Processing video: 5218949624445806415
Processing video: 5366409594815891602
Processing video: 5525084584552992937
Processing video: 5391892065246550398
total  1173319 subs 9168
Trial 760/1000, Params: dpd_10.0_dpg_2.0_ws_30_mg_8.0_sim_20.0, F1@0.50: 51.41
Processing video: 5085344787448740525
Processing video: 5085357672350628540
Processing video: 5090916219025116054
Processing video: 5086465773912997411
Processing video: 5092765202446045704
Processing video: 5097975856769557081
Processing video: 5099449889545545450
Processing video: 5103182645622502287
Processing video: 5134749367588120522
Processing video: 5146258161124252727
Processing video: 5173709444596630576
Processing video: 5172231547180314349
Processing video: 5218949624445806415
Processing video: 5366409594815891602
Processing video: 5525084584552992937
Processing video: 5391892065246550398
total  1173319 subs 9168
Trial 761/1000, Params: dpd_5.0_dpg_20.0_ws_30_mg_10.0_sim_30.0, F1@0.50: 55.59
New best found!
New Best F1@0.50: 55.59 with parameters: dp_duration_penalty_weight=5.0, dp_gap_penalty_weight=20.0, dp_window_size=30, dp_max_gap=10.0, similarity_weight=30.0
Processing video: 5085344787448740525
Processing video: 5090916219025116054
Processing video: 5085357672350628540
Processing video: 5086465773912997411
Processing video: 5092765202446045704
Processing video: 5097975856769557081
Processing video: 5134749367588120522
Processing video: 5099449889545545450
Processing video: 5103182645622502287
Processing video: 5146258161124252727
Processing video: 5172231547180314349
Processing video: 5366409594815891602
Processing video: 5173709444596630576
Processing video: 5218949624445806415
Processing video: 5391892065246550398
Processing video: 5525084584552992937
total  1173319 subs 9168
Trial 762/1000, Params: dpd_100.0_dpg_20.0_ws_30_mg_8.0_sim_0.5, F1@0.50: 32.6
Processing video: 5086465773912997411Processing video: 5085344787448740525

Processing video: 5085357672350628540
Processing video: 5090916219025116054
Processing video: 5092765202446045704
Processing video: 5097975856769557081
Processing video: 5103182645622502287
Processing video: 5099449889545545450
Processing video: 5172231547180314349
Processing video: 5134749367588120522
Processing video: 5146258161124252727
Processing video: 5173709444596630576
Processing video: 5218949624445806415
Processing video: 5391892065246550398
Processing video: 5366409594815891602
Processing video: 5525084584552992937
total  1173319 subs 9168
Trial 763/1000, Params: dpd_1.0_dpg_0.5_ws_50_mg_2.0_sim_100.0, F1@0.50: 37.72
Processing video: 5085344787448740525
Processing video: 5085357672350628540
Processing video: 5086465773912997411
Processing video: 5090916219025116054
Processing video: 5092765202446045704
Processing video: 5097975856769557081
Processing video: 5099449889545545450
Processing video: 5103182645622502287
Processing video: 5146258161124252727
Processing video: 5134749367588120522
Processing video: 5172231547180314349
Processing video: 5173709444596630576
Processing video: 5391892065246550398
Processing video: 5218949624445806415
Processing video: 5366409594815891602
Processing video: 5525084584552992937
total  1173319 subs 9168
Trial 764/1000, Params: dpd_0.1_dpg_0.8_ws_30_mg_2.0_sim_10.0, F1@0.50: 52.36
Processing video: 5085344787448740525
Processing video: 5086465773912997411
Processing video: 5085357672350628540
Processing video: 5090916219025116054
Processing video: 5092765202446045704
Processing video: 5097975856769557081
Processing video: 5099449889545545450
Processing video: 5103182645622502287
Processing video: 5134749367588120522
Processing video: 5146258161124252727
Processing video: 5218949624445806415
Processing video: 5172231547180314349
Processing video: 5173709444596630576
Processing video: 5366409594815891602
Processing video: 5391892065246550398Processing video: 5525084584552992937

total  1173319 subs 9168
Trial 765/1000, Params: dpd_5.0_dpg_5.0_ws_50_mg_4.0_sim_1.0, F1@0.50: 51.47
Processing video: 5085357672350628540
Processing video: 5085344787448740525
Processing video: 5086465773912997411
Processing video: 5090916219025116054
Processing video: 5092765202446045704
Processing video: 5097975856769557081
Processing video: 5103182645622502287
Processing video: 5099449889545545450
Processing video: 5134749367588120522
Processing video: 5146258161124252727
Processing video: 5173709444596630576
Processing video: 5172231547180314349
Processing video: 5218949624445806415
Processing video: 5391892065246550398
Processing video: 5366409594815891602
Processing video: 5525084584552992937
total  1173319 subs 9168
Trial 766/1000, Params: dpd_100.0_dpg_10.0_ws_50_mg_8.0_sim_10.0, F1@0.50: 33.24
Processing video: 5085344787448740525
Processing video: 5085357672350628540
Processing video: 5090916219025116054
Processing video: 5086465773912997411
Processing video: 5092765202446045704
Processing video: 5097975856769557081
Processing video: 5099449889545545450
Processing video: 5103182645622502287
Processing video: 5146258161124252727
Processing video: 5134749367588120522
Processing video: 5172231547180314349
Processing video: 5173709444596630576
Processing video: 5218949624445806415
Processing video: 5366409594815891602
Processing video: 5391892065246550398
Processing video: 5525084584552992937
total  1173319 subs 9168
Trial 767/1000, Params: dpd_5.0_dpg_2.0_ws_30_mg_6.0_sim_100.0, F1@0.50: 49.75
Processing video: 5085344787448740525
Processing video: 5085357672350628540
Processing video: 5086465773912997411
Processing video: 5090916219025116054
Processing video: 5092765202446045704
Processing video: 5097975856769557081
Processing video: 5103182645622502287
Processing video: 5099449889545545450
Processing video: 5134749367588120522
Processing video: 5173709444596630576
Processing video: 5146258161124252727
Processing video: 5172231547180314349
Processing video: 5218949624445806415
Processing video: 5366409594815891602
Processing video: 5391892065246550398
Processing video: 5525084584552992937
total  1173319 subs 9168
Trial 768/1000, Params: dpd_0.1_dpg_0.8_ws_30_mg_10.0_sim_0.5, F1@0.50: 50.14
Processing video: 5085344787448740525
Processing video: 5085357672350628540
Processing video: 5086465773912997411
Processing video: 5090916219025116054
Processing video: 5092765202446045704
Processing video: 5097975856769557081
Processing video: 5099449889545545450
Processing video: 5103182645622502287
Processing video: 5134749367588120522
Processing video: 5172231547180314349
Processing video: 5146258161124252727
Processing video: 5366409594815891602
Processing video: 5173709444596630576
Processing video: 5218949624445806415
Processing video: 5391892065246550398
Processing video: 5525084584552992937
total  1173319 subs 9168
Trial 769/1000, Params: dpd_0.5_dpg_5.0_ws_40_mg_10.0_sim_2.0, F1@0.50: 50.86
Processing video: 5085344787448740525
Processing video: 5085357672350628540
Processing video: 5086465773912997411
Processing video: 5090916219025116054
Processing video: 5092765202446045704
Processing video: 5097975856769557081
Processing video: 5099449889545545450
Processing video: 5103182645622502287
Processing video: 5134749367588120522
Processing video: 5146258161124252727
Processing video: 5172231547180314349
Processing video: 5173709444596630576
Processing video: 5218949624445806415
Processing video: 5366409594815891602
Processing video: 5391892065246550398
Processing video: 5525084584552992937
total  1173319 subs 9168
Trial 770/1000, Params: dpd_2.0_dpg_0.5_ws_30_mg_10.0_sim_2.0, F1@0.50: 51.12
Processing video: 5086465773912997411
Processing video: 5085344787448740525
Processing video: 5085357672350628540
Processing video: 5090916219025116054
Processing video: 5092765202446045704
Processing video: 5097975856769557081
Processing video: 5134749367588120522
Processing video: 5099449889545545450
Processing video: 5103182645622502287
Processing video: 5146258161124252727
Processing video: 5173709444596630576
Processing video: 5172231547180314349
Processing video: 5525084584552992937
Processing video: 5366409594815891602
Processing video: 5218949624445806415
Processing video: 5391892065246550398
total  1173319 subs 9168
Trial 771/1000, Params: dpd_0.8_dpg_0.0_ws_50_mg_8.0_sim_5.0, F1@0.50: 51.12
Processing video: 5085357672350628540
Processing video: 5085344787448740525
Processing video: 5086465773912997411
Processing video: 5090916219025116054
Processing video: 5092765202446045704
Processing video: 5097975856769557081
Processing video: 5099449889545545450
Processing video: 5103182645622502287
Processing video: 5134749367588120522
Processing video: 5146258161124252727
Processing video: 5172231547180314349Processing video: 5218949624445806415

Processing video: 5173709444596630576
Processing video: 5366409594815891602
Processing video: 5391892065246550398
Processing video: 5525084584552992937
total  1173319 subs 9168
Trial 772/1000, Params: dpd_2.0_dpg_0.1_ws_50_mg_4.0_sim_20.0, F1@0.50: 54.43
Processing video: 5085344787448740525
Processing video: 5085357672350628540
Processing video: 5086465773912997411
Processing video: 5090916219025116054
Processing video: 5092765202446045704
Processing video: 5097975856769557081
Processing video: 5103182645622502287
Processing video: 5099449889545545450
Processing video: 5134749367588120522
Processing video: 5173709444596630576
Processing video: 5146258161124252727
Processing video: 5172231547180314349
Processing video: 5218949624445806415
Processing video: 5366409594815891602
Processing video: 5391892065246550398
Processing video: 5525084584552992937
total  1173319 subs 9168
Trial 773/1000, Params: dpd_0.5_dpg_5.0_ws_30_mg_10.0_sim_0.5, F1@0.50: 50.04
Processing video: 5085344787448740525
Processing video: 5085357672350628540
Processing video: 5086465773912997411
Processing video: 5090916219025116054
Processing video: 5092765202446045704
Processing video: 5097975856769557081
Processing video: 5103182645622502287
Processing video: 5099449889545545450
Processing video: 5134749367588120522
Processing video: 5146258161124252727
Processing video: 5172231547180314349
Processing video: 5173709444596630576
Processing video: 5366409594815891602
Processing video: 5218949624445806415
Processing video: 5391892065246550398Processing video: 5525084584552992937

total  1173319 subs 9168
Trial 774/1000, Params: dpd_2.0_dpg_20.0_ws_20_mg_2.0_sim_0.0, F1@0.50: 46.64
Processing video: 5085344787448740525
Processing video: 5085357672350628540
Processing video: 5090916219025116054
Processing video: 5086465773912997411
Processing video: 5092765202446045704
Processing video: 5097975856769557081
Processing video: 5103182645622502287
Processing video: 5099449889545545450
Processing video: 5134749367588120522
Processing video: 5146258161124252727
Processing video: 5172231547180314349
Processing video: 5173709444596630576
Processing video: 5218949624445806415
Processing video: 5366409594815891602
Processing video: 5391892065246550398
Processing video: 5525084584552992937
total  1173319 subs 9168
Trial 775/1000, Params: dpd_20.0_dpg_1.0_ws_30_mg_10.0_sim_5.0, F1@0.50: 45.23
Processing video: 5085344787448740525
Processing video: 5085357672350628540
Processing video: 5086465773912997411
Processing video: 5090916219025116054
Processing video: 5092765202446045704
Processing video: 5097975856769557081
Processing video: 5103182645622502287
Processing video: 5099449889545545450
Processing video: 5134749367588120522
Processing video: 5146258161124252727
Processing video: 5218949624445806415
Processing video: 5172231547180314349
Processing video: 5173709444596630576
Processing video: 5366409594815891602
Processing video: 5391892065246550398
Processing video: 5525084584552992937
total  1173319 subs 9168
Trial 776/1000, Params: dpd_5.0_dpg_0.5_ws_30_mg_8.0_sim_0.0, F1@0.50: 49.04
Processing video: 5085344787448740525
Processing video: 5085357672350628540
Processing video: 5086465773912997411
Processing video: 5090916219025116054
Processing video: 5092765202446045704
Processing video: 5097975856769557081
Processing video: 5099449889545545450
Processing video: 5103182645622502287
Processing video: 5134749367588120522
Processing video: 5146258161124252727
Processing video: 5173709444596630576Processing video: 5172231547180314349

Processing video: 5218949624445806415
Processing video: 5366409594815891602
Processing video: 5391892065246550398
Processing video: 5525084584552992937
total  1173319 subs 9168
Trial 777/1000, Params: dpd_100.0_dpg_1.0_ws_50_mg_6.0_sim_20.0, F1@0.50: 34.54
Processing video: 5085344787448740525
Processing video: 5085357672350628540
Processing video: 5090916219025116054
Processing video: 5086465773912997411
Processing video: 5092765202446045704
Processing video: 5097975856769557081
Processing video: 5099449889545545450
Processing video: 5103182645622502287
Processing video: 5146258161124252727
Processing video: 5134749367588120522
Processing video: 5172231547180314349
Processing video: 5218949624445806415
Processing video: 5173709444596630576
Processing video: 5366409594815891602
Processing video: 5391892065246550398
Processing video: 5525084584552992937
total  1173319 subs 9168
Trial 778/1000, Params: dpd_0.0_dpg_1.0_ws_50_mg_2.0_sim_100.0, F1@0.50: 33.48
Processing video: 5085344787448740525
Processing video: 5085357672350628540
Processing video: 5086465773912997411
Processing video: 5090916219025116054
Processing video: 5092765202446045704
Processing video: 5097975856769557081
Processing video: 5099449889545545450
Processing video: 5134749367588120522
Processing video: 5103182645622502287
Processing video: 5146258161124252727
Processing video: 5218949624445806415
Processing video: 5172231547180314349
Processing video: 5173709444596630576
Processing video: 5366409594815891602
Processing video: 5525084584552992937
Processing video: 5391892065246550398
total  1173319 subs 9168
Trial 779/1000, Params: dpd_0.5_dpg_20.0_ws_40_mg_4.0_sim_2.0, F1@0.50: 48.4
Processing video: 5085344787448740525
Processing video: 5085357672350628540
Processing video: 5086465773912997411
Processing video: 5090916219025116054
Processing video: 5092765202446045704
Processing video: 5097975856769557081Processing video: 5103182645622502287

Processing video: 5099449889545545450
Processing video: 5134749367588120522
Processing video: 5172231547180314349
Processing video: 5146258161124252727
Processing video: 5173709444596630576
Processing video: 5218949624445806415
Processing video: 5366409594815891602
Processing video: 5391892065246550398
Processing video: 5525084584552992937
total  1173319 subs 9168
Trial 780/1000, Params: dpd_0.1_dpg_10.0_ws_50_mg_6.0_sim_30.0, F1@0.50: 47.73
Processing video: 5085344787448740525
Processing video: 5085357672350628540
Processing video: 5086465773912997411
Processing video: 5090916219025116054
Processing video: 5092765202446045704
Processing video: 5097975856769557081
Processing video: 5103182645622502287
Processing video: 5099449889545545450
Processing video: 5134749367588120522
Processing video: 5146258161124252727
Processing video: 5172231547180314349
Processing video: 5173709444596630576
Processing video: 5218949624445806415
Processing video: 5525084584552992937
Processing video: 5366409594815891602
Processing video: 5391892065246550398
total  1173319 subs 9168
Trial 781/1000, Params: dpd_0.8_dpg_2.0_ws_20_mg_4.0_sim_30.0, F1@0.50: 51.31
Processing video: 5085344787448740525
Processing video: 5085357672350628540
Processing video: 5086465773912997411
Processing video: 5090916219025116054
Processing video: 5092765202446045704
Processing video: 5097975856769557081
Processing video: 5103182645622502287
Processing video: 5099449889545545450
Processing video: 5134749367588120522
Processing video: 5172231547180314349
Processing video: 5146258161124252727
Processing video: 5173709444596630576
Processing video: 5218949624445806415
Processing video: 5391892065246550398
Processing video: 5366409594815891602
Processing video: 5525084584552992937
total  1173319 subs 9168
Trial 782/1000, Params: dpd_0.5_dpg_100.0_ws_40_mg_2.0_sim_50.0, F1@0.50: 40.19
Processing video: 5085344787448740525
Processing video: 5085357672350628540
Processing video: 5090916219025116054
Processing video: 5086465773912997411
Processing video: 5092765202446045704
Processing video: 5097975856769557081
Processing video: 5099449889545545450
Processing video: 5103182645622502287
Processing video: 5146258161124252727
Processing video: 5134749367588120522
Processing video: 5172231547180314349
Processing video: 5218949624445806415
Processing video: 5173709444596630576
Processing video: 5366409594815891602
Processing video: 5391892065246550398
Processing video: 5525084584552992937
total  1173319 subs 9168
Trial 783/1000, Params: dpd_0.8_dpg_0.8_ws_20_mg_2.0_sim_2.0, F1@0.50: 49.89
Processing video: 5085344787448740525
Processing video: 5085357672350628540
Processing video: 5090916219025116054
Processing video: 5086465773912997411
Processing video: 5092765202446045704
Processing video: 5097975856769557081
Processing video: 5099449889545545450
Processing video: 5103182645622502287
Processing video: 5134749367588120522
Processing video: 5146258161124252727
Processing video: 5218949624445806415
Processing video: 5172231547180314349
Processing video: 5173709444596630576
Processing video: 5366409594815891602
Processing video: 5391892065246550398
Processing video: 5525084584552992937
total  1173319 subs 9168
Trial 784/1000, Params: dpd_100.0_dpg_100.0_ws_20_mg_2.0_sim_1.0, F1@0.50: 38.03
Processing video: 5085344787448740525
Processing video: 5085357672350628540
Processing video: 5086465773912997411
Processing video: 5090916219025116054
Processing video: 5092765202446045704
Processing video: 5097975856769557081
Processing video: 5099449889545545450
Processing video: 5134749367588120522
Processing video: 5103182645622502287
Processing video: 5173709444596630576
Processing video: 5146258161124252727
Processing video: 5172231547180314349
Processing video: 5218949624445806415
Processing video: 5525084584552992937
Processing video: 5366409594815891602
Processing video: 5391892065246550398
total  1173319 subs 9168
Trial 785/1000, Params: dpd_2.0_dpg_0.0_ws_50_mg_6.0_sim_1.0, F1@0.50: 50.48
Processing video: 5085344787448740525
Processing video: 5085357672350628540
Processing video: 5086465773912997411
Processing video: 5090916219025116054
Processing video: 5092765202446045704
Processing video: 5097975856769557081
Processing video: 5099449889545545450
Processing video: 5134749367588120522
Processing video: 5103182645622502287
Processing video: 5146258161124252727
Processing video: 5172231547180314349Processing video: 5218949624445806415

Processing video: 5173709444596630576
Processing video: 5366409594815891602
Processing video: 5391892065246550398
Processing video: 5525084584552992937
total  1173319 subs 9168
Trial 786/1000, Params: dpd_0.1_dpg_0.5_ws_20_mg_10.0_sim_50.0, F1@0.50: 43.35
Processing video: 5085344787448740525
Processing video: 5085357672350628540
Processing video: 5090916219025116054
Processing video: 5086465773912997411
Processing video: 5092765202446045704
Processing video: 5097975856769557081
Processing video: 5099449889545545450
Processing video: 5103182645622502287
Processing video: 5146258161124252727
Processing video: 5134749367588120522
Processing video: 5172231547180314349
Processing video: 5173709444596630576
Processing video: 5218949624445806415
Processing video: 5366409594815891602
Processing video: 5391892065246550398
Processing video: 5525084584552992937
total  1173319 subs 9168
Trial 787/1000, Params: dpd_0.5_dpg_10.0_ws_20_mg_6.0_sim_2.0, F1@0.50: 48.83
Processing video: 5085344787448740525
Processing video: 5085357672350628540
Processing video: 5086465773912997411
Processing video: 5090916219025116054
Processing video: 5092765202446045704
Processing video: 5097975856769557081
Processing video: 5103182645622502287
Processing video: 5099449889545545450
Processing video: 5134749367588120522
Processing video: 5146258161124252727
Processing video: 5172231547180314349
Processing video: 5173709444596630576
Processing video: 5218949624445806415
Processing video: 5391892065246550398
Processing video: 5366409594815891602
Processing video: 5525084584552992937
total  1173319 subs 9168
Trial 788/1000, Params: dpd_10.0_dpg_10.0_ws_30_mg_2.0_sim_100.0, F1@0.50: 53.23
Processing video: 5085357672350628540
Processing video: 5085344787448740525
Processing video: 5086465773912997411
Processing video: 5090916219025116054
Processing video: 5092765202446045704
Processing video: 5097975856769557081
Processing video: 5099449889545545450
Processing video: 5103182645622502287
Processing video: 5134749367588120522
Processing video: 5146258161124252727
Processing video: 5172231547180314349
Processing video: 5173709444596630576
Processing video: 5218949624445806415
Processing video: 5366409594815891602
Processing video: 5391892065246550398
Processing video: 5525084584552992937
total  1173319 subs 9168
Trial 789/1000, Params: dpd_10.0_dpg_0.5_ws_40_mg_2.0_sim_2.0, F1@0.50: 48.01
Processing video: 5085357672350628540
Processing video: 5085344787448740525
Processing video: 5086465773912997411
Processing video: 5090916219025116054
Processing video: 5092765202446045704
Processing video: 5097975856769557081
Processing video: 5103182645622502287
Processing video: 5099449889545545450
Processing video: 5134749367588120522
Processing video: 5146258161124252727
Processing video: 5172231547180314349
Processing video: 5173709444596630576
Processing video: 5218949624445806415
Processing video: 5366409594815891602
Processing video: 5391892065246550398
Processing video: 5525084584552992937
total  1173319 subs 9168
Trial 790/1000, Params: dpd_20.0_dpg_0.8_ws_40_mg_2.0_sim_100.0, F1@0.50: 51.66
Processing video: 5085357672350628540
Processing video: 5085344787448740525
Processing video: 5086465773912997411
Processing video: 5090916219025116054
Processing video: 5092765202446045704
Processing video: 5097975856769557081
Processing video: 5103182645622502287
Processing video: 5099449889545545450
Processing video: 5134749367588120522
Processing video: 5146258161124252727
Processing video: 5173709444596630576
Processing video: 5172231547180314349
Processing video: 5218949624445806415
Processing video: 5366409594815891602
Processing video: 5525084584552992937
Processing video: 5391892065246550398
total  1173319 subs 9168
Trial 791/1000, Params: dpd_10.0_dpg_100.0_ws_50_mg_8.0_sim_50.0, F1@0.50: 50.49
Processing video: 5085344787448740525
Processing video: 5085357672350628540
Processing video: 5086465773912997411
Processing video: 5090916219025116054
Processing video: 5092765202446045704
Processing video: 5097975856769557081
Processing video: 5099449889545545450
Processing video: 5134749367588120522
Processing video: 5103182645622502287
Processing video: 5146258161124252727
Processing video: 5218949624445806415
Processing video: 5172231547180314349
Processing video: 5173709444596630576
Processing video: 5525084584552992937
Processing video: 5366409594815891602
Processing video: 5391892065246550398
total  1173319 subs 9168
Trial 792/1000, Params: dpd_100.0_dpg_0.5_ws_50_mg_10.0_sim_0.0, F1@0.50: 31.01
Processing video: 5085344787448740525
Processing video: 5086465773912997411
Processing video: 5085357672350628540
Processing video: 5090916219025116054
Processing video: 5092765202446045704
Processing video: 5097975856769557081
Processing video: 5103182645622502287
Processing video: 5099449889545545450
Processing video: 5134749367588120522
Processing video: 5173709444596630576
Processing video: 5146258161124252727
Processing video: 5172231547180314349
Processing video: 5391892065246550398
Processing video: 5218949624445806415
Processing video: 5366409594815891602
Processing video: 5525084584552992937
total  1173319 subs 9168
Trial 793/1000, Params: dpd_2.0_dpg_0.8_ws_50_mg_8.0_sim_30.0, F1@0.50: 54.11
Processing video: 5085344787448740525
Processing video: 5085357672350628540
Processing video: 5086465773912997411
Processing video: 5090916219025116054
Processing video: 5092765202446045704
Processing video: 5097975856769557081
Processing video: 5103182645622502287
Processing video: 5099449889545545450
Processing video: 5134749367588120522
Processing video: 5146258161124252727
Processing video: 5173709444596630576
Processing video: 5172231547180314349
Processing video: 5391892065246550398
Processing video: 5218949624445806415
Processing video: 5366409594815891602
Processing video: 5525084584552992937
total  1173319 subs 9168
Trial 794/1000, Params: dpd_5.0_dpg_2.0_ws_30_mg_2.0_sim_0.5, F1@0.50: 50.11
Processing video: 5085344787448740525
Processing video: 5085357672350628540
Processing video: 5086465773912997411
Processing video: 5090916219025116054
Processing video: 5092765202446045704
Processing video: 5103182645622502287
Processing video: 5097975856769557081
Processing video: 5099449889545545450
Processing video: 5134749367588120522
Processing video: 5146258161124252727
Processing video: 5172231547180314349
Processing video: 5173709444596630576
Processing video: 5218949624445806415
Processing video: 5366409594815891602
Processing video: 5391892065246550398
Processing video: 5525084584552992937
total  1173319 subs 9168
Trial 795/1000, Params: dpd_10.0_dpg_0.5_ws_20_mg_10.0_sim_100.0, F1@0.50: 50.63
Processing video: 5085344787448740525
Processing video: 5085357672350628540
Processing video: 5090916219025116054
Processing video: 5086465773912997411
Processing video: 5092765202446045704
Processing video: 5097975856769557081
Processing video: 5099449889545545450
Processing video: 5134749367588120522
Processing video: 5103182645622502287
Processing video: 5146258161124252727
Processing video: 5173709444596630576
Processing video: 5172231547180314349
Processing video: 5218949624445806415
Processing video: 5366409594815891602
Processing video: 5391892065246550398
Processing video: 5525084584552992937
total  1173319 subs 9168
Trial 796/1000, Params: dpd_0.8_dpg_10.0_ws_20_mg_2.0_sim_50.0, F1@0.50: 49.18
Processing video: 5085344787448740525
Processing video: 5086465773912997411
Processing video: 5085357672350628540
Processing video: 5090916219025116054
Processing video: 5092765202446045704
Processing video: 5097975856769557081
Processing video: 5099449889545545450
Processing video: 5103182645622502287
Processing video: 5146258161124252727
Processing video: 5134749367588120522
Processing video: 5172231547180314349
Processing video: 5173709444596630576
Processing video: 5218949624445806415
Processing video: 5366409594815891602
Processing video: 5525084584552992937
Processing video: 5391892065246550398
total  1173319 subs 9168
Trial 797/1000, Params: dpd_10.0_dpg_20.0_ws_30_mg_2.0_sim_10.0, F1@0.50: 52.67
Processing video: 5085344787448740525
Processing video: 5085357672350628540
Processing video: 5090916219025116054
Processing video: 5086465773912997411
Processing video: 5092765202446045704
Processing video: 5097975856769557081
Processing video: 5103182645622502287
Processing video: 5099449889545545450
Processing video: 5134749367588120522
Processing video: 5173709444596630576
Processing video: 5146258161124252727
Processing video: 5172231547180314349
Processing video: 5218949624445806415
Processing video: 5366409594815891602
Processing video: 5391892065246550398
Processing video: 5525084584552992937
total  1173319 subs 9168
Trial 798/1000, Params: dpd_10.0_dpg_0.8_ws_30_mg_6.0_sim_2.0, F1@0.50: 47.47
Processing video: 5085344787448740525
Processing video: 5085357672350628540
Processing video: 5086465773912997411
Processing video: 5090916219025116054
Processing video: 5092765202446045704
Processing video: 5097975856769557081
Processing video: 5099449889545545450
Processing video: 5103182645622502287
Processing video: 5146258161124252727
Processing video: 5134749367588120522
Processing video: 5172231547180314349
Processing video: 5173709444596630576
Processing video: 5218949624445806415
Processing video: 5366409594815891602
Processing video: 5391892065246550398
Processing video: 5525084584552992937
total  1173319 subs 9168
Trial 799/1000, Params: dpd_0.0_dpg_20.0_ws_50_mg_8.0_sim_0.5, F1@0.50: 44.82
Processing video: 5085344787448740525
Processing video: 5085357672350628540
Processing video: 5086465773912997411
Processing video: 5090916219025116054
Processing video: 5092765202446045704
Processing video: 5097975856769557081
Processing video: 5099449889545545450
Processing video: 5103182645622502287
Processing video: 5146258161124252727
Processing video: 5134749367588120522
Processing video: 5218949624445806415
Processing video: 5172231547180314349
Processing video: 5173709444596630576
Processing video: 5366409594815891602
Processing video: 5391892065246550398Processing video: 5525084584552992937

total  1173319 subs 9168
Trial 800/1000, Params: dpd_10.0_dpg_100.0_ws_30_mg_10.0_sim_20.0, F1@0.50: 48.97
Processing video: 5085357672350628540
Processing video: 5085344787448740525
Processing video: 5086465773912997411
Processing video: 5090916219025116054
Processing video: 5092765202446045704
Processing video: 5097975856769557081
Processing video: 5099449889545545450
Processing video: 5103182645622502287
Processing video: 5134749367588120522
Processing video: 5172231547180314349
Processing video: 5146258161124252727
Processing video: 5173709444596630576
Processing video: 5218949624445806415
Processing video: 5366409594815891602
Processing video: 5391892065246550398
Processing video: 5525084584552992937
total  1173319 subs 9168
Trial 801/1000, Params: dpd_100.0_dpg_100.0_ws_30_mg_10.0_sim_20.0, F1@0.50: 43.91
Processing video: 5085344787448740525
Processing video: 5085357672350628540
Processing video: 5090916219025116054
Processing video: 5086465773912997411
Processing video: 5092765202446045704
Processing video: 5097975856769557081
Processing video: 5134749367588120522
Processing video: 5099449889545545450
Processing video: 5103182645622502287
Processing video: 5173709444596630576
Processing video: 5146258161124252727
Processing video: 5172231547180314349
Processing video: 5366409594815891602
Processing video: 5218949624445806415
Processing video: 5525084584552992937
Processing video: 5391892065246550398
total  1173319 subs 9168
Trial 802/1000, Params: dpd_0.1_dpg_0.8_ws_50_mg_10.0_sim_100.0, F1@0.50: 32.67
Processing video: 5085344787448740525
Processing video: 5085357672350628540
Processing video: 5086465773912997411
Processing video: 5090916219025116054
Processing video: 5092765202446045704
Processing video: 5097975856769557081
Processing video: 5099449889545545450
Processing video: 5134749367588120522
Processing video: 5103182645622502287
Processing video: 5146258161124252727
Processing video: 5218949624445806415
Processing video: 5172231547180314349
Processing video: 5173709444596630576
Processing video: 5366409594815891602
Processing video: 5391892065246550398
Processing video: 5525084584552992937
total  1173319 subs 9168
Trial 803/1000, Params: dpd_10.0_dpg_1.0_ws_20_mg_8.0_sim_2.0, F1@0.50: 46.13
Processing video: 5085344787448740525
Processing video: 5085357672350628540
Processing video: 5086465773912997411
Processing video: 5090916219025116054
Processing video: 5092765202446045704
Processing video: 5097975856769557081
Processing video: 5099449889545545450Processing video: 5134749367588120522

Processing video: 5103182645622502287
Processing video: 5146258161124252727
Processing video: 5218949624445806415
Processing video: 5172231547180314349
Processing video: 5173709444596630576
Processing video: 5366409594815891602
Processing video: 5391892065246550398
Processing video: 5525084584552992937
total  1173319 subs 9168
Trial 804/1000, Params: dpd_1.0_dpg_20.0_ws_20_mg_2.0_sim_30.0, F1@0.50: 50.69
Processing video: 5085344787448740525
Processing video: 5085357672350628540
Processing video: 5086465773912997411
Processing video: 5090916219025116054
Processing video: 5092765202446045704
Processing video: 5097975856769557081
Processing video: 5103182645622502287
Processing video: 5099449889545545450
Processing video: 5134749367588120522
Processing video: 5146258161124252727
Processing video: 5172231547180314349Processing video: 5173709444596630576

Processing video: 5391892065246550398Processing video: 5218949624445806415

Processing video: 5366409594815891602
Processing video: 5525084584552992937
total  1173319 subs 9168
Trial 805/1000, Params: dpd_100.0_dpg_1.0_ws_20_mg_8.0_sim_0.0, F1@0.50: 28.81
Processing video: 5085344787448740525
Processing video: 5086465773912997411
Processing video: 5085357672350628540
Processing video: 5090916219025116054
Processing video: 5092765202446045704
Processing video: 5097975856769557081
Processing video: 5099449889545545450
Processing video: 5103182645622502287
Processing video: 5134749367588120522
Processing video: 5146258161124252727
Processing video: 5172231547180314349
Processing video: 5173709444596630576
Processing video: 5218949624445806415
Processing video: 5366409594815891602
Processing video: 5391892065246550398
Processing video: 5525084584552992937
total  1173319 subs 9168
Trial 806/1000, Params: dpd_0.5_dpg_0.1_ws_40_mg_4.0_sim_0.5, F1@0.50: 50.16
Processing video: 5085344787448740525
Processing video: 5085357672350628540
Processing video: 5086465773912997411
Processing video: 5090916219025116054
Processing video: 5092765202446045704
Processing video: 5097975856769557081
Processing video: 5103182645622502287
Processing video: 5099449889545545450
Processing video: 5134749367588120522
Processing video: 5173709444596630576
Processing video: 5146258161124252727
Processing video: 5172231547180314349
Processing video: 5218949624445806415
Processing video: 5366409594815891602
Processing video: 5525084584552992937
Processing video: 5391892065246550398
total  1173319 subs 9168
Trial 807/1000, Params: dpd_0.8_dpg_20.0_ws_50_mg_6.0_sim_5.0, F1@0.50: 50.12
Processing video: 5085344787448740525
Processing video: 5086465773912997411
Processing video: 5085357672350628540
Processing video: 5090916219025116054
Processing video: 5092765202446045704
Processing video: 5097975856769557081
Processing video: 5099449889545545450
Processing video: 5103182645622502287
Processing video: 5134749367588120522
Processing video: 5173709444596630576
Processing video: 5146258161124252727
Processing video: 5172231547180314349
Processing video: 5218949624445806415
Processing video: 5366409594815891602
Processing video: 5391892065246550398
Processing video: 5525084584552992937
total  1173319 subs 9168
Trial 808/1000, Params: dpd_0.0_dpg_0.1_ws_20_mg_10.0_sim_2.0, F1@0.50: 48.33
Processing video: 5085344787448740525
Processing video: 5085357672350628540
Processing video: 5086465773912997411
Processing video: 5090916219025116054
Processing video: 5092765202446045704
Processing video: 5097975856769557081
Processing video: 5099449889545545450
Processing video: 5134749367588120522
Processing video: 5103182645622502287
Processing video: 5146258161124252727
Processing video: 5173709444596630576
Processing video: 5172231547180314349
Processing video: 5218949624445806415
Processing video: 5366409594815891602
Processing video: 5391892065246550398
Processing video: 5525084584552992937
total  1173319 subs 9168
Trial 809/1000, Params: dpd_10.0_dpg_0.0_ws_50_mg_2.0_sim_5.0, F1@0.50: 48.57
Processing video: 5085344787448740525
Processing video: 5086465773912997411
Processing video: 5085357672350628540
Processing video: 5090916219025116054
Processing video: 5092765202446045704
Processing video: 5097975856769557081
Processing video: 5099449889545545450
Processing video: 5103182645622502287
Processing video: 5134749367588120522
Processing video: 5146258161124252727
Processing video: 5173709444596630576
Processing video: 5172231547180314349
Processing video: 5218949624445806415
Processing video: 5366409594815891602
Processing video: 5391892065246550398
Processing video: 5525084584552992937
total  1173319 subs 9168
Trial 810/1000, Params: dpd_0.1_dpg_5.0_ws_50_mg_4.0_sim_100.0, F1@0.50: 35.41
Processing video: 5085344787448740525
Processing video: 5085357672350628540
Processing video: 5090916219025116054
Processing video: 5086465773912997411
Processing video: 5092765202446045704
Processing video: 5097975856769557081
Processing video: 5103182645622502287
Processing video: 5099449889545545450
Processing video: 5172231547180314349
Processing video: 5134749367588120522
Processing video: 5146258161124252727
Processing video: 5173709444596630576
Processing video: 5391892065246550398
Processing video: 5218949624445806415
Processing video: 5366409594815891602
Processing video: 5525084584552992937
total  1173319 subs 9168
Trial 811/1000, Params: dpd_5.0_dpg_0.0_ws_40_mg_4.0_sim_10.0, F1@0.50: 52.17
Processing video: 5085344787448740525
Processing video: 5085357672350628540
Processing video: 5086465773912997411
Processing video: 5090916219025116054
Processing video: 5092765202446045704
Processing video: 5097975856769557081
Processing video: 5103182645622502287
Processing video: 5099449889545545450
Processing video: 5172231547180314349
Processing video: 5134749367588120522
Processing video: 5146258161124252727
Processing video: 5366409594815891602
Processing video: 5173709444596630576
Processing video: 5218949624445806415
Processing video: 5525084584552992937
Processing video: 5391892065246550398
total  1173319 subs 9168
Trial 812/1000, Params: dpd_0.5_dpg_100.0_ws_40_mg_4.0_sim_1.0, F1@0.50: 34.6
Processing video: 5085344787448740525
Processing video: 5085357672350628540
Processing video: 5086465773912997411
Processing video: 5090916219025116054
Processing video: 5092765202446045704
Processing video: 5097975856769557081
Processing video: 5099449889545545450
Processing video: 5103182645622502287
Processing video: 5146258161124252727
Processing video: 5134749367588120522
Processing video: 5218949624445806415Processing video: 5172231547180314349

Processing video: 5173709444596630576
Processing video: 5366409594815891602
Processing video: 5525084584552992937
Processing video: 5391892065246550398
total  1173319 subs 9168
Trial 813/1000, Params: dpd_10.0_dpg_0.8_ws_50_mg_2.0_sim_1.0, F1@0.50: 47.87
Processing video: 5085344787448740525
Processing video: 5085357672350628540
Processing video: 5086465773912997411
Processing video: 5090916219025116054
Processing video: 5092765202446045704
Processing video: 5097975856769557081
Processing video: 5099449889545545450
Processing video: 5134749367588120522
Processing video: 5103182645622502287
Processing video: 5146258161124252727
Processing video: 5172231547180314349
Processing video: 5173709444596630576
Processing video: 5391892065246550398
Processing video: 5218949624445806415
Processing video: 5366409594815891602
Processing video: 5525084584552992937
total  1173319 subs 9168
Trial 814/1000, Params: dpd_2.0_dpg_0.1_ws_20_mg_6.0_sim_2.0, F1@0.50: 49.69
Processing video: 5085344787448740525
Processing video: 5085357672350628540
Processing video: 5090916219025116054
Processing video: 5086465773912997411
Processing video: 5092765202446045704
Processing video: 5097975856769557081
Processing video: 5099449889545545450
Processing video: 5103182645622502287
Processing video: 5134749367588120522
Processing video: 5146258161124252727
Processing video: 5172231547180314349
Processing video: 5218949624445806415
Processing video: 5173709444596630576
Processing video: 5366409594815891602
Processing video: 5391892065246550398
Processing video: 5525084584552992937
total  1173319 subs 9168
Trial 815/1000, Params: dpd_1.0_dpg_1.0_ws_20_mg_10.0_sim_20.0, F1@0.50: 51.51
Processing video: 5085344787448740525
Processing video: 5086465773912997411
Processing video: 5085357672350628540
Processing video: 5090916219025116054
Processing video: 5092765202446045704
Processing video: 5097975856769557081
Processing video: 5099449889545545450
Processing video: 5103182645622502287
Processing video: 5134749367588120522
Processing video: 5146258161124252727
Processing video: 5172231547180314349
Processing video: 5218949624445806415
Processing video: 5366409594815891602
Processing video: 5173709444596630576
Processing video: 5391892065246550398Processing video: 5525084584552992937

total  1173319 subs 9168
Trial 816/1000, Params: dpd_5.0_dpg_0.5_ws_50_mg_4.0_sim_0.0, F1@0.50: 49.77
Processing video: 5085344787448740525
Processing video: 5086465773912997411
Processing video: 5085357672350628540
Processing video: 5090916219025116054
Processing video: 5092765202446045704
Processing video: 5097975856769557081
Processing video: 5099449889545545450
Processing video: 5134749367588120522
Processing video: 5103182645622502287
Processing video: 5146258161124252727
Processing video: 5172231547180314349
Processing video: 5218949624445806415
Processing video: 5173709444596630576
Processing video: 5366409594815891602
Processing video: 5391892065246550398
Processing video: 5525084584552992937
total  1173319 subs 9168
Trial 817/1000, Params: dpd_0.8_dpg_100.0_ws_50_mg_10.0_sim_5.0, F1@0.50: 36.32
Processing video: 5085357672350628540
Processing video: 5085344787448740525
Processing video: 5086465773912997411
Processing video: 5090916219025116054
Processing video: 5092765202446045704
Processing video: 5097975856769557081
Processing video: 5099449889545545450
Processing video: 5134749367588120522
Processing video: 5146258161124252727
Processing video: 5103182645622502287
Processing video: 5172231547180314349
Processing video: 5173709444596630576Processing video: 5366409594815891602

Processing video: 5218949624445806415
Processing video: 5391892065246550398
Processing video: 5525084584552992937
total  1173319 subs 9168
Trial 818/1000, Params: dpd_1.0_dpg_2.0_ws_20_mg_4.0_sim_2.0, F1@0.50: 50.36
Processing video: 5085344787448740525
Processing video: 5085357672350628540
Processing video: 5086465773912997411
Processing video: 5090916219025116054
Processing video: 5092765202446045704
Processing video: 5097975856769557081
Processing video: 5099449889545545450
Processing video: 5134749367588120522
Processing video: 5103182645622502287
Processing video: 5146258161124252727
Processing video: 5173709444596630576
Processing video: 5172231547180314349
Processing video: 5218949624445806415
Processing video: 5391892065246550398
Processing video: 5366409594815891602
Processing video: 5525084584552992937
total  1173319 subs 9168
Trial 819/1000, Params: dpd_0.0_dpg_0.5_ws_30_mg_10.0_sim_10.0, F1@0.50: 51.64
Processing video: 5085344787448740525
Processing video: 5085357672350628540
Processing video: 5086465773912997411
Processing video: 5090916219025116054
Processing video: 5092765202446045704
Processing video: 5097975856769557081
Processing video: 5103182645622502287
Processing video: 5099449889545545450
Processing video: 5134749367588120522
Processing video: 5173709444596630576
Processing video: 5146258161124252727
Processing video: 5172231547180314349
Processing video: 5218949624445806415
Processing video: 5366409594815891602
Processing video: 5391892065246550398
Processing video: 5525084584552992937
total  1173319 subs 9168
Trial 820/1000, Params: dpd_1.0_dpg_0.8_ws_30_mg_6.0_sim_20.0, F1@0.50: 53.45
Processing video: 5085344787448740525
Processing video: 5085357672350628540
Processing video: 5086465773912997411
Processing video: 5090916219025116054
Processing video: 5092765202446045704
Processing video: 5097975856769557081
Processing video: 5099449889545545450
Processing video: 5103182645622502287
Processing video: 5146258161124252727
Processing video: 5134749367588120522
Processing video: 5172231547180314349
Processing video: 5366409594815891602
Processing video: 5173709444596630576
Processing video: 5218949624445806415
Processing video: 5391892065246550398
Processing video: 5525084584552992937
total  1173319 subs 9168
Trial 821/1000, Params: dpd_10.0_dpg_1.0_ws_20_mg_4.0_sim_1.0, F1@0.50: 45.82
Processing video: 5085344787448740525
Processing video: 5085357672350628540
Processing video: 5086465773912997411
Processing video: 5090916219025116054
Processing video: 5092765202446045704
Processing video: 5097975856769557081
Processing video: 5099449889545545450
Processing video: 5146258161124252727
Processing video: 5103182645622502287
Processing video: 5134749367588120522
Processing video: 5172231547180314349
Processing video: 5173709444596630576
Processing video: 5391892065246550398
Processing video: 5218949624445806415
Processing video: 5366409594815891602
Processing video: 5525084584552992937
total  1173319 subs 9168
Trial 822/1000, Params: dpd_0.5_dpg_5.0_ws_40_mg_8.0_sim_20.0, F1@0.50: 53.1
Processing video: 5085344787448740525
Processing video: 5085357672350628540
Processing video: 5086465773912997411
Processing video: 5090916219025116054
Processing video: 5092765202446045704
Processing video: 5097975856769557081
Processing video: 5103182645622502287
Processing video: 5099449889545545450
Processing video: 5134749367588120522
Processing video: 5173709444596630576
Processing video: 5146258161124252727
Processing video: 5172231547180314349
Processing video: 5218949624445806415
Processing video: 5525084584552992937
Processing video: 5366409594815891602
Processing video: 5391892065246550398
total  1173319 subs 9168
Trial 823/1000, Params: dpd_0.8_dpg_0.0_ws_30_mg_4.0_sim_0.5, F1@0.50: 49.98
Processing video: 5085344787448740525
Processing video: 5085357672350628540
Processing video: 5090916219025116054
Processing video: 5086465773912997411
Processing video: 5092765202446045704
Processing video: 5097975856769557081
Processing video: 5099449889545545450
Processing video: 5134749367588120522
Processing video: 5103182645622502287Processing video: 5146258161124252727

Processing video: 5172231547180314349
Processing video: 5173709444596630576
Processing video: 5218949624445806415Processing video: 5391892065246550398

Processing video: 5366409594815891602
Processing video: 5525084584552992937
total  1173319 subs 9168
Trial 824/1000, Params: dpd_1.0_dpg_0.8_ws_30_mg_6.0_sim_10.0, F1@0.50: 52.81
Processing video: 5085344787448740525
Processing video: 5086465773912997411
Processing video: 5085357672350628540
Processing video: 5090916219025116054
Processing video: 5092765202446045704
Processing video: 5097975856769557081
Processing video: 5099449889545545450
Processing video: 5103182645622502287
Processing video: 5172231547180314349Processing video: 5134749367588120522

Processing video: 5146258161124252727
Processing video: 5173709444596630576
Processing video: 5218949624445806415
Processing video: 5391892065246550398
Processing video: 5366409594815891602
Processing video: 5525084584552992937
total  1173319 subs 9168
Trial 825/1000, Params: dpd_1.0_dpg_20.0_ws_20_mg_4.0_sim_2.0, F1@0.50: 48.35
Processing video: 5085357672350628540
Processing video: 5085344787448740525
Processing video: 5086465773912997411
Processing video: 5090916219025116054
Processing video: 5092765202446045704
Processing video: 5097975856769557081
Processing video: 5103182645622502287
Processing video: 5134749367588120522
Processing video: 5099449889545545450
Processing video: 5146258161124252727
Processing video: 5172231547180314349
Processing video: 5173709444596630576
Processing video: 5218949624445806415
Processing video: 5366409594815891602
Processing video: 5391892065246550398
Processing video: 5525084584552992937
total  1173319 subs 9168
Trial 826/1000, Params: dpd_0.5_dpg_0.8_ws_50_mg_2.0_sim_10.0, F1@0.50: 53.2
Processing video: 5085344787448740525
Processing video: 5085357672350628540
Processing video: 5086465773912997411
Processing video: 5090916219025116054
Processing video: 5092765202446045704
Processing video: 5097975856769557081
Processing video: 5099449889545545450
Processing video: 5103182645622502287
Processing video: 5134749367588120522
Processing video: 5146258161124252727
Processing video: 5172231547180314349
Processing video: 5218949624445806415
Processing video: 5173709444596630576
Processing video: 5366409594815891602
Processing video: 5391892065246550398
Processing video: 5525084584552992937
total  1173319 subs 9168
Trial 827/1000, Params: dpd_0.8_dpg_0.5_ws_50_mg_8.0_sim_0.0, F1@0.50: 50.19
Processing video: 5085344787448740525
Processing video: 5085357672350628540
Processing video: 5086465773912997411
Processing video: 5090916219025116054
Processing video: 5092765202446045704
Processing video: 5097975856769557081
Processing video: 5099449889545545450
Processing video: 5103182645622502287
Processing video: 5172231547180314349
Processing video: 5134749367588120522
Processing video: 5146258161124252727
Processing video: 5218949624445806415
Processing video: 5173709444596630576
Processing video: 5366409594815891602
Processing video: 5391892065246550398
Processing video: 5525084584552992937
total  1173319 subs 9168
Trial 828/1000, Params: dpd_0.1_dpg_2.0_ws_50_mg_2.0_sim_30.0, F1@0.50: 47.28
Processing video: 5085344787448740525
Processing video: 5085357672350628540
Processing video: 5086465773912997411
Processing video: 5090916219025116054
Processing video: 5092765202446045704
Processing video: 5097975856769557081
Processing video: 5099449889545545450
Processing video: 5103182645622502287
Processing video: 5134749367588120522
Processing video: 5172231547180314349
Processing video: 5146258161124252727
Processing video: 5173709444596630576
Processing video: 5218949624445806415
Processing video: 5366409594815891602
Processing video: 5391892065246550398
Processing video: 5525084584552992937
total  1173319 subs 9168
Trial 829/1000, Params: dpd_10.0_dpg_10.0_ws_40_mg_6.0_sim_0.5, F1@0.50: 49.93
Processing video: 5085344787448740525
Processing video: 5086465773912997411
Processing video: 5085357672350628540
Processing video: 5090916219025116054
Processing video: 5092765202446045704
Processing video: 5097975856769557081
Processing video: 5103182645622502287
Processing video: 5099449889545545450
Processing video: 5172231547180314349
Processing video: 5134749367588120522
Processing video: 5146258161124252727
Processing video: 5173709444596630576
Processing video: 5218949624445806415
Processing video: 5366409594815891602
Processing video: 5391892065246550398
Processing video: 5525084584552992937
total  1173319 subs 9168
Trial 830/1000, Params: dpd_2.0_dpg_10.0_ws_50_mg_2.0_sim_5.0, F1@0.50: 52.9
Processing video: 5085344787448740525
Processing video: 5085357672350628540
Processing video: 5090916219025116054
Processing video: 5086465773912997411
Processing video: 5092765202446045704
Processing video: 5097975856769557081
Processing video: 5099449889545545450
Processing video: 5103182645622502287
Processing video: 5134749367588120522
Processing video: 5146258161124252727
Processing video: 5172231547180314349
Processing video: 5173709444596630576
Processing video: 5218949624445806415
Processing video: 5366409594815891602
Processing video: 5525084584552992937
Processing video: 5391892065246550398
total  1173319 subs 9168
Trial 831/1000, Params: dpd_1.0_dpg_5.0_ws_40_mg_4.0_sim_1.0, F1@0.50: 51.14
Processing video: 5085344787448740525
Processing video: 5085357672350628540
Processing video: 5086465773912997411
Processing video: 5090916219025116054
Processing video: 5092765202446045704
Processing video: 5097975856769557081
Processing video: 5103182645622502287
Processing video: 5099449889545545450
Processing video: 5134749367588120522
Processing video: 5172231547180314349
Processing video: 5146258161124252727
Processing video: 5173709444596630576
Processing video: 5218949624445806415
Processing video: 5366409594815891602
Processing video: 5391892065246550398
Processing video: 5525084584552992937
total  1173319 subs 9168
Trial 832/1000, Params: dpd_0.8_dpg_20.0_ws_40_mg_2.0_sim_10.0, F1@0.50: 51.09
Processing video: 5085344787448740525
Processing video: 5085357672350628540
Processing video: 5086465773912997411
Processing video: 5090916219025116054
Processing video: 5092765202446045704
Processing video: 5097975856769557081
Processing video: 5103182645622502287
Processing video: 5099449889545545450
Processing video: 5134749367588120522
Processing video: 5146258161124252727
Processing video: 5172231547180314349
Processing video: 5173709444596630576
Processing video: 5218949624445806415
Processing video: 5366409594815891602
Processing video: 5391892065246550398
Processing video: 5525084584552992937
total  1173319 subs 9168
Trial 833/1000, Params: dpd_5.0_dpg_1.0_ws_20_mg_2.0_sim_20.0, F1@0.50: 51.76
Processing video: 5085344787448740525
Processing video: 5085357672350628540
Processing video: 5086465773912997411
Processing video: 5090916219025116054
Processing video: 5092765202446045704
Processing video: 5097975856769557081
Processing video: 5099449889545545450
Processing video: 5103182645622502287
Processing video: 5146258161124252727
Processing video: 5134749367588120522
Processing video: 5172231547180314349
Processing video: 5218949624445806415
Processing video: 5173709444596630576
Processing video: 5366409594815891602
Processing video: 5391892065246550398
Processing video: 5525084584552992937
total  1173319 subs 9168
Trial 834/1000, Params: dpd_100.0_dpg_20.0_ws_20_mg_2.0_sim_50.0, F1@0.50: 44.44
Processing video: 5085344787448740525
Processing video: 5086465773912997411
Processing video: 5085357672350628540
Processing video: 5090916219025116054
Processing video: 5092765202446045704
Processing video: 5097975856769557081
Processing video: 5099449889545545450
Processing video: 5103182645622502287Processing video: 5146258161124252727

Processing video: 5134749367588120522
Processing video: 5172231547180314349
Processing video: 5173709444596630576
Processing video: 5366409594815891602
Processing video: 5391892065246550398
Processing video: 5218949624445806415
Processing video: 5525084584552992937
total  1173319 subs 9168
Trial 835/1000, Params: dpd_0.8_dpg_5.0_ws_30_mg_8.0_sim_2.0, F1@0.50: 50.92
Processing video: 5085344787448740525
Processing video: 5085357672350628540
Processing video: 5086465773912997411
Processing video: 5090916219025116054
Processing video: 5092765202446045704
Processing video: 5097975856769557081
Processing video: 5099449889545545450
Processing video: 5134749367588120522
Processing video: 5103182645622502287
Processing video: 5146258161124252727
Processing video: 5173709444596630576
Processing video: 5172231547180314349
Processing video: 5391892065246550398
Processing video: 5218949624445806415
Processing video: 5366409594815891602
Processing video: 5525084584552992937
total  1173319 subs 9168
Trial 836/1000, Params: dpd_2.0_dpg_5.0_ws_40_mg_2.0_sim_20.0, F1@0.50: 54.75
Processing video: 5085344787448740525Processing video: 5086465773912997411

Processing video: 5085357672350628540
Processing video: 5090916219025116054
Processing video: 5092765202446045704
Processing video: 5097975856769557081
Processing video: 5099449889545545450
Processing video: 5103182645622502287
Processing video: 5146258161124252727
Processing video: 5134749367588120522
Processing video: 5172231547180314349
Processing video: 5173709444596630576
Processing video: 5218949624445806415
Processing video: 5366409594815891602
Processing video: 5391892065246550398
Processing video: 5525084584552992937
total  1173319 subs 9168
Trial 837/1000, Params: dpd_100.0_dpg_0.5_ws_40_mg_10.0_sim_2.0, F1@0.50: 32.26
Processing video: 5085344787448740525
Processing video: 5085357672350628540
Processing video: 5086465773912997411
Processing video: 5090916219025116054
Processing video: 5092765202446045704
Processing video: 5097975856769557081
Processing video: 5103182645622502287
Processing video: 5099449889545545450
Processing video: 5172231547180314349
Processing video: 5134749367588120522
Processing video: 5146258161124252727
Processing video: 5173709444596630576
Processing video: 5218949624445806415
Processing video: 5366409594815891602
Processing video: 5525084584552992937Processing video: 5391892065246550398

total  1173319 subs 9168
Trial 838/1000, Params: dpd_0.5_dpg_0.1_ws_30_mg_4.0_sim_5.0, F1@0.50: 51.16
Processing video: 5085344787448740525
Processing video: 5085357672350628540
Processing video: 5086465773912997411
Processing video: 5090916219025116054
Processing video: 5092765202446045704
Processing video: 5097975856769557081
Processing video: 5099449889545545450
Processing video: 5103182645622502287
Processing video: 5134749367588120522
Processing video: 5146258161124252727
Processing video: 5172231547180314349
Processing video: 5173709444596630576
Processing video: 5218949624445806415
Processing video: 5366409594815891602
Processing video: 5391892065246550398
Processing video: 5525084584552992937
total  1173319 subs 9168
Trial 839/1000, Params: dpd_0.8_dpg_0.1_ws_30_mg_10.0_sim_0.5, F1@0.50: 49.75
Processing video: 5085344787448740525
Processing video: 5085357672350628540
Processing video: 5086465773912997411
Processing video: 5090916219025116054
Processing video: 5092765202446045704
Processing video: 5097975856769557081
Processing video: 5099449889545545450
Processing video: 5103182645622502287
Processing video: 5134749367588120522
Processing video: 5172231547180314349
Processing video: 5146258161124252727
Processing video: 5173709444596630576
Processing video: 5218949624445806415
Processing video: 5366409594815891602
Processing video: 5391892065246550398
Processing video: 5525084584552992937
total  1173319 subs 9168
Trial 840/1000, Params: dpd_1.0_dpg_10.0_ws_40_mg_2.0_sim_30.0, F1@0.50: 52.6
Processing video: 5085344787448740525
Processing video: 5085357672350628540
Processing video: 5086465773912997411
Processing video: 5090916219025116054
Processing video: 5092765202446045704
Processing video: 5097975856769557081
Processing video: 5099449889545545450
Processing video: 5134749367588120522
Processing video: 5103182645622502287
Processing video: 5146258161124252727
Processing video: 5172231547180314349
Processing video: 5173709444596630576
Processing video: 5391892065246550398
Processing video: 5218949624445806415
Processing video: 5366409594815891602
Processing video: 5525084584552992937
total  1173319 subs 9168
Trial 841/1000, Params: dpd_2.0_dpg_2.0_ws_50_mg_10.0_sim_1.0, F1@0.50: 51.4
Processing video: 5085344787448740525
Processing video: 5085357672350628540
Processing video: 5090916219025116054
Processing video: 5086465773912997411
Processing video: 5092765202446045704
Processing video: 5097975856769557081
Processing video: 5134749367588120522
Processing video: 5099449889545545450
Processing video: 5103182645622502287
Processing video: 5146258161124252727
Processing video: 5172231547180314349
Processing video: 5218949624445806415
Processing video: 5173709444596630576
Processing video: 5366409594815891602Processing video: 5391892065246550398

Processing video: 5525084584552992937
total  1173319 subs 9168
Trial 842/1000, Params: dpd_1.0_dpg_1.0_ws_40_mg_8.0_sim_30.0, F1@0.50: 52.21
Processing video: 5085344787448740525
Processing video: 5085357672350628540
Processing video: 5086465773912997411
Processing video: 5092765202446045704
Processing video: 5090916219025116054
Processing video: 5097975856769557081
Processing video: 5099449889545545450
Processing video: 5103182645622502287
Processing video: 5146258161124252727
Processing video: 5134749367588120522
Processing video: 5172231547180314349
Processing video: 5173709444596630576
Processing video: 5366409594815891602
Processing video: 5218949624445806415
Processing video: 5391892065246550398
Processing video: 5525084584552992937
total  1173319 subs 9168
Trial 843/1000, Params: dpd_0.5_dpg_0.5_ws_20_mg_4.0_sim_0.0, F1@0.50: 48.63
Processing video: 5085344787448740525
Processing video: 5085357672350628540
Processing video: 5086465773912997411
Processing video: 5090916219025116054
Processing video: 5092765202446045704
Processing video: 5097975856769557081
Processing video: 5103182645622502287
Processing video: 5099449889545545450
Processing video: 5134749367588120522
Processing video: 5172231547180314349
Processing video: 5146258161124252727
Processing video: 5366409594815891602
Processing video: 5173709444596630576
Processing video: 5218949624445806415
Processing video: 5391892065246550398
Processing video: 5525084584552992937
total  1173319 subs 9168
Trial 844/1000, Params: dpd_0.1_dpg_100.0_ws_30_mg_10.0_sim_1.0, F1@0.50: 33.26
Processing video: 5085357672350628540
Processing video: 5085344787448740525
Processing video: 5086465773912997411
Processing video: 5090916219025116054
Processing video: 5092765202446045704
Processing video: 5097975856769557081
Processing video: 5103182645622502287
Processing video: 5099449889545545450
Processing video: 5134749367588120522
Processing video: 5146258161124252727
Processing video: 5173709444596630576
Processing video: 5172231547180314349
Processing video: 5218949624445806415
Processing video: 5366409594815891602
Processing video: 5525084584552992937
Processing video: 5391892065246550398
total  1173319 subs 9168
Trial 845/1000, Params: dpd_2.0_dpg_20.0_ws_20_mg_2.0_sim_30.0, F1@0.50: 52.56
Processing video: 5085344787448740525
Processing video: 5085357672350628540
Processing video: 5086465773912997411
Processing video: 5090916219025116054
Processing video: 5092765202446045704
Processing video: 5097975856769557081Processing video: 5103182645622502287

Processing video: 5099449889545545450
Processing video: 5134749367588120522
Processing video: 5146258161124252727
Processing video: 5173709444596630576
Processing video: 5172231547180314349
Processing video: 5218949624445806415
Processing video: 5525084584552992937
Processing video: 5366409594815891602
Processing video: 5391892065246550398
total  1173319 subs 9168
Trial 846/1000, Params: dpd_5.0_dpg_0.5_ws_30_mg_6.0_sim_0.5, F1@0.50: 49.43
Processing video: 5085344787448740525
Processing video: 5085357672350628540
Processing video: 5090916219025116054
Processing video: 5086465773912997411
Processing video: 5092765202446045704
Processing video: 5097975856769557081
Processing video: 5103182645622502287
Processing video: 5099449889545545450
Processing video: 5134749367588120522
Processing video: 5146258161124252727
Processing video: 5172231547180314349
Processing video: 5173709444596630576
Processing video: 5218949624445806415
Processing video: 5366409594815891602
Processing video: 5391892065246550398
Processing video: 5525084584552992937
total  1173319 subs 9168
Trial 847/1000, Params: dpd_5.0_dpg_0.8_ws_40_mg_8.0_sim_100.0, F1@0.50: 47.61
Processing video: 5085344787448740525
Processing video: 5085357672350628540
Processing video: 5090916219025116054
Processing video: 5086465773912997411
Processing video: 5092765202446045704
Processing video: 5097975856769557081
Processing video: 5103182645622502287
Processing video: 5099449889545545450
Processing video: 5146258161124252727
Processing video: 5134749367588120522
Processing video: 5172231547180314349
Processing video: 5366409594815891602
Processing video: 5173709444596630576
Processing video: 5218949624445806415
Processing video: 5391892065246550398
Processing video: 5525084584552992937
total  1173319 subs 9168
Trial 848/1000, Params: dpd_0.8_dpg_20.0_ws_50_mg_10.0_sim_5.0, F1@0.50: 50.11
Processing video: 5085344787448740525
Processing video: 5085357672350628540
Processing video: 5086465773912997411
Processing video: 5090916219025116054
Processing video: 5092765202446045704
Processing video: 5097975856769557081
Processing video: 5134749367588120522
Processing video: 5099449889545545450
Processing video: 5103182645622502287
Processing video: 5146258161124252727
Processing video: 5172231547180314349
Processing video: 5173709444596630576
Processing video: 5218949624445806415
Processing video: 5366409594815891602
Processing video: 5391892065246550398
Processing video: 5525084584552992937
total  1173319 subs 9168
Trial 849/1000, Params: dpd_100.0_dpg_5.0_ws_50_mg_4.0_sim_10.0, F1@0.50: 33.38
Processing video: 5085344787448740525
Processing video: 5085357672350628540
Processing video: 5086465773912997411
Processing video: 5090916219025116054
Processing video: 5092765202446045704
Processing video: 5097975856769557081
Processing video: 5099449889545545450
Processing video: 5103182645622502287
Processing video: 5146258161124252727
Processing video: 5134749367588120522
Processing video: 5172231547180314349
Processing video: 5173709444596630576
Processing video: 5218949624445806415
Processing video: 5366409594815891602
Processing video: 5391892065246550398
Processing video: 5525084584552992937
total  1173319 subs 9168
Trial 850/1000, Params: dpd_0.8_dpg_5.0_ws_30_mg_10.0_sim_30.0, F1@0.50: 52.22
Processing video: 5085344787448740525
Processing video: 5085357672350628540
Processing video: 5086465773912997411
Processing video: 5090916219025116054
Processing video: 5092765202446045704
Processing video: 5097975856769557081
Processing video: 5103182645622502287
Processing video: 5099449889545545450
Processing video: 5134749367588120522
Processing video: 5172231547180314349
Processing video: 5146258161124252727
Processing video: 5173709444596630576
Processing video: 5218949624445806415
Processing video: 5525084584552992937
Processing video: 5391892065246550398
Processing video: 5366409594815891602
total  1173319 subs 9168
Trial 851/1000, Params: dpd_100.0_dpg_10.0_ws_20_mg_4.0_sim_1.0, F1@0.50: 31.19
Processing video: 5085357672350628540
Processing video: 5085344787448740525
Processing video: 5086465773912997411
Processing video: 5090916219025116054
Processing video: 5092765202446045704
Processing video: 5097975856769557081
Processing video: 5103182645622502287
Processing video: 5099449889545545450
Processing video: 5134749367588120522
Processing video: 5146258161124252727
Processing video: 5173709444596630576
Processing video: 5172231547180314349
Processing video: 5218949624445806415
Processing video: 5366409594815891602
Processing video: 5391892065246550398
Processing video: 5525084584552992937
total  1173319 subs 9168
Trial 852/1000, Params: dpd_5.0_dpg_0.5_ws_50_mg_10.0_sim_5.0, F1@0.50: 51.04
Processing video: 5085344787448740525
Processing video: 5085357672350628540
Processing video: 5086465773912997411
Processing video: 5090916219025116054
Processing video: 5092765202446045704
Processing video: 5097975856769557081
Processing video: 5099449889545545450
Processing video: 5103182645622502287
Processing video: 5134749367588120522
Processing video: 5173709444596630576
Processing video: 5146258161124252727
Processing video: 5172231547180314349
Processing video: 5218949624445806415
Processing video: 5525084584552992937
Processing video: 5366409594815891602
Processing video: 5391892065246550398
total  1173319 subs 9168
Trial 853/1000, Params: dpd_0.1_dpg_5.0_ws_20_mg_4.0_sim_100.0, F1@0.50: 42.28
Processing video: 5085344787448740525
Processing video: 5085357672350628540
Processing video: 5086465773912997411
Processing video: 5090916219025116054
Processing video: 5092765202446045704
Processing video: 5097975856769557081
Processing video: 5099449889545545450Processing video: 5134749367588120522

Processing video: 5103182645622502287
Processing video: 5146258161124252727Processing video: 5172231547180314349

Processing video: 5218949624445806415
Processing video: 5173709444596630576
Processing video: 5366409594815891602
Processing video: 5391892065246550398
Processing video: 5525084584552992937
total  1173319 subs 9168
Trial 854/1000, Params: dpd_100.0_dpg_0.5_ws_50_mg_2.0_sim_20.0, F1@0.50: 34.68
Processing video: 5085344787448740525
Processing video: 5090916219025116054Processing video: 5085357672350628540

Processing video: 5086465773912997411
Processing video: 5092765202446045704
Processing video: 5097975856769557081
Processing video: 5099449889545545450
Processing video: 5146258161124252727
Processing video: 5103182645622502287
Processing video: 5134749367588120522
Processing video: 5172231547180314349
Processing video: 5173709444596630576
Processing video: 5218949624445806415
Processing video: 5366409594815891602
Processing video: 5391892065246550398Processing video: 5525084584552992937

total  1173319 subs 9168
Trial 855/1000, Params: dpd_20.0_dpg_1.0_ws_30_mg_2.0_sim_1.0, F1@0.50: 43.68
Processing video: 5085344787448740525
Processing video: 5085357672350628540
Processing video: 5086465773912997411
Processing video: 5090916219025116054
Processing video: 5092765202446045704
Processing video: 5097975856769557081
Processing video: 5099449889545545450
Processing video: 5103182645622502287
Processing video: 5146258161124252727
Processing video: 5134749367588120522
Processing video: 5172231547180314349
Processing video: 5218949624445806415
Processing video: 5173709444596630576
Processing video: 5366409594815891602
Processing video: 5525084584552992937
Processing video: 5391892065246550398
total  1173319 subs 9168
Trial 856/1000, Params: dpd_5.0_dpg_0.5_ws_30_mg_6.0_sim_50.0, F1@0.50: 53.58
Processing video: 5085344787448740525
Processing video: 5085357672350628540
Processing video: 5086465773912997411
Processing video: 5090916219025116054
Processing video: 5092765202446045704
Processing video: 5097975856769557081
Processing video: 5099449889545545450
Processing video: 5103182645622502287
Processing video: 5134749367588120522
Processing video: 5146258161124252727
Processing video: 5172231547180314349
Processing video: 5173709444596630576
Processing video: 5218949624445806415
Processing video: 5366409594815891602Processing video: 5525084584552992937

Processing video: 5391892065246550398
total  1173319 subs 9168
Trial 857/1000, Params: dpd_10.0_dpg_20.0_ws_40_mg_4.0_sim_0.0, F1@0.50: 50.47
Processing video: 5085344787448740525
Processing video: 5085357672350628540
Processing video: 5090916219025116054
Processing video: 5086465773912997411
Processing video: 5092765202446045704
Processing video: 5097975856769557081
Processing video: 5103182645622502287
Processing video: 5099449889545545450
Processing video: 5134749367588120522
Processing video: 5172231547180314349
Processing video: 5146258161124252727
Processing video: 5366409594815891602
Processing video: 5173709444596630576
Processing video: 5218949624445806415Processing video: 5525084584552992937

Processing video: 5391892065246550398
total  1173319 subs 9168
Trial 858/1000, Params: dpd_1.0_dpg_0.5_ws_20_mg_6.0_sim_5.0, F1@0.50: 49.9
Processing video: 5085344787448740525
Processing video: 5085357672350628540
Processing video: 5086465773912997411
Processing video: 5090916219025116054
Processing video: 5092765202446045704
Processing video: 5097975856769557081
Processing video: 5103182645622502287
Processing video: 5099449889545545450
Processing video: 5134749367588120522
Processing video: 5173709444596630576
Processing video: 5146258161124252727
Processing video: 5172231547180314349
Processing video: 5218949624445806415
Processing video: 5366409594815891602
Processing video: 5391892065246550398
Processing video: 5525084584552992937
total  1173319 subs 9168
Trial 859/1000, Params: dpd_0.1_dpg_0.1_ws_30_mg_6.0_sim_100.0, F1@0.50: 36.66
Processing video: 5085344787448740525
Processing video: 5086465773912997411
Processing video: 5085357672350628540
Processing video: 5090916219025116054
Processing video: 5092765202446045704
Processing video: 5097975856769557081
Processing video: 5103182645622502287
Processing video: 5099449889545545450
Processing video: 5134749367588120522
Processing video: 5146258161124252727
Processing video: 5172231547180314349
Processing video: 5173709444596630576
Processing video: 5218949624445806415
Processing video: 5366409594815891602
Processing video: 5391892065246550398
Processing video: 5525084584552992937
total  1173319 subs 9168
Trial 860/1000, Params: dpd_20.0_dpg_10.0_ws_40_mg_8.0_sim_20.0, F1@0.50: 49.51
Processing video: 5085344787448740525
Processing video: 5085357672350628540
Processing video: 5086465773912997411
Processing video: 5090916219025116054
Processing video: 5092765202446045704
Processing video: 5097975856769557081
Processing video: 5103182645622502287
Processing video: 5099449889545545450
Processing video: 5134749367588120522
Processing video: 5146258161124252727
Processing video: 5173709444596630576
Processing video: 5172231547180314349
Processing video: 5218949624445806415
Processing video: 5366409594815891602
Processing video: 5391892065246550398
Processing video: 5525084584552992937
total  1173319 subs 9168
Trial 861/1000, Params: dpd_100.0_dpg_100.0_ws_40_mg_6.0_sim_0.5, F1@0.50: 40.3
Processing video: 5085344787448740525
Processing video: 5086465773912997411
Processing video: 5085357672350628540
Processing video: 5090916219025116054
Processing video: 5092765202446045704
Processing video: 5097975856769557081
Processing video: 5099449889545545450
Processing video: 5103182645622502287
Processing video: 5134749367588120522
Processing video: 5172231547180314349
Processing video: 5146258161124252727
Processing video: 5173709444596630576
Processing video: 5218949624445806415
Processing video: 5366409594815891602
Processing video: 5391892065246550398
Processing video: 5525084584552992937
total  1173319 subs 9168
Trial 862/1000, Params: dpd_0.8_dpg_20.0_ws_20_mg_10.0_sim_50.0, F1@0.50: 48.23
Processing video: 5085344787448740525
Processing video: 5085357672350628540
Processing video: 5090916219025116054
Processing video: 5086465773912997411
Processing video: 5092765202446045704
Processing video: 5097975856769557081
Processing video: 5103182645622502287
Processing video: 5099449889545545450
Processing video: 5134749367588120522
Processing video: 5146258161124252727
Processing video: 5172231547180314349
Processing video: 5173709444596630576
Processing video: 5218949624445806415
Processing video: 5366409594815891602
Processing video: 5391892065246550398
Processing video: 5525084584552992937
total  1173319 subs 9168
Trial 863/1000, Params: dpd_0.8_dpg_0.1_ws_40_mg_2.0_sim_0.0, F1@0.50: 49.95
Processing video: 5085357672350628540
Processing video: 5085344787448740525
Processing video: 5086465773912997411
Processing video: 5090916219025116054
Processing video: 5092765202446045704
Processing video: 5097975856769557081
Processing video: 5099449889545545450
Processing video: 5103182645622502287
Processing video: 5134749367588120522
Processing video: 5172231547180314349
Processing video: 5146258161124252727
Processing video: 5173709444596630576
Processing video: 5218949624445806415
Processing video: 5366409594815891602
Processing video: 5391892065246550398
Processing video: 5525084584552992937
total  1173319 subs 9168
Trial 864/1000, Params: dpd_10.0_dpg_0.0_ws_20_mg_10.0_sim_1.0, F1@0.50: 45.17
Processing video: 5085344787448740525
Processing video: 5085357672350628540
Processing video: 5086465773912997411
Processing video: 5090916219025116054
Processing video: 5092765202446045704
Processing video: 5097975856769557081
Processing video: 5134749367588120522
Processing video: 5099449889545545450
Processing video: 5103182645622502287
Processing video: 5146258161124252727
Processing video: 5172231547180314349
Processing video: 5173709444596630576
Processing video: 5218949624445806415
Processing video: 5366409594815891602
Processing video: 5525084584552992937
Processing video: 5391892065246550398
total  1173319 subs 9168
Trial 865/1000, Params: dpd_1.0_dpg_10.0_ws_40_mg_2.0_sim_30.0, F1@0.50: 52.6
Processing video: 5085344787448740525
Processing video: 5086465773912997411
Processing video: 5085357672350628540
Processing video: 5090916219025116054
Processing video: 5092765202446045704
Processing video: 5097975856769557081
Processing video: 5103182645622502287
Processing video: 5099449889545545450
Processing video: 5134749367588120522
Processing video: 5146258161124252727
Processing video: 5172231547180314349
Processing video: 5173709444596630576
Processing video: 5218949624445806415
Processing video: 5366409594815891602
Processing video: 5391892065246550398
Processing video: 5525084584552992937
total  1173319 subs 9168
Trial 866/1000, Params: dpd_20.0_dpg_20.0_ws_40_mg_10.0_sim_10.0, F1@0.50: 50.2
Processing video: 5085344787448740525
Processing video: 5086465773912997411
Processing video: 5085357672350628540
Processing video: 5090916219025116054
Processing video: 5092765202446045704
Processing video: 5097975856769557081
Processing video: 5103182645622502287
Processing video: 5099449889545545450
Processing video: 5146258161124252727
Processing video: 5134749367588120522
Processing video: 5172231547180314349
Processing video: 5366409594815891602
Processing video: 5173709444596630576
Processing video: 5218949624445806415
Processing video: 5391892065246550398
Processing video: 5525084584552992937
total  1173319 subs 9168
Trial 867/1000, Params: dpd_1.0_dpg_0.1_ws_20_mg_8.0_sim_20.0, F1@0.50: 51.29
Processing video: 5085344787448740525
Processing video: 5085357672350628540
Processing video: 5086465773912997411
Processing video: 5090916219025116054
Processing video: 5092765202446045704
Processing video: 5097975856769557081
Processing video: 5103182645622502287
Processing video: 5099449889545545450
Processing video: 5134749367588120522
Processing video: 5146258161124252727
Processing video: 5172231547180314349
Processing video: 5173709444596630576
Processing video: 5218949624445806415
Processing video: 5366409594815891602
Processing video: 5391892065246550398
Processing video: 5525084584552992937
total  1173319 subs 9168
Trial 868/1000, Params: dpd_10.0_dpg_20.0_ws_40_mg_8.0_sim_20.0, F1@0.50: 54.41
Processing video: 5085344787448740525
Processing video: 5085357672350628540
Processing video: 5086465773912997411
Processing video: 5090916219025116054
Processing video: 5092765202446045704
Processing video: 5097975856769557081
Processing video: 5103182645622502287
Processing video: 5099449889545545450
Processing video: 5134749367588120522
Processing video: 5146258161124252727
Processing video: 5172231547180314349
Processing video: 5218949624445806415
Processing video: 5366409594815891602
Processing video: 5173709444596630576
Processing video: 5525084584552992937
Processing video: 5391892065246550398
total  1173319 subs 9168
Trial 869/1000, Params: dpd_1.0_dpg_1.0_ws_40_mg_2.0_sim_100.0, F1@0.50: 39.52
Processing video: 5085344787448740525
Processing video: 5085357672350628540
Processing video: 5086465773912997411
Processing video: 5090916219025116054
Processing video: 5092765202446045704
Processing video: 5097975856769557081
Processing video: 5099449889545545450Processing video: 5134749367588120522

Processing video: 5103182645622502287
Processing video: 5146258161124252727
Processing video: 5172231547180314349
Processing video: 5173709444596630576
Processing video: 5218949624445806415
Processing video: 5391892065246550398
Processing video: 5366409594815891602
Processing video: 5525084584552992937
total  1173319 subs 9168
Trial 870/1000, Params: dpd_1.0_dpg_20.0_ws_50_mg_10.0_sim_0.0, F1@0.50: 48.56
Processing video: 5085344787448740525
Processing video: 5085357672350628540
Processing video: 5086465773912997411
Processing video: 5090916219025116054
Processing video: 5092765202446045704
Processing video: 5097975856769557081
Processing video: 5099449889545545450
Processing video: 5103182645622502287
Processing video: 5134749367588120522
Processing video: 5146258161124252727
Processing video: 5218949624445806415
Processing video: 5172231547180314349
Processing video: 5173709444596630576
Processing video: 5366409594815891602
Processing video: 5391892065246550398
Processing video: 5525084584552992937
total  1173319 subs 9168
Trial 871/1000, Params: dpd_0.0_dpg_2.0_ws_20_mg_6.0_sim_2.0, F1@0.50: 48.82
Processing video: 5085344787448740525
Processing video: 5085357672350628540
Processing video: 5086465773912997411
Processing video: 5090916219025116054
Processing video: 5092765202446045704
Processing video: 5097975856769557081
Processing video: 5103182645622502287
Processing video: 5099449889545545450
Processing video: 5134749367588120522
Processing video: 5146258161124252727
Processing video: 5218949624445806415
Processing video: 5172231547180314349
Processing video: 5173709444596630576
Processing video: 5366409594815891602
Processing video: 5391892065246550398
Processing video: 5525084584552992937
total  1173319 subs 9168
Trial 872/1000, Params: dpd_10.0_dpg_0.5_ws_50_mg_6.0_sim_0.5, F1@0.50: 47.68
Processing video: 5085357672350628540
Processing video: 5085344787448740525
Processing video: 5086465773912997411
Processing video: 5090916219025116054
Processing video: 5092765202446045704
Processing video: 5097975856769557081
Processing video: 5099449889545545450
Processing video: 5103182645622502287
Processing video: 5146258161124252727
Processing video: 5134749367588120522
Processing video: 5173709444596630576
Processing video: 5172231547180314349
Processing video: 5218949624445806415
Processing video: 5366409594815891602
Processing video: 5391892065246550398
Processing video: 5525084584552992937
total  1173319 subs 9168
Trial 873/1000, Params: dpd_10.0_dpg_1.0_ws_20_mg_6.0_sim_10.0, F1@0.50: 49.28
Processing video: 5085344787448740525
Processing video: 5085357672350628540
Processing video: 5086465773912997411
Processing video: 5090916219025116054
Processing video: 5092765202446045704
Processing video: 5097975856769557081
Processing video: 5099449889545545450
Processing video: 5103182645622502287
Processing video: 5134749367588120522
Processing video: 5173709444596630576
Processing video: 5146258161124252727
Processing video: 5172231547180314349
Processing video: 5218949624445806415
Processing video: 5366409594815891602
Processing video: 5391892065246550398
Processing video: 5525084584552992937
total  1173319 subs 9168
Trial 874/1000, Params: dpd_1.0_dpg_100.0_ws_50_mg_4.0_sim_100.0, F1@0.50: 38.76
Processing video: 5085344787448740525
Processing video: 5085357672350628540
Processing video: 5086465773912997411
Processing video: 5090916219025116054
Processing video: 5092765202446045704
Processing video: 5097975856769557081
Processing video: 5103182645622502287
Processing video: 5099449889545545450
Processing video: 5172231547180314349
Processing video: 5134749367588120522
Processing video: 5146258161124252727
Processing video: 5366409594815891602
Processing video: 5173709444596630576
Processing video: 5218949624445806415
Processing video: 5391892065246550398
Processing video: 5525084584552992937
total  1173319 subs 9168
Trial 875/1000, Params: dpd_5.0_dpg_0.1_ws_50_mg_4.0_sim_100.0, F1@0.50: 47.82
Processing video: 5085344787448740525
Processing video: 5085357672350628540
Processing video: 5086465773912997411
Processing video: 5090916219025116054
Processing video: 5092765202446045704
Processing video: 5097975856769557081
Processing video: 5103182645622502287
Processing video: 5099449889545545450
Processing video: 5134749367588120522
Processing video: 5146258161124252727
Processing video: 5172231547180314349
Processing video: 5173709444596630576
Processing video: 5218949624445806415
Processing video: 5366409594815891602
Processing video: 5391892065246550398
Processing video: 5525084584552992937
total  1173319 subs 9168
Trial 876/1000, Params: dpd_100.0_dpg_10.0_ws_30_mg_4.0_sim_100.0, F1@0.50: 43.69
Processing video: 5085357672350628540
Processing video: 5085344787448740525
Processing video: 5086465773912997411
Processing video: 5090916219025116054
Processing video: 5092765202446045704
Processing video: 5097975856769557081
Processing video: 5099449889545545450
Processing video: 5103182645622502287
Processing video: 5134749367588120522
Processing video: 5146258161124252727
Processing video: 5172231547180314349
Processing video: 5218949624445806415
Processing video: 5173709444596630576
Processing video: 5525084584552992937
Processing video: 5366409594815891602
Processing video: 5391892065246550398
total  1173319 subs 9168
Trial 877/1000, Params: dpd_0.1_dpg_20.0_ws_50_mg_6.0_sim_1.0, F1@0.50: 45.58
Processing video: 5085344787448740525
Processing video: 5085357672350628540
Processing video: 5090916219025116054
Processing video: 5086465773912997411
Processing video: 5092765202446045704
Processing video: 5097975856769557081
Processing video: 5103182645622502287
Processing video: 5099449889545545450
Processing video: 5134749367588120522
Processing video: 5172231547180314349
Processing video: 5146258161124252727
Processing video: 5173709444596630576
Processing video: 5218949624445806415
Processing video: 5366409594815891602
Processing video: 5391892065246550398
Processing video: 5525084584552992937
total  1173319 subs 9168
Trial 878/1000, Params: dpd_100.0_dpg_100.0_ws_30_mg_6.0_sim_30.0, F1@0.50: 45.45
Processing video: 5085344787448740525
Processing video: 5085357672350628540
Processing video: 5086465773912997411
Processing video: 5090916219025116054
Processing video: 5092765202446045704
Processing video: 5097975856769557081
Processing video: 5099449889545545450
Processing video: 5103182645622502287
Processing video: 5134749367588120522
Processing video: 5146258161124252727
Processing video: 5173709444596630576
Processing video: 5172231547180314349
Processing video: 5218949624445806415
Processing video: 5366409594815891602
Processing video: 5525084584552992937
Processing video: 5391892065246550398
total  1173319 subs 9168
Trial 879/1000, Params: dpd_0.1_dpg_5.0_ws_50_mg_6.0_sim_50.0, F1@0.50: 42.46
Processing video: 5085344787448740525
Processing video: 5085357672350628540
Processing video: 5086465773912997411
Processing video: 5090916219025116054
Processing video: 5092765202446045704
Processing video: 5097975856769557081
Processing video: 5099449889545545450
Processing video: 5103182645622502287
Processing video: 5134749367588120522
Processing video: 5146258161124252727
Processing video: 5172231547180314349
Processing video: 5218949624445806415
Processing video: 5366409594815891602
Processing video: 5173709444596630576
Processing video: 5391892065246550398
Processing video: 5525084584552992937
total  1173319 subs 9168
Trial 880/1000, Params: dpd_100.0_dpg_2.0_ws_20_mg_2.0_sim_50.0, F1@0.50: 43.46
Processing video: 5085357672350628540
Processing video: 5085344787448740525
Processing video: 5086465773912997411
Processing video: 5090916219025116054
Processing video: 5092765202446045704
Processing video: 5097975856769557081
Processing video: 5099449889545545450
Processing video: 5103182645622502287
Processing video: 5146258161124252727
Processing video: 5134749367588120522
Processing video: 5172231547180314349
Processing video: 5366409594815891602
Processing video: 5173709444596630576
Processing video: 5218949624445806415
Processing video: 5391892065246550398
Processing video: 5525084584552992937
total  1173319 subs 9168
Trial 881/1000, Params: dpd_5.0_dpg_100.0_ws_20_mg_2.0_sim_20.0, F1@0.50: 46.95
Processing video: 5085344787448740525
Processing video: 5085357672350628540
Processing video: 5086465773912997411
Processing video: 5090916219025116054
Processing video: 5092765202446045704
Processing video: 5097975856769557081
Processing video: 5099449889545545450
Processing video: 5103182645622502287
Processing video: 5134749367588120522Processing video: 5172231547180314349

Processing video: 5146258161124252727
Processing video: 5173709444596630576
Processing video: 5391892065246550398
Processing video: 5218949624445806415
Processing video: 5366409594815891602
Processing video: 5525084584552992937
total  1173319 subs 9168
Trial 882/1000, Params: dpd_10.0_dpg_5.0_ws_30_mg_2.0_sim_10.0, F1@0.50: 51.35
Processing video: 5085344787448740525
Processing video: 5085357672350628540
Processing video: 5086465773912997411
Processing video: 5090916219025116054
Processing video: 5092765202446045704
Processing video: 5097975856769557081
Processing video: 5099449889545545450
Processing video: 5103182645622502287
Processing video: 5134749367588120522
Processing video: 5146258161124252727
Processing video: 5172231547180314349
Processing video: 5173709444596630576
Processing video: 5218949624445806415
Processing video: 5366409594815891602
Processing video: 5391892065246550398
Processing video: 5525084584552992937
total  1173319 subs 9168
Trial 883/1000, Params: dpd_10.0_dpg_20.0_ws_20_mg_10.0_sim_0.0, F1@0.50: 45.94
Processing video: 5085344787448740525
Processing video: 5086465773912997411
Processing video: 5085357672350628540
Processing video: 5090916219025116054
Processing video: 5092765202446045704
Processing video: 5097975856769557081
Processing video: 5099449889545545450
Processing video: 5134749367588120522
Processing video: 5103182645622502287
Processing video: 5146258161124252727
Processing video: 5218949624445806415
Processing video: 5172231547180314349
Processing video: 5173709444596630576
Processing video: 5366409594815891602Processing video: 5525084584552992937

Processing video: 5391892065246550398
total  1173319 subs 9168
Trial 884/1000, Params: dpd_2.0_dpg_0.8_ws_40_mg_6.0_sim_50.0, F1@0.50: 50.53
Processing video: 5085344787448740525
Processing video: 5085357672350628540
Processing video: 5086465773912997411
Processing video: 5090916219025116054
Processing video: 5092765202446045704
Processing video: 5097975856769557081
Processing video: 5099449889545545450
Processing video: 5103182645622502287
Processing video: 5134749367588120522
Processing video: 5146258161124252727
Processing video: 5173709444596630576
Processing video: 5172231547180314349
Processing video: 5218949624445806415
Processing video: 5366409594815891602
Processing video: 5525084584552992937
Processing video: 5391892065246550398
total  1173319 subs 9168
Trial 885/1000, Params: dpd_10.0_dpg_2.0_ws_50_mg_2.0_sim_5.0, F1@0.50: 49.65
Processing video: 5085344787448740525
Processing video: 5085357672350628540
Processing video: 5086465773912997411
Processing video: 5090916219025116054
Processing video: 5092765202446045704
Processing video: 5097975856769557081
Processing video: 5103182645622502287
Processing video: 5099449889545545450
Processing video: 5134749367588120522
Processing video: 5146258161124252727
Processing video: 5172231547180314349
Processing video: 5173709444596630576
Processing video: 5218949624445806415
Processing video: 5366409594815891602
Processing video: 5391892065246550398
Processing video: 5525084584552992937
total  1173319 subs 9168
Trial 886/1000, Params: dpd_20.0_dpg_1.0_ws_50_mg_4.0_sim_0.0, F1@0.50: 43.91
Processing video: 5085344787448740525
Processing video: 5085357672350628540
Processing video: 5086465773912997411
Processing video: 5090916219025116054
Processing video: 5092765202446045704
Processing video: 5097975856769557081
Processing video: 5103182645622502287
Processing video: 5099449889545545450
Processing video: 5172231547180314349
Processing video: 5134749367588120522
Processing video: 5146258161124252727
Processing video: 5173709444596630576
Processing video: 5366409594815891602
Processing video: 5218949624445806415
Processing video: 5525084584552992937
Processing video: 5391892065246550398
total  1173319 subs 9168
Trial 887/1000, Params: dpd_0.0_dpg_100.0_ws_20_mg_8.0_sim_30.0, F1@0.50: 41.78
Processing video: 5085344787448740525
Processing video: 5086465773912997411
Processing video: 5085357672350628540
Processing video: 5090916219025116054
Processing video: 5092765202446045704
Processing video: 5097975856769557081
Processing video: 5103182645622502287
Processing video: 5099449889545545450
Processing video: 5134749367588120522
Processing video: 5172231547180314349
Processing video: 5146258161124252727
Processing video: 5173709444596630576
Processing video: 5218949624445806415
Processing video: 5366409594815891602
Processing video: 5391892065246550398
Processing video: 5525084584552992937
total  1173319 subs 9168
Trial 888/1000, Params: dpd_0.0_dpg_100.0_ws_20_mg_10.0_sim_5.0, F1@0.50: 36.13
Processing video: 5085357672350628540
Processing video: 5085344787448740525
Processing video: 5086465773912997411
Processing video: 5090916219025116054
Processing video: 5092765202446045704
Processing video: 5097975856769557081
Processing video: 5134749367588120522
Processing video: 5099449889545545450
Processing video: 5103182645622502287
Processing video: 5146258161124252727
Processing video: 5218949624445806415
Processing video: 5172231547180314349
Processing video: 5173709444596630576
Processing video: 5525084584552992937
Processing video: 5366409594815891602
Processing video: 5391892065246550398
total  1173319 subs 9168
Trial 889/1000, Params: dpd_1.0_dpg_0.1_ws_20_mg_2.0_sim_100.0, F1@0.50: 43.74
Processing video: 5085344787448740525
Processing video: 5085357672350628540
Processing video: 5086465773912997411
Processing video: 5090916219025116054
Processing video: 5092765202446045704
Processing video: 5097975856769557081
Processing video: 5099449889545545450Processing video: 5134749367588120522

Processing video: 5103182645622502287
Processing video: 5146258161124252727
Processing video: 5172231547180314349
Processing video: 5173709444596630576
Processing video: 5366409594815891602
Processing video: 5218949624445806415
Processing video: 5391892065246550398
Processing video: 5525084584552992937
total  1173319 subs 9168
Trial 890/1000, Params: dpd_5.0_dpg_0.8_ws_50_mg_4.0_sim_30.0, F1@0.50: 54.26
Processing video: 5085344787448740525
Processing video: 5085357672350628540
Processing video: 5086465773912997411
Processing video: 5090916219025116054
Processing video: 5092765202446045704
Processing video: 5097975856769557081
Processing video: 5103182645622502287
Processing video: 5099449889545545450
Processing video: 5134749367588120522
Processing video: 5146258161124252727
Processing video: 5172231547180314349
Processing video: 5366409594815891602
Processing video: 5173709444596630576
Processing video: 5218949624445806415
Processing video: 5525084584552992937Processing video: 5391892065246550398

total  1173319 subs 9168
Trial 891/1000, Params: dpd_20.0_dpg_100.0_ws_50_mg_6.0_sim_0.5, F1@0.50: 44.93
Processing video: 5085344787448740525
Processing video: 5085357672350628540Processing video: 5090916219025116054

Processing video: 5086465773912997411
Processing video: 5092765202446045704
Processing video: 5097975856769557081
Processing video: 5099449889545545450
Processing video: 5103182645622502287
Processing video: 5146258161124252727
Processing video: 5134749367588120522
Processing video: 5172231547180314349
Processing video: 5173709444596630576
Processing video: 5366409594815891602
Processing video: 5218949624445806415
Processing video: 5391892065246550398
Processing video: 5525084584552992937
total  1173319 subs 9168
Trial 892/1000, Params: dpd_0.1_dpg_2.0_ws_20_mg_10.0_sim_5.0, F1@0.50: 49.44
Processing video: 5085344787448740525
Processing video: 5086465773912997411
Processing video: 5085357672350628540
Processing video: 5090916219025116054
Processing video: 5092765202446045704
Processing video: 5097975856769557081
Processing video: 5099449889545545450
Processing video: 5103182645622502287
Processing video: 5134749367588120522
Processing video: 5146258161124252727
Processing video: 5172231547180314349
Processing video: 5173709444596630576
Processing video: 5218949624445806415
Processing video: 5366409594815891602
Processing video: 5391892065246550398Processing video: 5525084584552992937

total  1173319 subs 9168
Trial 893/1000, Params: dpd_20.0_dpg_0.8_ws_20_mg_4.0_sim_2.0, F1@0.50: 43.09
Processing video: 5085344787448740525
Processing video: 5085357672350628540
Processing video: 5086465773912997411
Processing video: 5090916219025116054
Processing video: 5092765202446045704
Processing video: 5097975856769557081
Processing video: 5099449889545545450
Processing video: 5103182645622502287
Processing video: 5134749367588120522
Processing video: 5172231547180314349
Processing video: 5146258161124252727
Processing video: 5173709444596630576
Processing video: 5218949624445806415Processing video: 5391892065246550398

Processing video: 5366409594815891602
Processing video: 5525084584552992937
total  1173319 subs 9168
Trial 894/1000, Params: dpd_10.0_dpg_0.0_ws_40_mg_8.0_sim_20.0, F1@0.50: 51.18
Processing video: 5085344787448740525
Processing video: 5085357672350628540
Processing video: 5090916219025116054
Processing video: 5086465773912997411
Processing video: 5092765202446045704
Processing video: 5097975856769557081
Processing video: 5099449889545545450
Processing video: 5103182645622502287
Processing video: 5134749367588120522
Processing video: 5146258161124252727
Processing video: 5172231547180314349
Processing video: 5173709444596630576
Processing video: 5391892065246550398
Processing video: 5218949624445806415
Processing video: 5366409594815891602
Processing video: 5525084584552992937
total  1173319 subs 9168
Trial 895/1000, Params: dpd_0.8_dpg_0.5_ws_20_mg_2.0_sim_100.0, F1@0.50: 43.42
Processing video: 5085357672350628540
Processing video: 5085344787448740525
Processing video: 5086465773912997411
Processing video: 5090916219025116054
Processing video: 5092765202446045704
Processing video: 5097975856769557081
Processing video: 5099449889545545450
Processing video: 5103182645622502287
Processing video: 5134749367588120522
Processing video: 5146258161124252727
Processing video: 5172231547180314349
Processing video: 5173709444596630576
Processing video: 5218949624445806415
Processing video: 5366409594815891602
Processing video: 5391892065246550398
Processing video: 5525084584552992937
total  1173319 subs 9168
Trial 896/1000, Params: dpd_100.0_dpg_0.8_ws_30_mg_10.0_sim_30.0, F1@0.50: 38.33
Processing video: 5085344787448740525
Processing video: 5085357672350628540
Processing video: 5090916219025116054
Processing video: 5086465773912997411
Processing video: 5092765202446045704
Processing video: 5097975856769557081
Processing video: 5134749367588120522
Processing video: 5099449889545545450
Processing video: 5103182645622502287
Processing video: 5146258161124252727
Processing video: 5172231547180314349
Processing video: 5173709444596630576
Processing video: 5366409594815891602
Processing video: 5218949624445806415
Processing video: 5391892065246550398
Processing video: 5525084584552992937
total  1173319 subs 9168
Trial 897/1000, Params: dpd_2.0_dpg_5.0_ws_20_mg_6.0_sim_2.0, F1@0.50: 50.39
Processing video: 5085344787448740525
Processing video: 5085357672350628540
Processing video: 5086465773912997411
Processing video: 5090916219025116054
Processing video: 5092765202446045704
Processing video: 5097975856769557081
Processing video: 5103182645622502287
Processing video: 5099449889545545450
Processing video: 5134749367588120522
Processing video: 5146258161124252727
Processing video: 5173709444596630576
Processing video: 5218949624445806415
Processing video: 5172231547180314349
Processing video: 5366409594815891602
Processing video: 5391892065246550398
Processing video: 5525084584552992937
total  1173319 subs 9168
Trial 898/1000, Params: dpd_1.0_dpg_2.0_ws_50_mg_8.0_sim_100.0, F1@0.50: 38.2
Processing video: 5085344787448740525
Processing video: 5085357672350628540
Processing video: 5090916219025116054
Processing video: 5086465773912997411
Processing video: 5092765202446045704
Processing video: 5097975856769557081
Processing video: 5103182645622502287
Processing video: 5099449889545545450
Processing video: 5134749367588120522
Processing video: 5172231547180314349
Processing video: 5146258161124252727
Processing video: 5173709444596630576
Processing video: 5218949624445806415Processing video: 5391892065246550398

Processing video: 5366409594815891602
Processing video: 5525084584552992937
total  1173319 subs 9168
Trial 899/1000, Params: dpd_5.0_dpg_0.8_ws_40_mg_6.0_sim_10.0, F1@0.50: 52.56
Processing video: 5085357672350628540
Processing video: 5085344787448740525
Processing video: 5086465773912997411
Processing video: 5090916219025116054
Processing video: 5092765202446045704
Processing video: 5097975856769557081
Processing video: 5103182645622502287
Processing video: 5099449889545545450
Processing video: 5134749367588120522
Processing video: 5146258161124252727
Processing video: 5173709444596630576
Processing video: 5172231547180314349
Processing video: 5218949624445806415
Processing video: 5366409594815891602
Processing video: 5525084584552992937
Processing video: 5391892065246550398
total  1173319 subs 9168
Trial 900/1000, Params: dpd_5.0_dpg_1.0_ws_30_mg_10.0_sim_5.0, F1@0.50: 50.99
Processing video: 5085357672350628540
Processing video: 5085344787448740525
Processing video: 5086465773912997411
Processing video: 5090916219025116054
Processing video: 5092765202446045704
Processing video: 5097975856769557081
Processing video: 5099449889545545450
Processing video: 5134749367588120522
Processing video: 5103182645622502287
Processing video: 5146258161124252727
Processing video: 5173709444596630576
Processing video: 5172231547180314349
Processing video: 5218949624445806415
Processing video: 5391892065246550398
Processing video: 5366409594815891602
Processing video: 5525084584552992937
total  1173319 subs 9168
Trial 901/1000, Params: dpd_0.5_dpg_0.8_ws_20_mg_4.0_sim_50.0, F1@0.50: 46.74
Processing video: 5085344787448740525
Processing video: 5086465773912997411
Processing video: 5085357672350628540
Processing video: 5090916219025116054
Processing video: 5092765202446045704
Processing video: 5097975856769557081
Processing video: 5099449889545545450
Processing video: 5134749367588120522
Processing video: 5103182645622502287
Processing video: 5146258161124252727
Processing video: 5172231547180314349
Processing video: 5173709444596630576
Processing video: 5218949624445806415
Processing video: 5366409594815891602
Processing video: 5391892065246550398
Processing video: 5525084584552992937
total  1173319 subs 9168
Trial 902/1000, Params: dpd_0.1_dpg_0.5_ws_30_mg_4.0_sim_1.0, F1@0.50: 50.46
Processing video: 5085357672350628540
Processing video: 5085344787448740525
Processing video: 5086465773912997411
Processing video: 5090916219025116054
Processing video: 5092765202446045704
Processing video: 5097975856769557081
Processing video: 5103182645622502287
Processing video: 5099449889545545450
Processing video: 5134749367588120522
Processing video: 5146258161124252727
Processing video: 5172231547180314349
Processing video: 5173709444596630576
Processing video: 5218949624445806415
Processing video: 5366409594815891602
Processing video: 5525084584552992937
Processing video: 5391892065246550398
total  1173319 subs 9168
Trial 903/1000, Params: dpd_2.0_dpg_5.0_ws_20_mg_2.0_sim_100.0, F1@0.50: 47.06
Processing video: 5085344787448740525
Processing video: 5085357672350628540
Processing video: 5086465773912997411
Processing video: 5090916219025116054
Processing video: 5092765202446045704
Processing video: 5097975856769557081
Processing video: 5103182645622502287
Processing video: 5099449889545545450
Processing video: 5134749367588120522
Processing video: 5146258161124252727
Processing video: 5172231547180314349
Processing video: 5173709444596630576
Processing video: 5218949624445806415
Processing video: 5366409594815891602Processing video: 5391892065246550398

Processing video: 5525084584552992937
total  1173319 subs 9168
Trial 904/1000, Params: dpd_0.1_dpg_0.8_ws_20_mg_4.0_sim_0.0, F1@0.50: 48.81
Processing video: 5085344787448740525
Processing video: 5085357672350628540
Processing video: 5090916219025116054
Processing video: 5086465773912997411
Processing video: 5092765202446045704
Processing video: 5097975856769557081
Processing video: 5103182645622502287
Processing video: 5099449889545545450
Processing video: 5134749367588120522
Processing video: 5173709444596630576
Processing video: 5146258161124252727
Processing video: 5172231547180314349
Processing video: 5218949624445806415
Processing video: 5366409594815891602
Processing video: 5391892065246550398
Processing video: 5525084584552992937
total  1173319 subs 9168
Trial 905/1000, Params: dpd_5.0_dpg_5.0_ws_40_mg_8.0_sim_0.0, F1@0.50: 50.94
Processing video: 5085357672350628540
Processing video: 5085344787448740525
Processing video: 5086465773912997411
Processing video: 5090916219025116054
Processing video: 5092765202446045704
Processing video: 5097975856769557081
Processing video: 5099449889545545450
Processing video: 5103182645622502287
Processing video: 5134749367588120522
Processing video: 5172231547180314349
Processing video: 5146258161124252727
Processing video: 5173709444596630576
Processing video: 5218949624445806415
Processing video: 5366409594815891602
Processing video: 5391892065246550398
Processing video: 5525084584552992937
total  1173319 subs 9168
Trial 906/1000, Params: dpd_1.0_dpg_0.8_ws_20_mg_4.0_sim_0.0, F1@0.50: 49.04
Processing video: 5085344787448740525
Processing video: 5085357672350628540
Processing video: 5086465773912997411
Processing video: 5090916219025116054
Processing video: 5092765202446045704
Processing video: 5097975856769557081
Processing video: 5099449889545545450
Processing video: 5103182645622502287
Processing video: 5134749367588120522
Processing video: 5146258161124252727
Processing video: 5173709444596630576
Processing video: 5172231547180314349
Processing video: 5218949624445806415
Processing video: 5366409594815891602
Processing video: 5391892065246550398
Processing video: 5525084584552992937
total  1173319 subs 9168
Trial 907/1000, Params: dpd_0.0_dpg_1.0_ws_40_mg_8.0_sim_50.0, F1@0.50: 40.92
Processing video: 5085344787448740525
Processing video: 5085357672350628540
Processing video: 5086465773912997411
Processing video: 5090916219025116054
Processing video: 5092765202446045704
Processing video: 5097975856769557081
Processing video: 5099449889545545450
Processing video: 5103182645622502287
Processing video: 5134749367588120522
Processing video: 5146258161124252727
Processing video: 5172231547180314349
Processing video: 5173709444596630576
Processing video: 5218949624445806415
Processing video: 5366409594815891602
Processing video: 5391892065246550398
Processing video: 5525084584552992937
total  1173319 subs 9168
Trial 908/1000, Params: dpd_0.0_dpg_100.0_ws_30_mg_6.0_sim_10.0, F1@0.50: 36.61
Processing video: 5085344787448740525
Processing video: 5085357672350628540
Processing video: 5086465773912997411
Processing video: 5090916219025116054
Processing video: 5092765202446045704
Processing video: 5097975856769557081
Processing video: 5099449889545545450
Processing video: 5103182645622502287
Processing video: 5134749367588120522
Processing video: 5146258161124252727
Processing video: 5218949624445806415Processing video: 5172231547180314349

Processing video: 5173709444596630576
Processing video: 5366409594815891602
Processing video: 5391892065246550398
Processing video: 5525084584552992937
total  1173319 subs 9168
Trial 909/1000, Params: dpd_0.0_dpg_0.5_ws_40_mg_4.0_sim_30.0, F1@0.50: 45.57
Processing video: 5085344787448740525
Processing video: 5086465773912997411
Processing video: 5085357672350628540
Processing video: 5090916219025116054
Processing video: 5092765202446045704
Processing video: 5097975856769557081
Processing video: 5099449889545545450
Processing video: 5103182645622502287
Processing video: 5134749367588120522
Processing video: 5172231547180314349
Processing video: 5146258161124252727
Processing video: 5173709444596630576
Processing video: 5218949624445806415
Processing video: 5391892065246550398
Processing video: 5366409594815891602
Processing video: 5525084584552992937
total  1173319 subs 9168
Trial 910/1000, Params: dpd_0.1_dpg_1.0_ws_50_mg_8.0_sim_30.0, F1@0.50: 46.36
Processing video: 5085344787448740525
Processing video: 5085357672350628540
Processing video: 5090916219025116054
Processing video: 5086465773912997411
Processing video: 5092765202446045704
Processing video: 5097975856769557081
Processing video: 5099449889545545450
Processing video: 5103182645622502287
Processing video: 5134749367588120522
Processing video: 5146258161124252727
Processing video: 5172231547180314349
Processing video: 5173709444596630576
Processing video: 5218949624445806415
Processing video: 5366409594815891602
Processing video: 5391892065246550398
Processing video: 5525084584552992937
total  1173319 subs 9168
Trial 911/1000, Params: dpd_0.5_dpg_10.0_ws_40_mg_8.0_sim_20.0, F1@0.50: 52.81
Processing video: 5085344787448740525
Processing video: 5085357672350628540
Processing video: 5090916219025116054
Processing video: 5086465773912997411
Processing video: 5092765202446045704
Processing video: 5097975856769557081
Processing video: 5099449889545545450
Processing video: 5103182645622502287
Processing video: 5146258161124252727
Processing video: 5134749367588120522
Processing video: 5172231547180314349
Processing video: 5173709444596630576
Processing video: 5218949624445806415
Processing video: 5366409594815891602
Processing video: 5525084584552992937
Processing video: 5391892065246550398
total  1173319 subs 9168
Trial 912/1000, Params: dpd_0.1_dpg_2.0_ws_50_mg_2.0_sim_20.0, F1@0.50: 50.99
Processing video: 5085357672350628540
Processing video: 5085344787448740525
Processing video: 5086465773912997411
Processing video: 5090916219025116054
Processing video: 5092765202446045704
Processing video: 5097975856769557081
Processing video: 5103182645622502287
Processing video: 5099449889545545450
Processing video: 5134749367588120522
Processing video: 5146258161124252727
Processing video: 5172231547180314349
Processing video: 5218949624445806415
Processing video: 5173709444596630576
Processing video: 5391892065246550398
Processing video: 5366409594815891602
Processing video: 5525084584552992937
total  1173319 subs 9168
Trial 913/1000, Params: dpd_0.1_dpg_100.0_ws_30_mg_6.0_sim_100.0, F1@0.50: 40.1
Processing video: 5085344787448740525
Processing video: 5085357672350628540
Processing video: 5086465773912997411
Processing video: 5090916219025116054
Processing video: 5092765202446045704
Processing video: 5097975856769557081
Processing video: 5099449889545545450
Processing video: 5134749367588120522
Processing video: 5103182645622502287
Processing video: 5146258161124252727
Processing video: 5172231547180314349
Processing video: 5173709444596630576
Processing video: 5366409594815891602
Processing video: 5218949624445806415
Processing video: 5391892065246550398
Processing video: 5525084584552992937
total  1173319 subs 9168
Trial 914/1000, Params: dpd_5.0_dpg_1.0_ws_50_mg_6.0_sim_1.0, F1@0.50: 50.29
Processing video: 5085357672350628540
Processing video: 5085344787448740525
Processing video: 5086465773912997411
Processing video: 5090916219025116054
Processing video: 5092765202446045704
Processing video: 5097975856769557081
Processing video: 5099449889545545450
Processing video: 5103182645622502287
Processing video: 5134749367588120522
Processing video: 5146258161124252727
Processing video: 5172231547180314349
Processing video: 5173709444596630576
Processing video: 5218949624445806415
Processing video: 5391892065246550398
Processing video: 5366409594815891602
Processing video: 5525084584552992937
total  1173319 subs 9168
Trial 915/1000, Params: dpd_10.0_dpg_0.5_ws_20_mg_4.0_sim_1.0, F1@0.50: 45.71
Processing video: 5085344787448740525
Processing video: 5090916219025116054
Processing video: 5085357672350628540
Processing video: 5086465773912997411
Processing video: 5092765202446045704
Processing video: 5097975856769557081
Processing video: 5103182645622502287
Processing video: 5099449889545545450
Processing video: 5172231547180314349
Processing video: 5134749367588120522
Processing video: 5146258161124252727
Processing video: 5173709444596630576
Processing video: 5391892065246550398
Processing video: 5218949624445806415
Processing video: 5366409594815891602
Processing video: 5525084584552992937
total  1173319 subs 9168
Trial 916/1000, Params: dpd_100.0_dpg_2.0_ws_50_mg_8.0_sim_1.0, F1@0.50: 31.34
Processing video: 5085344787448740525
Processing video: 5085357672350628540
Processing video: 5090916219025116054
Processing video: 5086465773912997411
Processing video: 5092765202446045704
Processing video: 5097975856769557081
Processing video: 5103182645622502287
Processing video: 5099449889545545450
Processing video: 5134749367588120522
Processing video: 5172231547180314349
Processing video: 5146258161124252727
Processing video: 5218949624445806415
Processing video: 5173709444596630576
Processing video: 5366409594815891602
Processing video: 5391892065246550398
Processing video: 5525084584552992937
total  1173319 subs 9168
Trial 917/1000, Params: dpd_20.0_dpg_1.0_ws_30_mg_6.0_sim_20.0, F1@0.50: 47.5
Processing video: 5085344787448740525
Processing video: 5086465773912997411
Processing video: 5085357672350628540
Processing video: 5090916219025116054
Processing video: 5092765202446045704
Processing video: 5097975856769557081
Processing video: 5099449889545545450
Processing video: 5103182645622502287
Processing video: 5134749367588120522
Processing video: 5172231547180314349
Processing video: 5146258161124252727
Processing video: 5173709444596630576
Processing video: 5218949624445806415
Processing video: 5366409594815891602
Processing video: 5391892065246550398
Processing video: 5525084584552992937
total  1173319 subs 9168
Trial 918/1000, Params: dpd_10.0_dpg_10.0_ws_50_mg_6.0_sim_2.0, F1@0.50: 50.84
Processing video: 5085344787448740525
Processing video: 5086465773912997411
Processing video: 5085357672350628540
Processing video: 5090916219025116054
Processing video: 5092765202446045704
Processing video: 5097975856769557081
Processing video: 5099449889545545450
Processing video: 5103182645622502287
Processing video: 5134749367588120522
Processing video: 5146258161124252727
Processing video: 5172231547180314349
Processing video: 5173709444596630576
Processing video: 5366409594815891602
Processing video: 5218949624445806415
Processing video: 5391892065246550398
Processing video: 5525084584552992937
total  1173319 subs 9168
Trial 919/1000, Params: dpd_10.0_dpg_0.1_ws_20_mg_10.0_sim_5.0, F1@0.50: 47.29
Processing video: 5085344787448740525
Processing video: 5085357672350628540
Processing video: 5086465773912997411
Processing video: 5090916219025116054
Processing video: 5092765202446045704
Processing video: 5097975856769557081
Processing video: 5103182645622502287
Processing video: 5099449889545545450
Processing video: 5134749367588120522
Processing video: 5146258161124252727
Processing video: 5173709444596630576
Processing video: 5172231547180314349
Processing video: 5218949624445806415
Processing video: 5366409594815891602
Processing video: 5525084584552992937Processing video: 5391892065246550398

total  1173319 subs 9168
Trial 920/1000, Params: dpd_0.5_dpg_0.0_ws_30_mg_4.0_sim_1.0, F1@0.50: 50.11
Processing video: 5085344787448740525
Processing video: 5085357672350628540
Processing video: 5086465773912997411
Processing video: 5090916219025116054
Processing video: 5092765202446045704
Processing video: 5097975856769557081
Processing video: 5099449889545545450
Processing video: 5134749367588120522
Processing video: 5103182645622502287
Processing video: 5146258161124252727
Processing video: 5173709444596630576
Processing video: 5172231547180314349
Processing video: 5218949624445806415Processing video: 5391892065246550398

Processing video: 5366409594815891602
Processing video: 5525084584552992937
total  1173319 subs 9168
Trial 921/1000, Params: dpd_0.1_dpg_5.0_ws_20_mg_10.0_sim_5.0, F1@0.50: 49.29
Processing video: 5085344787448740525
Processing video: 5085357672350628540
Processing video: 5086465773912997411
Processing video: 5090916219025116054
Processing video: 5092765202446045704
Processing video: 5097975856769557081
Processing video: 5099449889545545450Processing video: 5134749367588120522

Processing video: 5103182645622502287
Processing video: 5146258161124252727
Processing video: 5218949624445806415
Processing video: 5172231547180314349
Processing video: 5173709444596630576
Processing video: 5366409594815891602
Processing video: 5391892065246550398
Processing video: 5525084584552992937
total  1173319 subs 9168
Trial 922/1000, Params: dpd_0.1_dpg_0.1_ws_30_mg_8.0_sim_1.0, F1@0.50: 49.93
Processing video: 5085344787448740525
Processing video: 5085357672350628540
Processing video: 5086465773912997411
Processing video: 5090916219025116054
Processing video: 5092765202446045704
Processing video: 5097975856769557081
Processing video: 5103182645622502287
Processing video: 5099449889545545450
Processing video: 5134749367588120522
Processing video: 5172231547180314349
Processing video: 5146258161124252727
Processing video: 5173709444596630576
Processing video: 5218949624445806415
Processing video: 5391892065246550398
Processing video: 5366409594815891602
Processing video: 5525084584552992937
total  1173319 subs 9168
Trial 923/1000, Params: dpd_1.0_dpg_0.8_ws_30_mg_2.0_sim_50.0, F1@0.50: 48.53
Processing video: 5085344787448740525
Processing video: 5085357672350628540
Processing video: 5090916219025116054
Processing video: 5086465773912997411
Processing video: 5092765202446045704
Processing video: 5097975856769557081
Processing video: 5099449889545545450
Processing video: 5103182645622502287
Processing video: 5134749367588120522
Processing video: 5146258161124252727
Processing video: 5172231547180314349
Processing video: 5173709444596630576
Processing video: 5218949624445806415
Processing video: 5366409594815891602
Processing video: 5391892065246550398
Processing video: 5525084584552992937
total  1173319 subs 9168
Trial 924/1000, Params: dpd_0.8_dpg_0.0_ws_20_mg_10.0_sim_5.0, F1@0.50: 49.19
Processing video: 5085344787448740525
Processing video: 5085357672350628540
Processing video: 5086465773912997411
Processing video: 5090916219025116054
Processing video: 5092765202446045704
Processing video: 5097975856769557081
Processing video: 5099449889545545450
Processing video: 5103182645622502287
Processing video: 5134749367588120522
Processing video: 5172231547180314349
Processing video: 5146258161124252727
Processing video: 5173709444596630576
Processing video: 5366409594815891602
Processing video: 5218949624445806415
Processing video: 5391892065246550398
Processing video: 5525084584552992937
total  1173319 subs 9168
Trial 925/1000, Params: dpd_0.0_dpg_0.5_ws_50_mg_10.0_sim_10.0, F1@0.50: 52.26
Processing video: 5085357672350628540
Processing video: 5085344787448740525
Processing video: 5086465773912997411
Processing video: 5090916219025116054
Processing video: 5092765202446045704
Processing video: 5097975856769557081
Processing video: 5099449889545545450
Processing video: 5103182645622502287
Processing video: 5134749367588120522
Processing video: 5146258161124252727
Processing video: 5172231547180314349
Processing video: 5173709444596630576
Processing video: 5218949624445806415
Processing video: 5366409594815891602
Processing video: 5391892065246550398
Processing video: 5525084584552992937
total  1173319 subs 9168
Trial 926/1000, Params: dpd_0.1_dpg_2.0_ws_40_mg_6.0_sim_0.0, F1@0.50: 49.88
Processing video: 5085344787448740525
Processing video: 5085357672350628540
Processing video: 5086465773912997411
Processing video: 5090916219025116054
Processing video: 5092765202446045704
Processing video: 5097975856769557081
Processing video: 5099449889545545450
Processing video: 5103182645622502287
Processing video: 5146258161124252727
Processing video: 5134749367588120522
Processing video: 5172231547180314349
Processing video: 5173709444596630576
Processing video: 5218949624445806415
Processing video: 5391892065246550398
Processing video: 5366409594815891602
Processing video: 5525084584552992937
total  1173319 subs 9168
Trial 927/1000, Params: dpd_0.0_dpg_0.8_ws_50_mg_2.0_sim_50.0, F1@0.50: 40.11
Processing video: 5085344787448740525
Processing video: 5085357672350628540
Processing video: 5086465773912997411
Processing video: 5090916219025116054
Processing video: 5092765202446045704
Processing video: 5097975856769557081
Processing video: 5103182645622502287
Processing video: 5099449889545545450
Processing video: 5134749367588120522
Processing video: 5146258161124252727
Processing video: 5172231547180314349
Processing video: 5173709444596630576
Processing video: 5218949624445806415
Processing video: 5366409594815891602
Processing video: 5525084584552992937Processing video: 5391892065246550398

total  1173319 subs 9168
Trial 928/1000, Params: dpd_0.1_dpg_20.0_ws_50_mg_6.0_sim_50.0, F1@0.50: 43.1
Processing video: 5085344787448740525
Processing video: 5085357672350628540
Processing video: 5086465773912997411
Processing video: 5090916219025116054
Processing video: 5092765202446045704
Processing video: 5097975856769557081
Processing video: 5099449889545545450
Processing video: 5103182645622502287
Processing video: 5134749367588120522
Processing video: 5146258161124252727
Processing video: 5172231547180314349
Processing video: 5173709444596630576
Processing video: 5218949624445806415
Processing video: 5366409594815891602
Processing video: 5391892065246550398
Processing video: 5525084584552992937
total  1173319 subs 9168
Trial 929/1000, Params: dpd_100.0_dpg_0.8_ws_20_mg_8.0_sim_30.0, F1@0.50: 41.65
Processing video: 5085344787448740525
Processing video: 5085357672350628540
Processing video: 5086465773912997411
Processing video: 5090916219025116054
Processing video: 5092765202446045704
Processing video: 5097975856769557081
Processing video: 5103182645622502287
Processing video: 5099449889545545450
Processing video: 5134749367588120522
Processing video: 5146258161124252727
Processing video: 5173709444596630576
Processing video: 5172231547180314349
Processing video: 5218949624445806415
Processing video: 5525084584552992937
Processing video: 5366409594815891602Processing video: 5391892065246550398

total  1173319 subs 9168
Trial 930/1000, Params: dpd_20.0_dpg_20.0_ws_20_mg_10.0_sim_0.5, F1@0.50: 43.53
Processing video: 5085344787448740525
Processing video: 5085357672350628540
Processing video: 5086465773912997411
Processing video: 5090916219025116054
Processing video: 5092765202446045704
Processing video: 5097975856769557081
Processing video: 5099449889545545450
Processing video: 5103182645622502287
Processing video: 5134749367588120522
Processing video: 5172231547180314349
Processing video: 5146258161124252727
Processing video: 5366409594815891602
Processing video: 5173709444596630576
Processing video: 5218949624445806415
Processing video: 5391892065246550398
Processing video: 5525084584552992937
total  1173319 subs 9168
Trial 931/1000, Params: dpd_0.0_dpg_0.0_ws_50_mg_10.0_sim_0.0, F1@0.50: 49.32
Processing video: 5085344787448740525
Processing video: 5086465773912997411
Processing video: 5085357672350628540
Processing video: 5090916219025116054
Processing video: 5092765202446045704
Processing video: 5097975856769557081
Processing video: 5099449889545545450
Processing video: 5103182645622502287
Processing video: 5134749367588120522
Processing video: 5146258161124252727
Processing video: 5173709444596630576
Processing video: 5172231547180314349
Processing video: 5218949624445806415
Processing video: 5366409594815891602
Processing video: 5391892065246550398
Processing video: 5525084584552992937
total  1173319 subs 9168
Trial 932/1000, Params: dpd_0.1_dpg_1.0_ws_30_mg_10.0_sim_1.0, F1@0.50: 50.27
Processing video: 5085344787448740525
Processing video: 5085357672350628540
Processing video: 5086465773912997411
Processing video: 5090916219025116054
Processing video: 5092765202446045704
Processing video: 5097975856769557081
Processing video: 5099449889545545450
Processing video: 5103182645622502287
Processing video: 5146258161124252727
Processing video: 5134749367588120522
Processing video: 5172231547180314349
Processing video: 5173709444596630576
Processing video: 5218949624445806415
Processing video: 5366409594815891602
Processing video: 5525084584552992937
Processing video: 5391892065246550398
total  1173319 subs 9168
Trial 933/1000, Params: dpd_1.0_dpg_0.0_ws_30_mg_2.0_sim_10.0, F1@0.50: 52.24
Processing video: 5085344787448740525
Processing video: 5085357672350628540
Processing video: 5086465773912997411
Processing video: 5090916219025116054
Processing video: 5092765202446045704
Processing video: 5097975856769557081
Processing video: 5103182645622502287
Processing video: 5099449889545545450
Processing video: 5134749367588120522
Processing video: 5172231547180314349
Processing video: 5146258161124252727
Processing video: 5173709444596630576
Processing video: 5218949624445806415
Processing video: 5391892065246550398
Processing video: 5366409594815891602
Processing video: 5525084584552992937
total  1173319 subs 9168
Trial 934/1000, Params: dpd_20.0_dpg_0.8_ws_50_mg_4.0_sim_30.0, F1@0.50: 48.54
Processing video: 5085344787448740525
Processing video: 5085357672350628540
Processing video: 5086465773912997411
Processing video: 5090916219025116054
Processing video: 5092765202446045704
Processing video: 5097975856769557081
Processing video: 5099449889545545450
Processing video: 5103182645622502287
Processing video: 5146258161124252727
Processing video: 5134749367588120522
Processing video: 5172231547180314349
Processing video: 5173709444596630576
Processing video: 5218949624445806415
Processing video: 5391892065246550398
Processing video: 5366409594815891602
Processing video: 5525084584552992937
total  1173319 subs 9168
Trial 935/1000, Params: dpd_10.0_dpg_10.0_ws_50_mg_4.0_sim_10.0, F1@0.50: 52.72
Processing video: 5085357672350628540
Processing video: 5085344787448740525
Processing video: 5086465773912997411
Processing video: 5090916219025116054
Processing video: 5092765202446045704
Processing video: 5097975856769557081
Processing video: 5099449889545545450
Processing video: 5146258161124252727
Processing video: 5103182645622502287
Processing video: 5134749367588120522
Processing video: 5172231547180314349
Processing video: 5366409594815891602
Processing video: 5173709444596630576
Processing video: 5218949624445806415
Processing video: 5391892065246550398
Processing video: 5525084584552992937
total  1173319 subs 9168
Trial 936/1000, Params: dpd_2.0_dpg_0.5_ws_30_mg_2.0_sim_100.0, F1@0.50: 44.21
Processing video: 5085344787448740525
Processing video: 5085357672350628540
Processing video: 5086465773912997411
Processing video: 5090916219025116054
Processing video: 5092765202446045704
Processing video: 5097975856769557081
Processing video: 5103182645622502287
Processing video: 5099449889545545450
Processing video: 5134749367588120522
Processing video: 5146258161124252727
Processing video: 5172231547180314349
Processing video: 5218949624445806415
Processing video: 5173709444596630576
Processing video: 5366409594815891602
Processing video: 5391892065246550398
Processing video: 5525084584552992937
total  1173319 subs 9168
Trial 937/1000, Params: dpd_0.8_dpg_1.0_ws_20_mg_4.0_sim_100.0, F1@0.50: 42.95
Processing video: 5085344787448740525
Processing video: 5085357672350628540
Processing video: 5086465773912997411
Processing video: 5090916219025116054
Processing video: 5092765202446045704
Processing video: 5097975856769557081
Processing video: 5099449889545545450
Processing video: 5134749367588120522
Processing video: 5103182645622502287
Processing video: 5146258161124252727
Processing video: 5172231547180314349
Processing video: 5218949624445806415
Processing video: 5173709444596630576
Processing video: 5366409594815891602
Processing video: 5391892065246550398
Processing video: 5525084584552992937
total  1173319 subs 9168
Trial 938/1000, Params: dpd_10.0_dpg_5.0_ws_50_mg_8.0_sim_10.0, F1@0.50: 51.65
Processing video: 5085344787448740525
Processing video: 5086465773912997411
Processing video: 5085357672350628540
Processing video: 5090916219025116054
Processing video: 5092765202446045704
Processing video: 5097975856769557081
Processing video: 5099449889545545450
Processing video: 5146258161124252727
Processing video: 5103182645622502287
Processing video: 5134749367588120522
Processing video: 5172231547180314349
Processing video: 5173709444596630576
Processing video: 5218949624445806415
Processing video: 5366409594815891602
Processing video: 5391892065246550398
Processing video: 5525084584552992937
total  1173319 subs 9168
Trial 939/1000, Params: dpd_0.0_dpg_10.0_ws_20_mg_10.0_sim_50.0, F1@0.50: 45.5
Processing video: 5085357672350628540
Processing video: 5085344787448740525
Processing video: 5086465773912997411
Processing video: 5090916219025116054
Processing video: 5092765202446045704
Processing video: 5097975856769557081
Processing video: 5099449889545545450
Processing video: 5103182645622502287
Processing video: 5134749367588120522
Processing video: 5146258161124252727
Processing video: 5172231547180314349Processing video: 5173709444596630576

Processing video: 5218949624445806415
Processing video: 5366409594815891602
Processing video: 5391892065246550398
Processing video: 5525084584552992937
total  1173319 subs 9168
Trial 940/1000, Params: dpd_10.0_dpg_0.8_ws_40_mg_8.0_sim_30.0, F1@0.50: 52.23
Processing video: 5085344787448740525
Processing video: 5085357672350628540
Processing video: 5086465773912997411
Processing video: 5090916219025116054
Processing video: 5092765202446045704
Processing video: 5097975856769557081
Processing video: 5099449889545545450
Processing video: 5134749367588120522
Processing video: 5103182645622502287
Processing video: 5146258161124252727
Processing video: 5172231547180314349
Processing video: 5173709444596630576
Processing video: 5218949624445806415
Processing video: 5366409594815891602
Processing video: 5391892065246550398
Processing video: 5525084584552992937
total  1173319 subs 9168
Trial 941/1000, Params: dpd_2.0_dpg_20.0_ws_20_mg_4.0_sim_0.0, F1@0.50: 46.71
Processing video: 5085344787448740525
Processing video: 5086465773912997411
Processing video: 5085357672350628540
Processing video: 5090916219025116054
Processing video: 5092765202446045704
Processing video: 5097975856769557081
Processing video: 5103182645622502287
Processing video: 5099449889545545450
Processing video: 5134749367588120522
Processing video: 5146258161124252727
Processing video: 5173709444596630576
Processing video: 5172231547180314349
Processing video: 5391892065246550398
Processing video: 5218949624445806415
Processing video: 5366409594815891602
Processing video: 5525084584552992937
total  1173319 subs 9168
Trial 942/1000, Params: dpd_2.0_dpg_20.0_ws_30_mg_8.0_sim_5.0, F1@0.50: 51.67
Processing video: 5085344787448740525
Processing video: 5085357672350628540
Processing video: 5086465773912997411
Processing video: 5090916219025116054
Processing video: 5092765202446045704
Processing video: 5097975856769557081
Processing video: 5103182645622502287
Processing video: 5099449889545545450
Processing video: 5134749367588120522
Processing video: 5146258161124252727
Processing video: 5173709444596630576
Processing video: 5172231547180314349
Processing video: 5218949624445806415
Processing video: 5366409594815891602
Processing video: 5391892065246550398
Processing video: 5525084584552992937
total  1173319 subs 9168
Trial 943/1000, Params: dpd_10.0_dpg_0.1_ws_40_mg_8.0_sim_2.0, F1@0.50: 47.67
Processing video: 5085344787448740525
Processing video: 5085357672350628540
Processing video: 5090916219025116054
Processing video: 5086465773912997411
Processing video: 5092765202446045704
Processing video: 5097975856769557081
Processing video: 5103182645622502287
Processing video: 5099449889545545450
Processing video: 5134749367588120522
Processing video: 5146258161124252727
Processing video: 5218949624445806415
Processing video: 5172231547180314349
Processing video: 5173709444596630576
Processing video: 5366409594815891602
Processing video: 5391892065246550398
Processing video: 5525084584552992937
total  1173319 subs 9168
Trial 944/1000, Params: dpd_10.0_dpg_0.1_ws_40_mg_8.0_sim_0.0, F1@0.50: 47.13
Processing video: 5085344787448740525
Processing video: 5090916219025116054
Processing video: 5085357672350628540
Processing video: 5086465773912997411
Processing video: 5092765202446045704
Processing video: 5097975856769557081
Processing video: 5103182645622502287
Processing video: 5099449889545545450
Processing video: 5134749367588120522
Processing video: 5172231547180314349
Processing video: 5146258161124252727
Processing video: 5173709444596630576
Processing video: 5391892065246550398
Processing video: 5218949624445806415
Processing video: 5366409594815891602
Processing video: 5525084584552992937
total  1173319 subs 9168
Trial 945/1000, Params: dpd_0.8_dpg_0.8_ws_30_mg_10.0_sim_50.0, F1@0.50: 47.03
Processing video: 5085344787448740525
Processing video: 5085357672350628540
Processing video: 5086465773912997411
Processing video: 5090916219025116054
Processing video: 5092765202446045704
Processing video: 5097975856769557081
Processing video: 5099449889545545450
Processing video: 5103182645622502287
Processing video: 5146258161124252727
Processing video: 5134749367588120522
Processing video: 5172231547180314349
Processing video: 5173709444596630576
Processing video: 5218949624445806415
Processing video: 5366409594815891602
Processing video: 5391892065246550398
Processing video: 5525084584552992937
total  1173319 subs 9168
Trial 946/1000, Params: dpd_1.0_dpg_1.0_ws_50_mg_10.0_sim_5.0, F1@0.50: 52.03
Processing video: 5085344787448740525
Processing video: 5085357672350628540
Processing video: 5086465773912997411
Processing video: 5090916219025116054
Processing video: 5092765202446045704
Processing video: 5097975856769557081
Processing video: 5099449889545545450
Processing video: 5103182645622502287
Processing video: 5134749367588120522
Processing video: 5146258161124252727
Processing video: 5172231547180314349
Processing video: 5173709444596630576
Processing video: 5366409594815891602
Processing video: 5218949624445806415
Processing video: 5391892065246550398
Processing video: 5525084584552992937
total  1173319 subs 9168
Trial 947/1000, Params: dpd_100.0_dpg_0.5_ws_50_mg_8.0_sim_30.0, F1@0.50: 35.87
Processing video: 5085344787448740525
Processing video: 5085357672350628540
Processing video: 5086465773912997411
Processing video: 5090916219025116054
Processing video: 5092765202446045704
Processing video: 5097975856769557081
Processing video: 5099449889545545450Processing video: 5134749367588120522

Processing video: 5103182645622502287
Processing video: 5146258161124252727
Processing video: 5218949624445806415
Processing video: 5172231547180314349
Processing video: 5173709444596630576
Processing video: 5366409594815891602
Processing video: 5525084584552992937
Processing video: 5391892065246550398
total  1173319 subs 9168
Trial 948/1000, Params: dpd_0.0_dpg_10.0_ws_20_mg_10.0_sim_100.0, F1@0.50: 42.44
Processing video: 5085344787448740525
Processing video: 5085357672350628540
Processing video: 5086465773912997411
Processing video: 5090916219025116054
Processing video: 5092765202446045704
Processing video: 5097975856769557081
Processing video: 5099449889545545450Processing video: 5134749367588120522

Processing video: 5103182645622502287
Processing video: 5146258161124252727
Processing video: 5218949624445806415
Processing video: 5172231547180314349
Processing video: 5173709444596630576
Processing video: 5525084584552992937
Processing video: 5366409594815891602
Processing video: 5391892065246550398
total  1173319 subs 9168
Trial 949/1000, Params: dpd_1.0_dpg_100.0_ws_50_mg_6.0_sim_10.0, F1@0.50: 38.51
Processing video: 5085344787448740525
Processing video: 5085357672350628540
Processing video: 5086465773912997411
Processing video: 5090916219025116054
Processing video: 5092765202446045704
Processing video: 5097975856769557081
Processing video: 5103182645622502287
Processing video: 5099449889545545450
Processing video: 5134749367588120522
Processing video: 5146258161124252727
Processing video: 5172231547180314349
Processing video: 5218949624445806415
Processing video: 5173709444596630576
Processing video: 5366409594815891602
Processing video: 5525084584552992937Processing video: 5391892065246550398

total  1173319 subs 9168
Trial 950/1000, Params: dpd_0.5_dpg_1.0_ws_40_mg_4.0_sim_30.0, F1@0.50: 50.16
Processing video: 5085344787448740525
Processing video: 5085357672350628540
Processing video: 5090916219025116054
Processing video: 5086465773912997411
Processing video: 5092765202446045704
Processing video: 5097975856769557081
Processing video: 5134749367588120522
Processing video: 5099449889545545450
Processing video: 5103182645622502287
Processing video: 5146258161124252727
Processing video: 5172231547180314349
Processing video: 5173709444596630576
Processing video: 5391892065246550398
Processing video: 5218949624445806415
Processing video: 5366409594815891602
Processing video: 5525084584552992937
total  1173319 subs 9168
Trial 951/1000, Params: dpd_0.8_dpg_0.0_ws_20_mg_4.0_sim_100.0, F1@0.50: 42.4
Processing video: 5085357672350628540
Processing video: 5085344787448740525
Processing video: 5086465773912997411
Processing video: 5090916219025116054
Processing video: 5092765202446045704
Processing video: 5097975856769557081
Processing video: 5099449889545545450
Processing video: 5103182645622502287
Processing video: 5134749367588120522
Processing video: 5146258161124252727
Processing video: 5172231547180314349
Processing video: 5218949624445806415
Processing video: 5173709444596630576
Processing video: 5366409594815891602
Processing video: 5391892065246550398
Processing video: 5525084584552992937
total  1173319 subs 9168
Trial 952/1000, Params: dpd_0.8_dpg_2.0_ws_20_mg_4.0_sim_50.0, F1@0.50: 48.56
Processing video: 5085344787448740525
Processing video: 5086465773912997411
Processing video: 5085357672350628540
Processing video: 5090916219025116054
Processing video: 5092765202446045704
Processing video: 5097975856769557081
Processing video: 5099449889545545450Processing video: 5134749367588120522

Processing video: 5103182645622502287
Processing video: 5146258161124252727
Processing video: 5172231547180314349
Processing video: 5173709444596630576
Processing video: 5218949624445806415
Processing video: 5366409594815891602
Processing video: 5391892065246550398Processing video: 5525084584552992937

total  1173319 subs 9168
Trial 953/1000, Params: dpd_0.0_dpg_0.5_ws_30_mg_6.0_sim_2.0, F1@0.50: 50.33
Processing video: 5085344787448740525
Processing video: 5085357672350628540
Processing video: 5086465773912997411
Processing video: 5090916219025116054
Processing video: 5092765202446045704
Processing video: 5097975856769557081
Processing video: 5099449889545545450
Processing video: 5103182645622502287
Processing video: 5146258161124252727
Processing video: 5134749367588120522
Processing video: 5172231547180314349
Processing video: 5173709444596630576
Processing video: 5218949624445806415
Processing video: 5525084584552992937
Processing video: 5391892065246550398Processing video: 5366409594815891602

total  1173319 subs 9168
Trial 954/1000, Params: dpd_2.0_dpg_0.0_ws_40_mg_2.0_sim_2.0, F1@0.50: 51.05
Processing video: 5085344787448740525
Processing video: 5086465773912997411
Processing video: 5085357672350628540
Processing video: 5090916219025116054
Processing video: 5092765202446045704
Processing video: 5097975856769557081
Processing video: 5099449889545545450
Processing video: 5103182645622502287
Processing video: 5146258161124252727
Processing video: 5134749367588120522
Processing video: 5172231547180314349
Processing video: 5173709444596630576
Processing video: 5218949624445806415
Processing video: 5366409594815891602
Processing video: 5391892065246550398
Processing video: 5525084584552992937
total  1173319 subs 9168
Trial 955/1000, Params: dpd_0.5_dpg_0.8_ws_20_mg_6.0_sim_50.0, F1@0.50: 46.41
Processing video: 5085344787448740525
Processing video: 5085357672350628540
Processing video: 5086465773912997411
Processing video: 5090916219025116054
Processing video: 5092765202446045704
Processing video: 5097975856769557081
Processing video: 5099449889545545450
Processing video: 5103182645622502287
Processing video: 5134749367588120522
Processing video: 5146258161124252727
Processing video: 5172231547180314349
Processing video: 5173709444596630576
Processing video: 5218949624445806415
Processing video: 5366409594815891602
Processing video: 5391892065246550398Processing video: 5525084584552992937

total  1173319 subs 9168
Trial 956/1000, Params: dpd_0.1_dpg_0.0_ws_30_mg_10.0_sim_5.0, F1@0.50: 50.41
Processing video: 5085344787448740525
Processing video: 5085357672350628540
Processing video: 5086465773912997411
Processing video: 5090916219025116054
Processing video: 5092765202446045704
Processing video: 5097975856769557081
Processing video: 5099449889545545450
Processing video: 5103182645622502287
Processing video: 5134749367588120522
Processing video: 5146258161124252727
Processing video: 5172231547180314349
Processing video: 5218949624445806415
Processing video: 5173709444596630576
Processing video: 5366409594815891602
Processing video: 5525084584552992937Processing video: 5391892065246550398

total  1173319 subs 9168
Trial 957/1000, Params: dpd_1.0_dpg_20.0_ws_50_mg_4.0_sim_20.0, F1@0.50: 52.06
Processing video: 5085344787448740525
Processing video: 5085357672350628540
Processing video: 5086465773912997411
Processing video: 5090916219025116054
Processing video: 5092765202446045704
Processing video: 5097975856769557081
Processing video: 5099449889545545450
Processing video: 5103182645622502287
Processing video: 5146258161124252727
Processing video: 5134749367588120522
Processing video: 5172231547180314349
Processing video: 5218949624445806415
Processing video: 5173709444596630576
Processing video: 5366409594815891602
Processing video: 5391892065246550398
Processing video: 5525084584552992937
total  1173319 subs 9168
Trial 958/1000, Params: dpd_0.8_dpg_0.0_ws_50_mg_2.0_sim_5.0, F1@0.50: 51.35
Processing video: 5085344787448740525
Processing video: 5085357672350628540
Processing video: 5090916219025116054
Processing video: 5086465773912997411
Processing video: 5092765202446045704
Processing video: 5097975856769557081
Processing video: 5103182645622502287
Processing video: 5099449889545545450
Processing video: 5134749367588120522
Processing video: 5146258161124252727
Processing video: 5172231547180314349
Processing video: 5173709444596630576
Processing video: 5218949624445806415
Processing video: 5366409594815891602
Processing video: 5391892065246550398
Processing video: 5525084584552992937
total  1173319 subs 9168
Trial 959/1000, Params: dpd_20.0_dpg_0.5_ws_50_mg_6.0_sim_2.0, F1@0.50: 44.68
Processing video: 5085344787448740525
Processing video: 5085357672350628540
Processing video: 5086465773912997411
Processing video: 5090916219025116054
Processing video: 5092765202446045704
Processing video: 5097975856769557081
Processing video: 5103182645622502287
Processing video: 5099449889545545450
Processing video: 5134749367588120522
Processing video: 5146258161124252727
Processing video: 5218949624445806415
Processing video: 5172231547180314349
Processing video: 5173709444596630576
Processing video: 5366409594815891602
Processing video: 5391892065246550398
Processing video: 5525084584552992937
total  1173319 subs 9168
Trial 960/1000, Params: dpd_1.0_dpg_20.0_ws_30_mg_2.0_sim_10.0, F1@0.50: 51.46
Processing video: 5085344787448740525
Processing video: 5090916219025116054
Processing video: 5085357672350628540
Processing video: 5086465773912997411
Processing video: 5092765202446045704
Processing video: 5097975856769557081
Processing video: 5099449889545545450
Processing video: 5146258161124252727Processing video: 5103182645622502287

Processing video: 5134749367588120522
Processing video: 5172231547180314349
Processing video: 5173709444596630576
Processing video: 5218949624445806415
Processing video: 5366409594815891602
Processing video: 5391892065246550398
Processing video: 5525084584552992937
total  1173319 subs 9168
Trial 961/1000, Params: dpd_2.0_dpg_2.0_ws_30_mg_8.0_sim_0.5, F1@0.50: 50.85
Processing video: 5085344787448740525
Processing video: 5085357672350628540
Processing video: 5086465773912997411
Processing video: 5090916219025116054
Processing video: 5092765202446045704
Processing video: 5097975856769557081
Processing video: 5099449889545545450Processing video: 5134749367588120522

Processing video: 5103182645622502287
Processing video: 5173709444596630576
Processing video: 5146258161124252727
Processing video: 5172231547180314349
Processing video: 5366409594815891602
Processing video: 5218949624445806415
Processing video: 5391892065246550398
Processing video: 5525084584552992937
total  1173319 subs 9168
Trial 962/1000, Params: dpd_20.0_dpg_5.0_ws_40_mg_8.0_sim_30.0, F1@0.50: 49.37
Processing video: 5085344787448740525
Processing video: 5085357672350628540
Processing video: 5086465773912997411
Processing video: 5090916219025116054
Processing video: 5092765202446045704
Processing video: 5097975856769557081
Processing video: 5103182645622502287
Processing video: 5099449889545545450
Processing video: 5134749367588120522
Processing video: 5172231547180314349
Processing video: 5146258161124252727
Processing video: 5218949624445806415
Processing video: 5366409594815891602
Processing video: 5173709444596630576
Processing video: 5391892065246550398Processing video: 5525084584552992937

total  1173319 subs 9168
Trial 963/1000, Params: dpd_0.5_dpg_2.0_ws_40_mg_2.0_sim_50.0, F1@0.50: 45.31
Processing video: 5085344787448740525
Processing video: 5085357672350628540
Processing video: 5086465773912997411
Processing video: 5090916219025116054
Processing video: 5092765202446045704
Processing video: 5097975856769557081
Processing video: 5103182645622502287
Processing video: 5099449889545545450
Processing video: 5134749367588120522
Processing video: 5146258161124252727
Processing video: 5173709444596630576
Processing video: 5172231547180314349
Processing video: 5218949624445806415
Processing video: 5525084584552992937
Processing video: 5366409594815891602
Processing video: 5391892065246550398
total  1173319 subs 9168
Trial 964/1000, Params: dpd_5.0_dpg_10.0_ws_30_mg_4.0_sim_2.0, F1@0.50: 52.19
Processing video: 5085344787448740525
Processing video: 5085357672350628540
Processing video: 5086465773912997411
Processing video: 5090916219025116054
Processing video: 5092765202446045704
Processing video: 5097975856769557081
Processing video: 5103182645622502287
Processing video: 5099449889545545450
Processing video: 5146258161124252727
Processing video: 5134749367588120522
Processing video: 5173709444596630576
Processing video: 5172231547180314349
Processing video: 5218949624445806415
Processing video: 5366409594815891602
Processing video: 5391892065246550398
Processing video: 5525084584552992937
total  1173319 subs 9168
Trial 965/1000, Params: dpd_20.0_dpg_0.5_ws_50_mg_10.0_sim_100.0, F1@0.50: 50.92
Processing video: 5085344787448740525
Processing video: 5085357672350628540
Processing video: 5086465773912997411
Processing video: 5090916219025116054
Processing video: 5092765202446045704
Processing video: 5097975856769557081
Processing video: 5103182645622502287
Processing video: 5099449889545545450
Processing video: 5134749367588120522
Processing video: 5146258161124252727
Processing video: 5172231547180314349
Processing video: 5173709444596630576
Processing video: 5218949624445806415
Processing video: 5366409594815891602
Processing video: 5391892065246550398
Processing video: 5525084584552992937
total  1173319 subs 9168
Trial 966/1000, Params: dpd_0.8_dpg_10.0_ws_20_mg_4.0_sim_100.0, F1@0.50: 44.75
Processing video: 5085344787448740525
Processing video: 5085357672350628540
Processing video: 5090916219025116054
Processing video: 5086465773912997411
Processing video: 5092765202446045704
Processing video: 5097975856769557081
Processing video: 5103182645622502287
Processing video: 5099449889545545450
Processing video: 5134749367588120522
Processing video: 5172231547180314349
Processing video: 5146258161124252727
Processing video: 5173709444596630576
Processing video: 5391892065246550398
Processing video: 5218949624445806415
Processing video: 5366409594815891602
Processing video: 5525084584552992937
total  1173319 subs 9168
Trial 967/1000, Params: dpd_0.1_dpg_0.0_ws_30_mg_6.0_sim_50.0, F1@0.50: 42.34
Processing video: 5085344787448740525
Processing video: 5085357672350628540
Processing video: 5086465773912997411
Processing video: 5090916219025116054
Processing video: 5092765202446045704
Processing video: 5097975856769557081
Processing video: 5099449889545545450
Processing video: 5134749367588120522
Processing video: 5103182645622502287
Processing video: 5146258161124252727
Processing video: 5172231547180314349
Processing video: 5173709444596630576
Processing video: 5218949624445806415
Processing video: 5366409594815891602
Processing video: 5391892065246550398
Processing video: 5525084584552992937
total  1173319 subs 9168
Trial 968/1000, Params: dpd_10.0_dpg_2.0_ws_30_mg_6.0_sim_5.0, F1@0.50: 49.07
Processing video: 5085344787448740525
Processing video: 5085357672350628540
Processing video: 5086465773912997411
Processing video: 5090916219025116054
Processing video: 5092765202446045704
Processing video: 5097975856769557081
Processing video: 5103182645622502287
Processing video: 5099449889545545450
Processing video: 5134749367588120522
Processing video: 5146258161124252727
Processing video: 5173709444596630576
Processing video: 5218949624445806415
Processing video: 5172231547180314349
Processing video: 5366409594815891602
Processing video: 5391892065246550398
Processing video: 5525084584552992937
total  1173319 subs 9168
Trial 969/1000, Params: dpd_0.0_dpg_10.0_ws_40_mg_4.0_sim_30.0, F1@0.50: 47.09
Processing video: 5085344787448740525
Processing video: 5085357672350628540
Processing video: 5090916219025116054
Processing video: 5086465773912997411
Processing video: 5092765202446045704
Processing video: 5097975856769557081
Processing video: 5099449889545545450
Processing video: 5134749367588120522
Processing video: 5103182645622502287
Processing video: 5146258161124252727
Processing video: 5172231547180314349
Processing video: 5173709444596630576
Processing video: 5218949624445806415
Processing video: 5391892065246550398
Processing video: 5366409594815891602
Processing video: 5525084584552992937
total  1173319 subs 9168
Trial 970/1000, Params: dpd_0.0_dpg_1.0_ws_30_mg_6.0_sim_20.0, F1@0.50: 49.88
Processing video: 5085344787448740525
Processing video: 5085357672350628540
Processing video: 5086465773912997411
Processing video: 5090916219025116054
Processing video: 5092765202446045704
Processing video: 5097975856769557081
Processing video: 5134749367588120522
Processing video: 5099449889545545450
Processing video: 5103182645622502287
Processing video: 5146258161124252727
Processing video: 5172231547180314349
Processing video: 5173709444596630576
Processing video: 5218949624445806415
Processing video: 5366409594815891602
Processing video: 5391892065246550398
Processing video: 5525084584552992937
total  1173319 subs 9168
Trial 971/1000, Params: dpd_0.0_dpg_20.0_ws_40_mg_4.0_sim_1.0, F1@0.50: 45.05
Processing video: 5085344787448740525
Processing video: 5085357672350628540
Processing video: 5086465773912997411
Processing video: 5090916219025116054
Processing video: 5092765202446045704
Processing video: 5097975856769557081
Processing video: 5099449889545545450
Processing video: 5103182645622502287
Processing video: 5146258161124252727
Processing video: 5134749367588120522
Processing video: 5172231547180314349
Processing video: 5173709444596630576Processing video: 5366409594815891602

Processing video: 5218949624445806415
Processing video: 5391892065246550398
Processing video: 5525084584552992937
total  1173319 subs 9168
Trial 972/1000, Params: dpd_5.0_dpg_0.0_ws_30_mg_8.0_sim_10.0, F1@0.50: 51.76
Processing video: 5085344787448740525
Processing video: 5085357672350628540
Processing video: 5090916219025116054
Processing video: 5086465773912997411
Processing video: 5092765202446045704
Processing video: 5097975856769557081
Processing video: 5134749367588120522
Processing video: 5099449889545545450
Processing video: 5103182645622502287
Processing video: 5173709444596630576
Processing video: 5146258161124252727
Processing video: 5172231547180314349
Processing video: 5391892065246550398
Processing video: 5218949624445806415
Processing video: 5366409594815891602
Processing video: 5525084584552992937
total  1173319 subs 9168
Trial 973/1000, Params: dpd_0.0_dpg_10.0_ws_50_mg_2.0_sim_30.0, F1@0.50: 47.04
Processing video: 5085344787448740525
Processing video: 5085357672350628540
Processing video: 5086465773912997411
Processing video: 5090916219025116054
Processing video: 5092765202446045704
Processing video: 5097975856769557081
Processing video: 5099449889545545450
Processing video: 5103182645622502287
Processing video: 5134749367588120522
Processing video: 5146258161124252727
Processing video: 5173709444596630576
Processing video: 5172231547180314349
Processing video: 5218949624445806415
Processing video: 5366409594815891602
Processing video: 5391892065246550398
Processing video: 5525084584552992937
total  1173319 subs 9168
Trial 974/1000, Params: dpd_100.0_dpg_100.0_ws_50_mg_8.0_sim_50.0, F1@0.50: 44.25
Processing video: 5085344787448740525
Processing video: 5085357672350628540
Processing video: 5090916219025116054
Processing video: 5086465773912997411
Processing video: 5092765202446045704
Processing video: 5097975856769557081
Processing video: 5099449889545545450
Processing video: 5103182645622502287
Processing video: 5146258161124252727
Processing video: 5134749367588120522
Processing video: 5172231547180314349
Processing video: 5366409594815891602
Processing video: 5173709444596630576
Processing video: 5218949624445806415
Processing video: 5391892065246550398
Processing video: 5525084584552992937
total  1173319 subs 9168
Trial 975/1000, Params: dpd_1.0_dpg_1.0_ws_50_mg_8.0_sim_2.0, F1@0.50: 51.34
Processing video: 5085344787448740525
Processing video: 5085357672350628540
Processing video: 5090916219025116054
Processing video: 5086465773912997411
Processing video: 5092765202446045704
Processing video: 5097975856769557081
Processing video: 5103182645622502287
Processing video: 5099449889545545450
Processing video: 5134749367588120522
Processing video: 5146258161124252727
Processing video: 5172231547180314349
Processing video: 5173709444596630576
Processing video: 5366409594815891602
Processing video: 5218949624445806415
Processing video: 5391892065246550398
Processing video: 5525084584552992937
total  1173319 subs 9168
Trial 976/1000, Params: dpd_0.0_dpg_10.0_ws_20_mg_4.0_sim_0.5, F1@0.50: 47.07
Processing video: 5085344787448740525
Processing video: 5085357672350628540
Processing video: 5086465773912997411
Processing video: 5090916219025116054
Processing video: 5092765202446045704
Processing video: 5097975856769557081
Processing video: 5103182645622502287
Processing video: 5099449889545545450
Processing video: 5134749367588120522
Processing video: 5172231547180314349
Processing video: 5146258161124252727
Processing video: 5173709444596630576
Processing video: 5218949624445806415
Processing video: 5366409594815891602
Processing video: 5391892065246550398
Processing video: 5525084584552992937
total  1173319 subs 9168
Trial 977/1000, Params: dpd_0.1_dpg_5.0_ws_30_mg_8.0_sim_0.5, F1@0.50: 49.4
Processing video: 5085344787448740525
Processing video: 5085357672350628540
Processing video: 5086465773912997411
Processing video: 5090916219025116054
Processing video: 5092765202446045704
Processing video: 5097975856769557081
Processing video: 5099449889545545450
Processing video: 5134749367588120522
Processing video: 5103182645622502287
Processing video: 5146258161124252727
Processing video: 5218949624445806415
Processing video: 5172231547180314349
Processing video: 5173709444596630576
Processing video: 5366409594815891602Processing video: 5525084584552992937

Processing video: 5391892065246550398
total  1173319 subs 9168
Trial 978/1000, Params: dpd_1.0_dpg_2.0_ws_50_mg_10.0_sim_1.0, F1@0.50: 51.36
Processing video: 5085357672350628540
Processing video: 5085344787448740525
Processing video: 5086465773912997411
Processing video: 5090916219025116054
Processing video: 5092765202446045704
Processing video: 5097975856769557081
Processing video: 5099449889545545450
Processing video: 5134749367588120522
Processing video: 5103182645622502287
Processing video: 5146258161124252727
Processing video: 5172231547180314349
Processing video: 5173709444596630576
Processing video: 5218949624445806415
Processing video: 5366409594815891602
Processing video: 5391892065246550398Processing video: 5525084584552992937

total  1173319 subs 9168
Trial 979/1000, Params: dpd_2.0_dpg_10.0_ws_30_mg_8.0_sim_0.5, F1@0.50: 51.2
Processing video: 5085344787448740525
Processing video: 5085357672350628540
Processing video: 5086465773912997411
Processing video: 5090916219025116054
Processing video: 5092765202446045704
Processing video: 5097975856769557081
Processing video: 5099449889545545450
Processing video: 5103182645622502287
Processing video: 5146258161124252727
Processing video: 5134749367588120522
Processing video: 5172231547180314349
Processing video: 5173709444596630576
Processing video: 5218949624445806415
Processing video: 5366409594815891602
Processing video: 5391892065246550398
Processing video: 5525084584552992937
total  1173319 subs 9168
Trial 980/1000, Params: dpd_0.8_dpg_100.0_ws_20_mg_2.0_sim_30.0, F1@0.50: 43.8
Processing video: 5085344787448740525
Processing video: 5086465773912997411
Processing video: 5085357672350628540
Processing video: 5090916219025116054
Processing video: 5092765202446045704
Processing video: 5097975856769557081
Processing video: 5099449889545545450
Processing video: 5103182645622502287
Processing video: 5134749367588120522
Processing video: 5146258161124252727
Processing video: 5172231547180314349
Processing video: 5173709444596630576
Processing video: 5218949624445806415
Processing video: 5366409594815891602
Processing video: 5391892065246550398
Processing video: 5525084584552992937
total  1173319 subs 9168
Trial 981/1000, Params: dpd_20.0_dpg_1.0_ws_50_mg_6.0_sim_1.0, F1@0.50: 44.3
Processing video: 5085344787448740525
Processing video: 5085357672350628540
Processing video: 5086465773912997411
Processing video: 5090916219025116054
Processing video: 5092765202446045704
Processing video: 5097975856769557081
Processing video: 5103182645622502287
Processing video: 5099449889545545450
Processing video: 5134749367588120522
Processing video: 5146258161124252727
Processing video: 5173709444596630576
Processing video: 5172231547180314349
Processing video: 5218949624445806415
Processing video: 5525084584552992937
Processing video: 5366409594815891602
Processing video: 5391892065246550398
total  1173319 subs 9168
Trial 982/1000, Params: dpd_0.1_dpg_20.0_ws_30_mg_6.0_sim_100.0, F1@0.50: 40.94
Processing video: 5085344787448740525
Processing video: 5085357672350628540
Processing video: 5086465773912997411
Processing video: 5090916219025116054
Processing video: 5092765202446045704
Processing video: 5097975856769557081
Processing video: 5103182645622502287
Processing video: 5099449889545545450
Processing video: 5134749367588120522
Processing video: 5172231547180314349
Processing video: 5146258161124252727
Processing video: 5173709444596630576
Processing video: 5366409594815891602
Processing video: 5391892065246550398
Processing video: 5218949624445806415
Processing video: 5525084584552992937
total  1173319 subs 9168
Trial 983/1000, Params: dpd_10.0_dpg_100.0_ws_30_mg_2.0_sim_30.0, F1@0.50: 49.8
Processing video: 5085344787448740525
Processing video: 5085357672350628540
Processing video: 5086465773912997411
Processing video: 5090916219025116054
Processing video: 5092765202446045704
Processing video: 5097975856769557081
Processing video: 5099449889545545450
Processing video: 5134749367588120522
Processing video: 5103182645622502287
Processing video: 5146258161124252727
Processing video: 5172231547180314349
Processing video: 5173709444596630576
Processing video: 5218949624445806415
Processing video: 5366409594815891602
Processing video: 5525084584552992937
Processing video: 5391892065246550398
total  1173319 subs 9168
Trial 984/1000, Params: dpd_100.0_dpg_20.0_ws_50_mg_8.0_sim_5.0, F1@0.50: 33.51
Processing video: 5085344787448740525
Processing video: 5085357672350628540
Processing video: 5086465773912997411
Processing video: 5090916219025116054
Processing video: 5092765202446045704
Processing video: 5097975856769557081
Processing video: 5103182645622502287
Processing video: 5099449889545545450
Processing video: 5134749367588120522
Processing video: 5146258161124252727
Processing video: 5172231547180314349
Processing video: 5173709444596630576
Processing video: 5218949624445806415
Processing video: 5366409594815891602
Processing video: 5525084584552992937
Processing video: 5391892065246550398
total  1173319 subs 9168
Trial 985/1000, Params: dpd_0.8_dpg_2.0_ws_40_mg_4.0_sim_0.0, F1@0.50: 50.64
Processing video: 5085344787448740525
Processing video: 5085357672350628540
Processing video: 5086465773912997411
Processing video: 5090916219025116054
Processing video: 5092765202446045704
Processing video: 5097975856769557081Processing video: 5103182645622502287

Processing video: 5099449889545545450
Processing video: 5134749367588120522
Processing video: 5173709444596630576
Processing video: 5146258161124252727
Processing video: 5172231547180314349
Processing video: 5218949624445806415
Processing video: 5366409594815891602
Processing video: 5391892065246550398
Processing video: 5525084584552992937
total  1173319 subs 9168
Trial 986/1000, Params: dpd_2.0_dpg_2.0_ws_50_mg_4.0_sim_100.0, F1@0.50: 41.89
Processing video: 5085344787448740525
Processing video: 5085357672350628540
Processing video: 5086465773912997411
Processing video: 5090916219025116054
Processing video: 5092765202446045704
Processing video: 5097975856769557081
Processing video: 5099449889545545450
Processing video: 5103182645622502287
Processing video: 5134749367588120522
Processing video: 5172231547180314349
Processing video: 5146258161124252727
Processing video: 5366409594815891602
Processing video: 5173709444596630576
Processing video: 5218949624445806415
Processing video: 5391892065246550398
Processing video: 5525084584552992937
total  1173319 subs 9168
Trial 987/1000, Params: dpd_0.0_dpg_20.0_ws_40_mg_2.0_sim_0.5, F1@0.50: 44.83
Processing video: 5085344787448740525
Processing video: 5085357672350628540
Processing video: 5090916219025116054
Processing video: 5086465773912997411
Processing video: 5092765202446045704
Processing video: 5097975856769557081
Processing video: 5099449889545545450
Processing video: 5134749367588120522
Processing video: 5103182645622502287
Processing video: 5146258161124252727
Processing video: 5218949624445806415
Processing video: 5172231547180314349
Processing video: 5173709444596630576
Processing video: 5366409594815891602
Processing video: 5391892065246550398
Processing video: 5525084584552992937
total  1173319 subs 9168
Trial 988/1000, Params: dpd_10.0_dpg_0.5_ws_20_mg_10.0_sim_2.0, F1@0.50: 45.93
Processing video: 5085344787448740525
Processing video: 5085357672350628540
Processing video: 5086465773912997411
Processing video: 5090916219025116054
Processing video: 5092765202446045704
Processing video: 5097975856769557081
Processing video: 5103182645622502287
Processing video: 5099449889545545450
Processing video: 5134749367588120522
Processing video: 5146258161124252727
Processing video: 5173709444596630576
Processing video: 5172231547180314349
Processing video: 5391892065246550398Processing video: 5218949624445806415

Processing video: 5366409594815891602
Processing video: 5525084584552992937
total  1173319 subs 9168
Trial 989/1000, Params: dpd_1.0_dpg_100.0_ws_20_mg_6.0_sim_0.5, F1@0.50: 34.06
Processing video: 5085344787448740525
Processing video: 5085357672350628540
Processing video: 5090916219025116054
Processing video: 5086465773912997411
Processing video: 5092765202446045704
Processing video: 5097975856769557081
Processing video: 5099449889545545450
Processing video: 5103182645622502287
Processing video: 5134749367588120522
Processing video: 5146258161124252727
Processing video: 5173709444596630576
Processing video: 5172231547180314349
Processing video: 5218949624445806415
Processing video: 5391892065246550398
Processing video: 5366409594815891602
Processing video: 5525084584552992937
total  1173319 subs 9168
Trial 990/1000, Params: dpd_0.5_dpg_5.0_ws_40_mg_4.0_sim_2.0, F1@0.50: 50.9
Processing video: 5085344787448740525
Processing video: 5085357672350628540
Processing video: 5090916219025116054
Processing video: 5086465773912997411
Processing video: 5092765202446045704
Processing video: 5097975856769557081
Processing video: 5099449889545545450
Processing video: 5103182645622502287
Processing video: 5146258161124252727
Processing video: 5134749367588120522
Processing video: 5172231547180314349
Processing video: 5173709444596630576
Processing video: 5218949624445806415
Processing video: 5391892065246550398
Processing video: 5366409594815891602
Processing video: 5525084584552992937
total  1173319 subs 9168
Trial 991/1000, Params: dpd_0.8_dpg_0.0_ws_50_mg_6.0_sim_5.0, F1@0.50: 51.21
Processing video: 5085344787448740525
Processing video: 5085357672350628540
Processing video: 5086465773912997411
Processing video: 5090916219025116054
Processing video: 5092765202446045704
Processing video: 5097975856769557081
Processing video: 5099449889545545450
Processing video: 5134749367588120522
Processing video: 5103182645622502287
Processing video: 5146258161124252727
Processing video: 5172231547180314349
Processing video: 5173709444596630576
Processing video: 5391892065246550398
Processing video: 5218949624445806415
Processing video: 5366409594815891602
Processing video: 5525084584552992937
total  1173319 subs 9168
Trial 992/1000, Params: dpd_2.0_dpg_0.1_ws_40_mg_4.0_sim_100.0, F1@0.50: 41.44
Processing video: 5085344787448740525
Processing video: 5085357672350628540
Processing video: 5086465773912997411
Processing video: 5090916219025116054
Processing video: 5092765202446045704
Processing video: 5097975856769557081
Processing video: 5099449889545545450
Processing video: 5146258161124252727
Processing video: 5103182645622502287
Processing video: 5134749367588120522
Processing video: 5172231547180314349
Processing video: 5366409594815891602
Processing video: 5173709444596630576
Processing video: 5218949624445806415
Processing video: 5391892065246550398
Processing video: 5525084584552992937
total  1173319 subs 9168
Trial 993/1000, Params: dpd_100.0_dpg_2.0_ws_30_mg_6.0_sim_10.0, F1@0.50: 35.51
Processing video: 5085344787448740525
Processing video: 5086465773912997411
Processing video: 5085357672350628540
Processing video: 5090916219025116054
Processing video: 5092765202446045704
Processing video: 5097975856769557081
Processing video: 5103182645622502287
Processing video: 5099449889545545450
Processing video: 5146258161124252727
Processing video: 5134749367588120522
Processing video: 5172231547180314349
Processing video: 5218949624445806415
Processing video: 5173709444596630576
Processing video: 5366409594815891602
Processing video: 5391892065246550398
Processing video: 5525084584552992937
total  1173319 subs 9168
Trial 994/1000, Params: dpd_0.8_dpg_0.0_ws_30_mg_8.0_sim_50.0, F1@0.50: 46.18
Processing video: 5085357672350628540
Processing video: 5085344787448740525
Processing video: 5086465773912997411
Processing video: 5090916219025116054
Processing video: 5092765202446045704
Processing video: 5097975856769557081
Processing video: 5099449889545545450Processing video: 5134749367588120522

Processing video: 5103182645622502287
Processing video: 5172231547180314349
Processing video: 5146258161124252727
Processing video: 5173709444596630576
Processing video: 5391892065246550398
Processing video: 5218949624445806415
Processing video: 5366409594815891602
Processing video: 5525084584552992937
total  1173319 subs 9168
Trial 995/1000, Params: dpd_20.0_dpg_0.0_ws_40_mg_2.0_sim_50.0, F1@0.50: 50.15
Processing video: 5085344787448740525
Processing video: 5085357672350628540
Processing video: 5090916219025116054
Processing video: 5086465773912997411
Processing video: 5092765202446045704
Processing video: 5097975856769557081
Processing video: 5099449889545545450
Processing video: 5103182645622502287
Processing video: 5134749367588120522
Processing video: 5146258161124252727Processing video: 5173709444596630576

Processing video: 5172231547180314349
Processing video: 5218949624445806415
Processing video: 5366409594815891602
Processing video: 5391892065246550398
Processing video: 5525084584552992937
total  1173319 subs 9168
Trial 996/1000, Params: dpd_0.8_dpg_0.0_ws_20_mg_2.0_sim_2.0, F1@0.50: 49.47
Processing video: 5085344787448740525
Processing video: 5085357672350628540
Processing video: 5090916219025116054
Processing video: 5086465773912997411
Processing video: 5092765202446045704
Processing video: 5097975856769557081
Processing video: 5099449889545545450
Processing video: 5134749367588120522
Processing video: 5103182645622502287
Processing video: 5146258161124252727
Processing video: 5172231547180314349
Processing video: 5173709444596630576
Processing video: 5218949624445806415
Processing video: 5366409594815891602
Processing video: 5391892065246550398
Processing video: 5525084584552992937
total  1173319 subs 9168
Trial 997/1000, Params: dpd_1.0_dpg_0.0_ws_40_mg_6.0_sim_0.0, F1@0.50: 49.82
Processing video: 5085344787448740525
Processing video: 5085357672350628540
Processing video: 5086465773912997411
Processing video: 5090916219025116054
Processing video: 5092765202446045704
Processing video: 5097975856769557081
Processing video: 5103182645622502287
Processing video: 5099449889545545450
Processing video: 5134749367588120522
Processing video: 5173709444596630576
Processing video: 5146258161124252727
Processing video: 5172231547180314349
Processing video: 5218949624445806415
Processing video: 5366409594815891602
Processing video: 5391892065246550398
Processing video: 5525084584552992937
total  1173319 subs 9168
Trial 998/1000, Params: dpd_0.8_dpg_0.0_ws_50_mg_10.0_sim_50.0, F1@0.50: 44.02
Processing video: 5085344787448740525
Processing video: 5085357672350628540
Processing video: 5086465773912997411
Processing video: 5090916219025116054
Processing video: 5092765202446045704
Processing video: 5097975856769557081
Processing video: 5103182645622502287
Processing video: 5099449889545545450
Processing video: 5134749367588120522
Processing video: 5172231547180314349
Processing video: 5146258161124252727
Processing video: 5173709444596630576
Processing video: 5391892065246550398
Processing video: 5218949624445806415
Processing video: 5366409594815891602
Processing video: 5525084584552992937
total  1173319 subs 9168
Trial 999/1000, Params: dpd_1.0_dpg_100.0_ws_30_mg_4.0_sim_30.0, F1@0.50: 42.11
Processing video: 5085344787448740525
Processing video: 5085357672350628540
Processing video: 5086465773912997411
Processing video: 5090916219025116054
Processing video: 5092765202446045704
Processing video: 5097975856769557081
Processing video: 5099449889545545450
Processing video: 5134749367588120522
Processing video: 5103182645622502287
Processing video: 5173709444596630576Processing video: 5146258161124252727

Processing video: 5172231547180314349
Processing video: 5391892065246550398
Processing video: 5218949624445806415
Processing video: 5366409594815891602
Processing video: 5525084584552992937
total  1173319 subs 9168
Trial 1000/1000, Params: dpd_2.0_dpg_0.0_ws_40_mg_2.0_sim_5.0, F1@0.50: 51.79
----- All Trials -----
dpd_20.0_dpg_20.0_ws_30_mg_4.0_sim_100.0 => F1@0.50: 53.55
dpd_0.1_dpg_20.0_ws_30_mg_6.0_sim_100.0 => F1@0.50: 40.94
dpd_0.8_dpg_0.5_ws_50_mg_4.0_sim_100.0 => F1@0.50: 36.34
dpd_2.0_dpg_1.0_ws_50_mg_6.0_sim_100.0 => F1@0.50: 40.99
dpd_1.0_dpg_10.0_ws_40_mg_6.0_sim_2.0 => F1@0.50: 51.22
dpd_2.0_dpg_0.8_ws_20_mg_4.0_sim_30.0 => F1@0.50: 52.32
dpd_20.0_dpg_0.8_ws_20_mg_4.0_sim_10.0 => F1@0.50: 46.32
dpd_100.0_dpg_0.0_ws_20_mg_2.0_sim_0.0 => F1@0.50: 29.24
dpd_0.5_dpg_20.0_ws_50_mg_2.0_sim_50.0 => F1@0.50: 45.21
dpd_20.0_dpg_1.0_ws_50_mg_4.0_sim_2.0 => F1@0.50: 44.71
dpd_0.8_dpg_20.0_ws_40_mg_8.0_sim_1.0 => F1@0.50: 48.86
dpd_10.0_dpg_20.0_ws_40_mg_10.0_sim_0.0 => F1@0.50: 50.42
dpd_0.0_dpg_20.0_ws_50_mg_2.0_sim_0.5 => F1@0.50: 44.81
dpd_1.0_dpg_100.0_ws_50_mg_10.0_sim_0.0 => F1@0.50: 35.23
dpd_100.0_dpg_0.8_ws_30_mg_6.0_sim_0.0 => F1@0.50: 30.94
dpd_2.0_dpg_1.0_ws_20_mg_8.0_sim_50.0 => F1@0.50: 50.89
dpd_1.0_dpg_20.0_ws_50_mg_6.0_sim_1.0 => F1@0.50: 49.11
dpd_2.0_dpg_100.0_ws_30_mg_4.0_sim_1.0 => F1@0.50: 38.32
dpd_5.0_dpg_1.0_ws_20_mg_6.0_sim_20.0 => F1@0.50: 51.32
dpd_0.5_dpg_1.0_ws_50_mg_4.0_sim_1.0 => F1@0.50: 50.79
dpd_20.0_dpg_20.0_ws_20_mg_8.0_sim_0.0 => F1@0.50: 42.81
dpd_1.0_dpg_10.0_ws_30_mg_8.0_sim_30.0 => F1@0.50: 52.72
dpd_0.8_dpg_20.0_ws_50_mg_10.0_sim_100.0 => F1@0.50: 40.05
dpd_0.8_dpg_0.8_ws_40_mg_6.0_sim_100.0 => F1@0.50: 38.09
dpd_1.0_dpg_5.0_ws_40_mg_4.0_sim_1.0 => F1@0.50: 51.14
dpd_100.0_dpg_100.0_ws_50_mg_8.0_sim_50.0 => F1@0.50: 44.25
dpd_10.0_dpg_0.0_ws_50_mg_8.0_sim_30.0 => F1@0.50: 51.81
dpd_10.0_dpg_0.8_ws_20_mg_2.0_sim_30.0 => F1@0.50: 51.18
dpd_1.0_dpg_0.0_ws_50_mg_4.0_sim_50.0 => F1@0.50: 45.92
dpd_0.0_dpg_2.0_ws_50_mg_6.0_sim_0.5 => F1@0.50: 50.11
dpd_100.0_dpg_0.1_ws_50_mg_4.0_sim_5.0 => F1@0.50: 32.37
dpd_0.0_dpg_0.8_ws_40_mg_6.0_sim_0.0 => F1@0.50: 50.28
dpd_2.0_dpg_5.0_ws_20_mg_10.0_sim_100.0 => F1@0.50: 46.33
dpd_0.8_dpg_0.8_ws_50_mg_8.0_sim_5.0 => F1@0.50: 51.71
dpd_0.5_dpg_0.8_ws_50_mg_2.0_sim_1.0 => F1@0.50: 50.62
dpd_5.0_dpg_10.0_ws_50_mg_8.0_sim_100.0 => F1@0.50: 49.51
dpd_0.1_dpg_2.0_ws_40_mg_8.0_sim_10.0 => F1@0.50: 52.25
dpd_0.0_dpg_1.0_ws_30_mg_8.0_sim_30.0 => F1@0.50: 47.22
dpd_1.0_dpg_20.0_ws_50_mg_10.0_sim_1.0 => F1@0.50: 49.1
dpd_20.0_dpg_20.0_ws_50_mg_8.0_sim_20.0 => F1@0.50: 51.38
dpd_100.0_dpg_0.8_ws_50_mg_4.0_sim_1.0 => F1@0.50: 31.36
dpd_0.8_dpg_5.0_ws_30_mg_6.0_sim_0.0 => F1@0.50: 50.13
dpd_1.0_dpg_0.5_ws_20_mg_8.0_sim_1.0 => F1@0.50: 49.05
dpd_10.0_dpg_10.0_ws_20_mg_8.0_sim_50.0 => F1@0.50: 53.06
dpd_2.0_dpg_100.0_ws_40_mg_4.0_sim_20.0 => F1@0.50: 42.46
dpd_100.0_dpg_0.8_ws_30_mg_2.0_sim_0.5 => F1@0.50: 31.73
dpd_0.5_dpg_20.0_ws_50_mg_6.0_sim_50.0 => F1@0.50: 45.17
dpd_1.0_dpg_1.0_ws_50_mg_2.0_sim_0.5 => F1@0.50: 50.77
dpd_2.0_dpg_0.8_ws_40_mg_2.0_sim_100.0 => F1@0.50: 42.23
dpd_1.0_dpg_1.0_ws_40_mg_2.0_sim_30.0 => F1@0.50: 52.35
dpd_5.0_dpg_0.1_ws_30_mg_6.0_sim_20.0 => F1@0.50: 52.55
dpd_0.0_dpg_10.0_ws_20_mg_8.0_sim_10.0 => F1@0.50: 49.45
dpd_0.8_dpg_0.5_ws_50_mg_8.0_sim_0.5 => F1@0.50: 50.41
dpd_0.8_dpg_10.0_ws_40_mg_10.0_sim_100.0 => F1@0.50: 40.65
dpd_10.0_dpg_0.5_ws_50_mg_8.0_sim_20.0 => F1@0.50: 51.38
dpd_2.0_dpg_0.5_ws_30_mg_6.0_sim_10.0 => F1@0.50: 52.58
dpd_0.8_dpg_0.1_ws_50_mg_4.0_sim_0.0 => F1@0.50: 50.02
dpd_10.0_dpg_0.0_ws_20_mg_6.0_sim_5.0 => F1@0.50: 47.47
dpd_20.0_dpg_0.1_ws_20_mg_8.0_sim_100.0 => F1@0.50: 50.63
dpd_0.1_dpg_0.5_ws_40_mg_2.0_sim_2.0 => F1@0.50: 50.66
dpd_0.1_dpg_0.8_ws_50_mg_4.0_sim_0.5 => F1@0.50: 50.57
dpd_10.0_dpg_0.5_ws_50_mg_10.0_sim_50.0 => F1@0.50: 53.09
dpd_0.0_dpg_0.5_ws_50_mg_10.0_sim_2.0 => F1@0.50: 50.7
dpd_0.0_dpg_0.5_ws_30_mg_2.0_sim_2.0 => F1@0.50: 50.45
dpd_0.5_dpg_5.0_ws_30_mg_6.0_sim_5.0 => F1@0.50: 51.32
dpd_2.0_dpg_0.5_ws_50_mg_8.0_sim_100.0 => F1@0.50: 40.41
dpd_0.1_dpg_1.0_ws_50_mg_4.0_sim_30.0 => F1@0.50: 46.48
dpd_0.0_dpg_20.0_ws_50_mg_4.0_sim_30.0 => F1@0.50: 46.06
dpd_5.0_dpg_1.0_ws_20_mg_10.0_sim_100.0 => F1@0.50: 49.27
dpd_2.0_dpg_100.0_ws_40_mg_10.0_sim_100.0 => F1@0.50: 41.93
dpd_10.0_dpg_0.8_ws_20_mg_8.0_sim_100.0 => F1@0.50: 50.83
dpd_0.0_dpg_0.5_ws_40_mg_8.0_sim_50.0 => F1@0.50: 40.37
dpd_0.8_dpg_0.1_ws_50_mg_4.0_sim_20.0 => F1@0.50: 53.3
dpd_100.0_dpg_100.0_ws_30_mg_8.0_sim_50.0 => F1@0.50: 46.77
dpd_20.0_dpg_20.0_ws_30_mg_8.0_sim_0.0 => F1@0.50: 45.56
dpd_20.0_dpg_100.0_ws_40_mg_2.0_sim_5.0 => F1@0.50: 45.79
dpd_100.0_dpg_0.8_ws_30_mg_4.0_sim_1.0 => F1@0.50: 32.05
dpd_2.0_dpg_0.5_ws_40_mg_2.0_sim_5.0 => F1@0.50: 52.22
dpd_10.0_dpg_2.0_ws_40_mg_10.0_sim_2.0 => F1@0.50: 48.33
dpd_2.0_dpg_2.0_ws_50_mg_8.0_sim_20.0 => F1@0.50: 55.32
dpd_2.0_dpg_1.0_ws_50_mg_10.0_sim_30.0 => F1@0.50: 54.2
dpd_100.0_dpg_0.1_ws_50_mg_6.0_sim_0.0 => F1@0.50: 31.07
dpd_0.0_dpg_10.0_ws_50_mg_10.0_sim_30.0 => F1@0.50: 46.98
dpd_1.0_dpg_10.0_ws_20_mg_10.0_sim_10.0 => F1@0.50: 51.37
dpd_20.0_dpg_1.0_ws_30_mg_8.0_sim_30.0 => F1@0.50: 48.33
dpd_10.0_dpg_100.0_ws_50_mg_6.0_sim_30.0 => F1@0.50: 49.37
dpd_20.0_dpg_0.0_ws_40_mg_10.0_sim_2.0 => F1@0.50: 44.64
dpd_10.0_dpg_1.0_ws_50_mg_6.0_sim_5.0 => F1@0.50: 49.11
dpd_5.0_dpg_1.0_ws_50_mg_2.0_sim_0.5 => F1@0.50: 50.15
dpd_10.0_dpg_1.0_ws_50_mg_10.0_sim_0.5 => F1@0.50: 47.67
dpd_5.0_dpg_0.0_ws_40_mg_8.0_sim_100.0 => F1@0.50: 47.25
dpd_1.0_dpg_5.0_ws_30_mg_10.0_sim_0.0 => F1@0.50: 50.27
dpd_2.0_dpg_5.0_ws_30_mg_10.0_sim_30.0 => F1@0.50: 54.18
dpd_2.0_dpg_100.0_ws_50_mg_4.0_sim_2.0 => F1@0.50: 38.54
dpd_20.0_dpg_0.0_ws_50_mg_6.0_sim_5.0 => F1@0.50: 45.56
dpd_0.5_dpg_100.0_ws_20_mg_6.0_sim_100.0 => F1@0.50: 43.47
dpd_5.0_dpg_0.8_ws_20_mg_2.0_sim_20.0 => F1@0.50: 51.64
dpd_10.0_dpg_100.0_ws_40_mg_2.0_sim_30.0 => F1@0.50: 49.68
dpd_0.1_dpg_0.5_ws_20_mg_10.0_sim_50.0 => F1@0.50: 43.35
dpd_0.8_dpg_0.8_ws_40_mg_2.0_sim_30.0 => F1@0.50: 51.43
dpd_1.0_dpg_0.5_ws_40_mg_10.0_sim_100.0 => F1@0.50: 38.26
dpd_0.5_dpg_0.8_ws_40_mg_8.0_sim_0.0 => F1@0.50: 50.22
dpd_20.0_dpg_0.5_ws_20_mg_2.0_sim_30.0 => F1@0.50: 48.89
dpd_10.0_dpg_0.1_ws_30_mg_2.0_sim_100.0 => F1@0.50: 51.48
dpd_2.0_dpg_0.0_ws_40_mg_10.0_sim_30.0 => F1@0.50: 53.31
dpd_5.0_dpg_5.0_ws_20_mg_8.0_sim_0.5 => F1@0.50: 48.68
dpd_2.0_dpg_1.0_ws_30_mg_8.0_sim_0.5 => F1@0.50: 50.79
dpd_20.0_dpg_100.0_ws_20_mg_10.0_sim_30.0 => F1@0.50: 49.67
dpd_5.0_dpg_10.0_ws_50_mg_10.0_sim_20.0 => F1@0.50: 55.46
dpd_100.0_dpg_0.5_ws_20_mg_10.0_sim_30.0 => F1@0.50: 41.6
dpd_10.0_dpg_100.0_ws_40_mg_2.0_sim_0.5 => F1@0.50: 44.61
dpd_100.0_dpg_10.0_ws_20_mg_8.0_sim_100.0 => F1@0.50: 44.99
dpd_1.0_dpg_5.0_ws_20_mg_6.0_sim_2.0 => F1@0.50: 49.89
dpd_0.1_dpg_2.0_ws_40_mg_8.0_sim_30.0 => F1@0.50: 47.62
dpd_0.0_dpg_0.8_ws_20_mg_8.0_sim_1.0 => F1@0.50: 48.84
dpd_1.0_dpg_0.5_ws_50_mg_4.0_sim_2.0 => F1@0.50: 51.17
dpd_5.0_dpg_1.0_ws_30_mg_4.0_sim_10.0 => F1@0.50: 52.65
dpd_0.0_dpg_100.0_ws_30_mg_8.0_sim_20.0 => F1@0.50: 38.8
dpd_2.0_dpg_100.0_ws_50_mg_4.0_sim_0.5 => F1@0.50: 38.0
dpd_2.0_dpg_0.8_ws_50_mg_2.0_sim_50.0 => F1@0.50: 50.7
dpd_5.0_dpg_2.0_ws_30_mg_2.0_sim_0.0 => F1@0.50: 49.76
dpd_0.8_dpg_1.0_ws_20_mg_2.0_sim_10.0 => F1@0.50: 51.54
dpd_10.0_dpg_20.0_ws_30_mg_6.0_sim_30.0 => F1@0.50: 54.62
dpd_5.0_dpg_2.0_ws_50_mg_8.0_sim_30.0 => F1@0.50: 54.91
dpd_20.0_dpg_1.0_ws_50_mg_10.0_sim_100.0 => F1@0.50: 50.98
dpd_10.0_dpg_2.0_ws_50_mg_4.0_sim_10.0 => F1@0.50: 50.63
dpd_0.0_dpg_0.0_ws_20_mg_6.0_sim_10.0 => F1@0.50: 49.72
dpd_5.0_dpg_20.0_ws_40_mg_4.0_sim_0.0 => F1@0.50: 51.33
dpd_0.1_dpg_2.0_ws_50_mg_10.0_sim_20.0 => F1@0.50: 50.93
dpd_20.0_dpg_0.0_ws_40_mg_10.0_sim_5.0 => F1@0.50: 45.55
dpd_2.0_dpg_0.8_ws_30_mg_6.0_sim_100.0 => F1@0.50: 43.65
dpd_1.0_dpg_100.0_ws_20_mg_10.0_sim_5.0 => F1@0.50: 38.81
dpd_0.0_dpg_10.0_ws_40_mg_6.0_sim_1.0 => F1@0.50: 48.62
dpd_2.0_dpg_0.1_ws_30_mg_8.0_sim_20.0 => F1@0.50: 53.37
dpd_100.0_dpg_5.0_ws_20_mg_10.0_sim_30.0 => F1@0.50: 41.77
dpd_100.0_dpg_5.0_ws_40_mg_2.0_sim_0.0 => F1@0.50: 32.03
dpd_0.1_dpg_0.5_ws_40_mg_8.0_sim_100.0 => F1@0.50: 34.46
dpd_2.0_dpg_20.0_ws_50_mg_2.0_sim_2.0 => F1@0.50: 50.58
dpd_0.0_dpg_10.0_ws_30_mg_4.0_sim_1.0 => F1@0.50: 48.52
dpd_10.0_dpg_0.0_ws_30_mg_4.0_sim_100.0 => F1@0.50: 51.29
dpd_1.0_dpg_10.0_ws_40_mg_10.0_sim_20.0 => F1@0.50: 53.93
dpd_10.0_dpg_0.0_ws_50_mg_2.0_sim_5.0 => F1@0.50: 48.57
dpd_0.1_dpg_2.0_ws_30_mg_6.0_sim_2.0 => F1@0.50: 50.35
dpd_20.0_dpg_20.0_ws_20_mg_4.0_sim_10.0 => F1@0.50: 49.07
dpd_20.0_dpg_0.5_ws_20_mg_10.0_sim_20.0 => F1@0.50: 47.23
dpd_0.0_dpg_0.1_ws_20_mg_2.0_sim_30.0 => F1@0.50: 46.98
dpd_0.0_dpg_0.0_ws_40_mg_4.0_sim_50.0 => F1@0.50: 40.16
dpd_20.0_dpg_0.5_ws_20_mg_8.0_sim_5.0 => F1@0.50: 44.79
dpd_20.0_dpg_1.0_ws_40_mg_6.0_sim_5.0 => F1@0.50: 45.76
dpd_0.5_dpg_2.0_ws_40_mg_6.0_sim_5.0 => F1@0.50: 51.67
dpd_100.0_dpg_0.8_ws_20_mg_8.0_sim_0.5 => F1@0.50: 29.84
dpd_10.0_dpg_1.0_ws_20_mg_10.0_sim_50.0 => F1@0.50: 51.85
dpd_0.8_dpg_10.0_ws_40_mg_10.0_sim_10.0 => F1@0.50: 53.11
dpd_1.0_dpg_1.0_ws_40_mg_6.0_sim_5.0 => F1@0.50: 51.82
dpd_2.0_dpg_0.0_ws_30_mg_4.0_sim_0.5 => F1@0.50: 50.15
dpd_5.0_dpg_2.0_ws_30_mg_8.0_sim_20.0 => F1@0.50: 53.81
dpd_0.8_dpg_0.0_ws_40_mg_8.0_sim_2.0 => F1@0.50: 50.33
dpd_0.1_dpg_10.0_ws_40_mg_8.0_sim_5.0 => F1@0.50: 50.43
dpd_5.0_dpg_10.0_ws_30_mg_8.0_sim_5.0 => F1@0.50: 52.89
dpd_1.0_dpg_0.1_ws_50_mg_10.0_sim_0.5 => F1@0.50: 50.22
dpd_20.0_dpg_0.1_ws_30_mg_2.0_sim_20.0 => F1@0.50: 47.47
dpd_10.0_dpg_0.8_ws_50_mg_4.0_sim_0.5 => F1@0.50: 47.77
dpd_0.0_dpg_100.0_ws_40_mg_8.0_sim_0.0 => F1@0.50: 31.73
dpd_10.0_dpg_1.0_ws_50_mg_10.0_sim_10.0 => F1@0.50: 50.12
dpd_0.1_dpg_20.0_ws_50_mg_2.0_sim_0.0 => F1@0.50: 45.05
dpd_10.0_dpg_5.0_ws_20_mg_10.0_sim_50.0 => F1@0.50: 52.61
dpd_2.0_dpg_0.8_ws_20_mg_2.0_sim_10.0 => F1@0.50: 51.73
dpd_10.0_dpg_0.0_ws_30_mg_4.0_sim_20.0 => F1@0.50: 50.65
dpd_0.0_dpg_100.0_ws_30_mg_4.0_sim_10.0 => F1@0.50: 36.67
dpd_0.1_dpg_20.0_ws_20_mg_2.0_sim_2.0 => F1@0.50: 45.92
dpd_10.0_dpg_20.0_ws_40_mg_4.0_sim_50.0 => F1@0.50: 55.16
dpd_100.0_dpg_0.5_ws_50_mg_10.0_sim_5.0 => F1@0.50: 32.45
dpd_0.0_dpg_10.0_ws_50_mg_4.0_sim_20.0 => F1@0.50: 49.51
dpd_0.0_dpg_1.0_ws_20_mg_2.0_sim_1.0 => F1@0.50: 49.17
dpd_5.0_dpg_0.5_ws_30_mg_8.0_sim_10.0 => F1@0.50: 52.15
dpd_0.0_dpg_2.0_ws_50_mg_4.0_sim_30.0 => F1@0.50: 46.25
dpd_2.0_dpg_10.0_ws_20_mg_10.0_sim_50.0 => F1@0.50: 51.16
dpd_0.8_dpg_0.1_ws_20_mg_8.0_sim_1.0 => F1@0.50: 48.84
dpd_0.8_dpg_5.0_ws_30_mg_8.0_sim_0.0 => F1@0.50: 50.11
dpd_2.0_dpg_0.1_ws_20_mg_6.0_sim_1.0 => F1@0.50: 48.99
dpd_5.0_dpg_2.0_ws_40_mg_2.0_sim_50.0 => F1@0.50: 53.96
dpd_100.0_dpg_0.0_ws_40_mg_10.0_sim_1.0 => F1@0.50: 31.82
dpd_0.1_dpg_0.5_ws_50_mg_4.0_sim_100.0 => F1@0.50: 33.02
dpd_100.0_dpg_0.8_ws_50_mg_10.0_sim_50.0 => F1@0.50: 36.66
dpd_100.0_dpg_0.0_ws_30_mg_6.0_sim_50.0 => F1@0.50: 40.1
dpd_0.8_dpg_1.0_ws_20_mg_6.0_sim_0.5 => F1@0.50: 49.07
dpd_100.0_dpg_10.0_ws_20_mg_8.0_sim_5.0 => F1@0.50: 34.85
dpd_0.8_dpg_1.0_ws_40_mg_6.0_sim_0.0 => F1@0.50: 50.43
dpd_0.0_dpg_0.0_ws_30_mg_2.0_sim_1.0 => F1@0.50: 49.9
dpd_1.0_dpg_0.0_ws_30_mg_6.0_sim_5.0 => F1@0.50: 50.92
dpd_20.0_dpg_1.0_ws_50_mg_4.0_sim_0.0 => F1@0.50: 43.91
dpd_0.1_dpg_0.1_ws_30_mg_2.0_sim_5.0 => F1@0.50: 50.92
dpd_10.0_dpg_1.0_ws_40_mg_2.0_sim_30.0 => F1@0.50: 52.61
dpd_5.0_dpg_100.0_ws_20_mg_2.0_sim_20.0 => F1@0.50: 46.95
dpd_5.0_dpg_10.0_ws_30_mg_2.0_sim_50.0 => F1@0.50: 55.02
dpd_0.8_dpg_0.1_ws_40_mg_4.0_sim_20.0 => F1@0.50: 52.85
dpd_1.0_dpg_0.0_ws_30_mg_2.0_sim_5.0 => F1@0.50: 51.12
dpd_100.0_dpg_1.0_ws_50_mg_6.0_sim_2.0 => F1@0.50: 31.76
dpd_0.5_dpg_0.1_ws_40_mg_4.0_sim_0.0 => F1@0.50: 49.9
dpd_10.0_dpg_100.0_ws_50_mg_6.0_sim_5.0 => F1@0.50: 45.79
dpd_1.0_dpg_5.0_ws_20_mg_6.0_sim_0.0 => F1@0.50: 48.75
dpd_1.0_dpg_0.8_ws_50_mg_4.0_sim_1.0 => F1@0.50: 51.02
dpd_0.1_dpg_1.0_ws_30_mg_4.0_sim_5.0 => F1@0.50: 51.14
dpd_0.1_dpg_100.0_ws_20_mg_6.0_sim_10.0 => F1@0.50: 38.87
dpd_20.0_dpg_0.5_ws_40_mg_8.0_sim_100.0 => F1@0.50: 51.23
dpd_0.0_dpg_0.0_ws_30_mg_6.0_sim_0.0 => F1@0.50: 49.02
dpd_2.0_dpg_100.0_ws_40_mg_2.0_sim_0.5 => F1@0.50: 38.38
dpd_1.0_dpg_5.0_ws_50_mg_2.0_sim_100.0 => F1@0.50: 39.83
dpd_5.0_dpg_100.0_ws_30_mg_10.0_sim_100.0 => F1@0.50: 47.86
dpd_100.0_dpg_0.5_ws_30_mg_6.0_sim_5.0 => F1@0.50: 33.7
dpd_100.0_dpg_1.0_ws_50_mg_4.0_sim_30.0 => F1@0.50: 35.98
dpd_5.0_dpg_0.0_ws_50_mg_8.0_sim_10.0 => F1@0.50: 52.19
dpd_0.8_dpg_100.0_ws_50_mg_2.0_sim_2.0 => F1@0.50: 35.41
dpd_0.0_dpg_100.0_ws_20_mg_2.0_sim_1.0 => F1@0.50: 32.59
dpd_5.0_dpg_0.0_ws_50_mg_2.0_sim_5.0 => F1@0.50: 51.04
dpd_2.0_dpg_10.0_ws_40_mg_4.0_sim_5.0 => F1@0.50: 52.97
dpd_0.5_dpg_0.8_ws_20_mg_10.0_sim_0.5 => F1@0.50: 48.62
dpd_0.1_dpg_10.0_ws_20_mg_2.0_sim_30.0 => F1@0.50: 48.77
dpd_5.0_dpg_0.0_ws_20_mg_10.0_sim_10.0 => F1@0.50: 50.29
dpd_100.0_dpg_0.1_ws_40_mg_10.0_sim_2.0 => F1@0.50: 32.23
dpd_0.5_dpg_0.0_ws_20_mg_8.0_sim_5.0 => F1@0.50: 49.16
dpd_5.0_dpg_1.0_ws_20_mg_4.0_sim_1.0 => F1@0.50: 48.6
dpd_5.0_dpg_2.0_ws_50_mg_6.0_sim_0.0 => F1@0.50: 50.47
dpd_0.5_dpg_5.0_ws_30_mg_8.0_sim_5.0 => F1@0.50: 51.31
dpd_100.0_dpg_10.0_ws_30_mg_8.0_sim_0.5 => F1@0.50: 31.91
dpd_0.0_dpg_5.0_ws_40_mg_2.0_sim_50.0 => F1@0.50: 43.44
dpd_0.0_dpg_0.5_ws_20_mg_2.0_sim_100.0 => F1@0.50: 41.16
dpd_0.5_dpg_0.1_ws_30_mg_2.0_sim_1.0 => F1@0.50: 50.13
dpd_0.0_dpg_20.0_ws_40_mg_2.0_sim_100.0 => F1@0.50: 38.82
dpd_0.0_dpg_5.0_ws_20_mg_2.0_sim_20.0 => F1@0.50: 49.86
dpd_0.8_dpg_2.0_ws_50_mg_8.0_sim_2.0 => F1@0.50: 51.47
dpd_0.8_dpg_20.0_ws_20_mg_8.0_sim_2.0 => F1@0.50: 47.79
dpd_2.0_dpg_0.1_ws_30_mg_8.0_sim_30.0 => F1@0.50: 53.36
dpd_0.1_dpg_10.0_ws_30_mg_6.0_sim_0.0 => F1@0.50: 47.91
dpd_0.8_dpg_100.0_ws_50_mg_4.0_sim_50.0 => F1@0.50: 40.14
dpd_100.0_dpg_2.0_ws_50_mg_4.0_sim_30.0 => F1@0.50: 35.92
dpd_20.0_dpg_0.5_ws_30_mg_2.0_sim_0.5 => F1@0.50: 43.07
dpd_100.0_dpg_10.0_ws_20_mg_2.0_sim_5.0 => F1@0.50: 35.37
dpd_5.0_dpg_0.0_ws_30_mg_6.0_sim_30.0 => F1@0.50: 53.33
dpd_0.1_dpg_0.8_ws_20_mg_8.0_sim_1.0 => F1@0.50: 48.99
dpd_1.0_dpg_0.1_ws_20_mg_4.0_sim_10.0 => F1@0.50: 50.75
dpd_10.0_dpg_1.0_ws_30_mg_2.0_sim_50.0 => F1@0.50: 53.44
dpd_0.8_dpg_10.0_ws_40_mg_10.0_sim_20.0 => F1@0.50: 53.62
dpd_0.8_dpg_10.0_ws_30_mg_2.0_sim_30.0 => F1@0.50: 52.22
dpd_2.0_dpg_0.8_ws_20_mg_8.0_sim_30.0 => F1@0.50: 51.95
dpd_0.0_dpg_2.0_ws_20_mg_2.0_sim_5.0 => F1@0.50: 49.91
dpd_0.5_dpg_20.0_ws_40_mg_8.0_sim_2.0 => F1@0.50: 48.4
dpd_0.1_dpg_100.0_ws_20_mg_6.0_sim_20.0 => F1@0.50: 40.75
dpd_0.8_dpg_0.1_ws_30_mg_10.0_sim_0.5 => F1@0.50: 49.75
dpd_0.8_dpg_20.0_ws_50_mg_10.0_sim_1.0 => F1@0.50: 48.69
dpd_1.0_dpg_100.0_ws_20_mg_2.0_sim_100.0 => F1@0.50: 44.46
dpd_20.0_dpg_2.0_ws_30_mg_8.0_sim_10.0 => F1@0.50: 45.98
dpd_5.0_dpg_100.0_ws_50_mg_6.0_sim_2.0 => F1@0.50: 42.9
dpd_1.0_dpg_10.0_ws_40_mg_8.0_sim_20.0 => F1@0.50: 53.93
dpd_0.8_dpg_20.0_ws_30_mg_4.0_sim_10.0 => F1@0.50: 51.01
dpd_1.0_dpg_0.1_ws_50_mg_8.0_sim_1.0 => F1@0.50: 50.52
dpd_20.0_dpg_5.0_ws_30_mg_2.0_sim_100.0 => F1@0.50: 52.22
dpd_0.5_dpg_2.0_ws_40_mg_2.0_sim_10.0 => F1@0.50: 52.96
dpd_0.5_dpg_20.0_ws_30_mg_4.0_sim_100.0 => F1@0.50: 42.35
dpd_100.0_dpg_100.0_ws_50_mg_10.0_sim_5.0 => F1@0.50: 40.57
dpd_2.0_dpg_0.8_ws_30_mg_4.0_sim_2.0 => F1@0.50: 51.46
dpd_1.0_dpg_1.0_ws_20_mg_8.0_sim_0.0 => F1@0.50: 48.68
dpd_0.0_dpg_0.5_ws_20_mg_8.0_sim_2.0 => F1@0.50: 48.85
dpd_0.1_dpg_0.0_ws_40_mg_10.0_sim_100.0 => F1@0.50: 33.76
dpd_0.1_dpg_2.0_ws_20_mg_4.0_sim_20.0 => F1@0.50: 50.07
dpd_10.0_dpg_5.0_ws_50_mg_2.0_sim_1.0 => F1@0.50: 49.24
dpd_0.0_dpg_5.0_ws_30_mg_4.0_sim_10.0 => F1@0.50: 51.58
dpd_1.0_dpg_0.5_ws_40_mg_6.0_sim_50.0 => F1@0.50: 46.37
dpd_0.1_dpg_0.8_ws_50_mg_10.0_sim_1.0 => F1@0.50: 50.65
dpd_0.8_dpg_0.1_ws_40_mg_2.0_sim_5.0 => F1@0.50: 51.4
dpd_0.0_dpg_20.0_ws_40_mg_4.0_sim_100.0 => F1@0.50: 38.74
dpd_10.0_dpg_10.0_ws_40_mg_2.0_sim_1.0 => F1@0.50: 50.07
dpd_0.1_dpg_2.0_ws_30_mg_2.0_sim_0.0 => F1@0.50: 49.63
dpd_0.8_dpg_20.0_ws_40_mg_6.0_sim_100.0 => F1@0.50: 41.29
dpd_100.0_dpg_0.8_ws_50_mg_4.0_sim_30.0 => F1@0.50: 35.98
dpd_0.1_dpg_100.0_ws_40_mg_6.0_sim_10.0 => F1@0.50: 35.88
dpd_1.0_dpg_0.1_ws_30_mg_4.0_sim_0.5 => F1@0.50: 50.18
dpd_1.0_dpg_10.0_ws_30_mg_6.0_sim_5.0 => F1@0.50: 51.72
dpd_5.0_dpg_10.0_ws_40_mg_2.0_sim_100.0 => F1@0.50: 49.64
dpd_0.1_dpg_1.0_ws_20_mg_8.0_sim_2.0 => F1@0.50: 49.08
dpd_0.1_dpg_10.0_ws_50_mg_2.0_sim_5.0 => F1@0.50: 50.48
dpd_2.0_dpg_5.0_ws_30_mg_10.0_sim_100.0 => F1@0.50: 45.21
dpd_100.0_dpg_1.0_ws_30_mg_8.0_sim_20.0 => F1@0.50: 37.29
dpd_2.0_dpg_5.0_ws_50_mg_8.0_sim_5.0 => F1@0.50: 53.02
dpd_0.5_dpg_0.5_ws_20_mg_6.0_sim_0.5 => F1@0.50: 48.7
dpd_100.0_dpg_100.0_ws_50_mg_6.0_sim_20.0 => F1@0.50: 42.96
dpd_10.0_dpg_0.8_ws_20_mg_8.0_sim_1.0 => F1@0.50: 45.41
dpd_0.0_dpg_10.0_ws_50_mg_6.0_sim_2.0 => F1@0.50: 49.17
dpd_1.0_dpg_10.0_ws_20_mg_8.0_sim_10.0 => F1@0.50: 51.47
dpd_0.8_dpg_5.0_ws_20_mg_8.0_sim_30.0 => F1@0.50: 51.23
dpd_10.0_dpg_0.5_ws_30_mg_4.0_sim_10.0 => F1@0.50: 49.51
dpd_0.0_dpg_0.0_ws_50_mg_4.0_sim_2.0 => F1@0.50: 50.34
dpd_20.0_dpg_0.8_ws_40_mg_10.0_sim_20.0 => F1@0.50: 47.54
dpd_20.0_dpg_2.0_ws_40_mg_4.0_sim_10.0 => F1@0.50: 46.41
dpd_10.0_dpg_0.5_ws_40_mg_10.0_sim_5.0 => F1@0.50: 48.66
dpd_1.0_dpg_0.1_ws_20_mg_8.0_sim_50.0 => F1@0.50: 47.79
dpd_20.0_dpg_5.0_ws_30_mg_6.0_sim_100.0 => F1@0.50: 52.02
dpd_0.0_dpg_0.5_ws_40_mg_6.0_sim_10.0 => F1@0.50: 51.96
dpd_20.0_dpg_0.8_ws_40_mg_10.0_sim_5.0 => F1@0.50: 45.67
dpd_5.0_dpg_2.0_ws_40_mg_8.0_sim_5.0 => F1@0.50: 51.87
dpd_0.0_dpg_1.0_ws_40_mg_2.0_sim_20.0 => F1@0.50: 50.01
dpd_5.0_dpg_0.0_ws_30_mg_2.0_sim_50.0 => F1@0.50: 53.72
dpd_0.8_dpg_0.8_ws_40_mg_8.0_sim_2.0 => F1@0.50: 51.02
dpd_10.0_dpg_0.5_ws_40_mg_10.0_sim_1.0 => F1@0.50: 47.63
dpd_0.8_dpg_1.0_ws_40_mg_2.0_sim_50.0 => F1@0.50: 46.24
dpd_0.5_dpg_10.0_ws_30_mg_10.0_sim_100.0 => F1@0.50: 41.43
dpd_1.0_dpg_2.0_ws_40_mg_6.0_sim_50.0 => F1@0.50: 47.36
dpd_100.0_dpg_100.0_ws_50_mg_4.0_sim_0.0 => F1@0.50: 39.43
dpd_100.0_dpg_0.0_ws_40_mg_6.0_sim_1.0 => F1@0.50: 31.84
dpd_5.0_dpg_10.0_ws_30_mg_2.0_sim_30.0 => F1@0.50: 55.48
dpd_0.8_dpg_1.0_ws_40_mg_4.0_sim_1.0 => F1@0.50: 50.93
dpd_1.0_dpg_0.0_ws_30_mg_8.0_sim_1.0 => F1@0.50: 50.15
dpd_20.0_dpg_0.5_ws_40_mg_8.0_sim_1.0 => F1@0.50: 44.2
dpd_10.0_dpg_2.0_ws_50_mg_10.0_sim_30.0 => F1@0.50: 52.76
dpd_1.0_dpg_0.5_ws_20_mg_6.0_sim_20.0 => F1@0.50: 51.42
dpd_5.0_dpg_0.5_ws_40_mg_2.0_sim_100.0 => F1@0.50: 48.09
dpd_1.0_dpg_100.0_ws_20_mg_10.0_sim_0.5 => F1@0.50: 33.95
dpd_2.0_dpg_10.0_ws_40_mg_2.0_sim_0.0 => F1@0.50: 51.18
dpd_5.0_dpg_0.5_ws_30_mg_2.0_sim_100.0 => F1@0.50: 49.52
dpd_0.0_dpg_0.5_ws_50_mg_6.0_sim_1.0 => F1@0.50: 50.43
dpd_0.1_dpg_100.0_ws_20_mg_6.0_sim_100.0 => F1@0.50: 42.81
dpd_10.0_dpg_0.5_ws_50_mg_2.0_sim_5.0 => F1@0.50: 48.87
dpd_0.1_dpg_0.5_ws_40_mg_6.0_sim_0.5 => F1@0.50: 50.19
dpd_100.0_dpg_0.1_ws_30_mg_10.0_sim_0.5 => F1@0.50: 31.43
dpd_0.1_dpg_5.0_ws_30_mg_2.0_sim_0.0 => F1@0.50: 49.09
dpd_0.1_dpg_2.0_ws_30_mg_6.0_sim_0.0 => F1@0.50: 49.56
dpd_0.1_dpg_0.8_ws_30_mg_8.0_sim_0.5 => F1@0.50: 50.17
dpd_2.0_dpg_1.0_ws_40_mg_4.0_sim_100.0 => F1@0.50: 41.98
dpd_1.0_dpg_0.5_ws_50_mg_2.0_sim_2.0 => F1@0.50: 51.1
dpd_10.0_dpg_1.0_ws_40_mg_6.0_sim_10.0 => F1@0.50: 50.08
dpd_10.0_dpg_10.0_ws_50_mg_4.0_sim_30.0 => F1@0.50: 54.75
dpd_1.0_dpg_1.0_ws_50_mg_4.0_sim_0.5 => F1@0.50: 50.84
dpd_20.0_dpg_0.8_ws_40_mg_8.0_sim_50.0 => F1@0.50: 50.05
dpd_5.0_dpg_0.1_ws_40_mg_6.0_sim_2.0 => F1@0.50: 50.06
dpd_0.8_dpg_0.8_ws_30_mg_2.0_sim_5.0 => F1@0.50: 51.59
dpd_2.0_dpg_0.0_ws_20_mg_8.0_sim_2.0 => F1@0.50: 49.4
dpd_5.0_dpg_1.0_ws_40_mg_8.0_sim_100.0 => F1@0.50: 47.78
dpd_0.1_dpg_0.8_ws_20_mg_6.0_sim_1.0 => F1@0.50: 49.09
dpd_100.0_dpg_0.0_ws_20_mg_6.0_sim_20.0 => F1@0.50: 39.95
dpd_1.0_dpg_5.0_ws_20_mg_4.0_sim_100.0 => F1@0.50: 44.65
dpd_5.0_dpg_0.0_ws_40_mg_2.0_sim_0.5 => F1@0.50: 49.64
dpd_0.5_dpg_2.0_ws_50_mg_8.0_sim_0.5 => F1@0.50: 50.49
dpd_10.0_dpg_0.1_ws_30_mg_10.0_sim_0.0 => F1@0.50: 46.18
dpd_0.1_dpg_0.8_ws_40_mg_10.0_sim_5.0 => F1@0.50: 51.31
dpd_5.0_dpg_5.0_ws_50_mg_2.0_sim_2.0 => F1@0.50: 51.69
dpd_5.0_dpg_20.0_ws_40_mg_10.0_sim_1.0 => F1@0.50: 51.67
dpd_20.0_dpg_0.8_ws_50_mg_10.0_sim_10.0 => F1@0.50: 46.0
dpd_100.0_dpg_100.0_ws_20_mg_8.0_sim_30.0 => F1@0.50: 46.46
dpd_0.1_dpg_0.5_ws_40_mg_8.0_sim_0.0 => F1@0.50: 49.98
dpd_0.8_dpg_0.1_ws_30_mg_10.0_sim_30.0 => F1@0.50: 50.65
dpd_1.0_dpg_0.5_ws_20_mg_4.0_sim_2.0 => F1@0.50: 49.65
dpd_0.8_dpg_1.0_ws_40_mg_4.0_sim_50.0 => F1@0.50: 45.97
dpd_0.8_dpg_5.0_ws_40_mg_4.0_sim_0.5 => F1@0.50: 50.82
dpd_100.0_dpg_20.0_ws_40_mg_8.0_sim_10.0 => F1@0.50: 35.14
dpd_0.0_dpg_2.0_ws_20_mg_2.0_sim_30.0 => F1@0.50: 47.84
dpd_20.0_dpg_2.0_ws_30_mg_6.0_sim_100.0 => F1@0.50: 51.7
dpd_0.5_dpg_10.0_ws_40_mg_8.0_sim_0.5 => F1@0.50: 49.79
dpd_20.0_dpg_20.0_ws_20_mg_6.0_sim_0.5 => F1@0.50: 43.63
dpd_10.0_dpg_0.8_ws_30_mg_8.0_sim_30.0 => F1@0.50: 51.88
dpd_100.0_dpg_0.1_ws_50_mg_2.0_sim_5.0 => F1@0.50: 32.4
dpd_100.0_dpg_2.0_ws_50_mg_8.0_sim_5.0 => F1@0.50: 32.49
dpd_10.0_dpg_0.8_ws_30_mg_4.0_sim_2.0 => F1@0.50: 47.58
dpd_2.0_dpg_5.0_ws_20_mg_6.0_sim_100.0 => F1@0.50: 46.56
dpd_0.0_dpg_2.0_ws_20_mg_8.0_sim_0.5 => F1@0.50: 48.42
dpd_0.8_dpg_5.0_ws_20_mg_8.0_sim_0.5 => F1@0.50: 48.98
dpd_20.0_dpg_0.0_ws_50_mg_10.0_sim_0.5 => F1@0.50: 44.03
dpd_1.0_dpg_0.1_ws_30_mg_2.0_sim_0.5 => F1@0.50: 50.16
dpd_100.0_dpg_5.0_ws_30_mg_8.0_sim_10.0 => F1@0.50: 35.64
dpd_0.1_dpg_10.0_ws_40_mg_10.0_sim_2.0 => F1@0.50: 49.59
dpd_20.0_dpg_0.0_ws_40_mg_4.0_sim_20.0 => F1@0.50: 47.44
dpd_2.0_dpg_10.0_ws_20_mg_8.0_sim_2.0 => F1@0.50: 50.43
dpd_100.0_dpg_10.0_ws_30_mg_10.0_sim_0.0 => F1@0.50: 31.57
dpd_0.1_dpg_0.1_ws_30_mg_2.0_sim_2.0 => F1@0.50: 50.33
dpd_20.0_dpg_5.0_ws_50_mg_2.0_sim_20.0 => F1@0.50: 48.53
dpd_10.0_dpg_5.0_ws_50_mg_8.0_sim_0.0 => F1@0.50: 48.9
dpd_0.0_dpg_2.0_ws_50_mg_6.0_sim_20.0 => F1@0.50: 50.25
dpd_0.8_dpg_20.0_ws_20_mg_10.0_sim_10.0 => F1@0.50: 49.43
dpd_0.5_dpg_0.8_ws_20_mg_4.0_sim_0.0 => F1@0.50: 48.84
dpd_0.0_dpg_0.5_ws_40_mg_4.0_sim_10.0 => F1@0.50: 52.05
dpd_20.0_dpg_0.0_ws_40_mg_8.0_sim_1.0 => F1@0.50: 44.22
dpd_10.0_dpg_0.0_ws_20_mg_6.0_sim_10.0 => F1@0.50: 48.78
dpd_100.0_dpg_0.5_ws_30_mg_2.0_sim_10.0 => F1@0.50: 35.83
dpd_0.5_dpg_100.0_ws_30_mg_4.0_sim_0.5 => F1@0.50: 34.14
dpd_0.0_dpg_1.0_ws_20_mg_2.0_sim_2.0 => F1@0.50: 49.34
dpd_20.0_dpg_2.0_ws_50_mg_4.0_sim_1.0 => F1@0.50: 44.59
dpd_0.1_dpg_0.0_ws_50_mg_4.0_sim_5.0 => F1@0.50: 51.02
dpd_0.5_dpg_20.0_ws_40_mg_6.0_sim_50.0 => F1@0.50: 45.8
dpd_1.0_dpg_0.0_ws_20_mg_8.0_sim_20.0 => F1@0.50: 51.16
dpd_20.0_dpg_0.8_ws_50_mg_10.0_sim_30.0 => F1@0.50: 48.35
dpd_20.0_dpg_0.0_ws_30_mg_4.0_sim_2.0 => F1@0.50: 44.2
dpd_10.0_dpg_0.8_ws_30_mg_2.0_sim_100.0 => F1@0.50: 51.71
dpd_100.0_dpg_20.0_ws_40_mg_10.0_sim_10.0 => F1@0.50: 35.14
dpd_1.0_dpg_0.1_ws_40_mg_8.0_sim_20.0 => F1@0.50: 52.95
dpd_0.0_dpg_2.0_ws_30_mg_2.0_sim_50.0 => F1@0.50: 44.1
dpd_5.0_dpg_20.0_ws_50_mg_8.0_sim_20.0 => F1@0.50: 55.53
dpd_0.0_dpg_0.1_ws_30_mg_6.0_sim_10.0 => F1@0.50: 51.29
dpd_5.0_dpg_5.0_ws_20_mg_8.0_sim_30.0 => F1@0.50: 52.82
dpd_20.0_dpg_100.0_ws_50_mg_10.0_sim_0.5 => F1@0.50: 44.91
dpd_5.0_dpg_5.0_ws_20_mg_4.0_sim_0.0 => F1@0.50: 48.25
dpd_100.0_dpg_0.8_ws_50_mg_6.0_sim_30.0 => F1@0.50: 35.89
dpd_0.0_dpg_0.1_ws_40_mg_4.0_sim_10.0 => F1@0.50: 51.64
dpd_0.8_dpg_2.0_ws_30_mg_8.0_sim_100.0 => F1@0.50: 40.85
dpd_0.0_dpg_20.0_ws_20_mg_6.0_sim_100.0 => F1@0.50: 43.44
dpd_0.5_dpg_1.0_ws_20_mg_10.0_sim_0.5 => F1@0.50: 48.84
dpd_100.0_dpg_0.5_ws_50_mg_8.0_sim_50.0 => F1@0.50: 36.66
dpd_0.8_dpg_0.0_ws_30_mg_6.0_sim_50.0 => F1@0.50: 46.32
dpd_20.0_dpg_0.1_ws_20_mg_6.0_sim_5.0 => F1@0.50: 44.93
dpd_2.0_dpg_0.5_ws_40_mg_10.0_sim_2.0 => F1@0.50: 51.29
dpd_0.1_dpg_0.0_ws_50_mg_6.0_sim_5.0 => F1@0.50: 50.87
dpd_2.0_dpg_2.0_ws_40_mg_2.0_sim_5.0 => F1@0.50: 52.62
dpd_20.0_dpg_100.0_ws_40_mg_8.0_sim_1.0 => F1@0.50: 44.81
dpd_1.0_dpg_20.0_ws_40_mg_6.0_sim_5.0 => F1@0.50: 50.55
dpd_0.5_dpg_5.0_ws_50_mg_6.0_sim_100.0 => F1@0.50: 37.29
dpd_20.0_dpg_0.8_ws_20_mg_6.0_sim_50.0 => F1@0.50: 49.55
dpd_0.8_dpg_0.5_ws_40_mg_4.0_sim_10.0 => F1@0.50: 52.84
dpd_0.5_dpg_20.0_ws_40_mg_10.0_sim_100.0 => F1@0.50: 40.14
dpd_20.0_dpg_10.0_ws_50_mg_8.0_sim_20.0 => F1@0.50: 49.42
dpd_1.0_dpg_5.0_ws_20_mg_6.0_sim_20.0 => F1@0.50: 51.93
dpd_0.8_dpg_100.0_ws_20_mg_6.0_sim_1.0 => F1@0.50: 34.54
dpd_100.0_dpg_0.0_ws_40_mg_6.0_sim_10.0 => F1@0.50: 34.42
dpd_0.5_dpg_5.0_ws_40_mg_6.0_sim_2.0 => F1@0.50: 50.88
dpd_20.0_dpg_2.0_ws_40_mg_10.0_sim_50.0 => F1@0.50: 50.25
dpd_5.0_dpg_0.0_ws_30_mg_4.0_sim_0.5 => F1@0.50: 49.35
dpd_1.0_dpg_0.1_ws_30_mg_2.0_sim_30.0 => F1@0.50: 51.89
dpd_1.0_dpg_0.5_ws_50_mg_8.0_sim_5.0 => F1@0.50: 51.67
dpd_20.0_dpg_20.0_ws_40_mg_10.0_sim_0.0 => F1@0.50: 47.16
dpd_0.8_dpg_20.0_ws_50_mg_8.0_sim_10.0 => F1@0.50: 50.96
dpd_100.0_dpg_0.0_ws_40_mg_6.0_sim_100.0 => F1@0.50: 40.46
dpd_10.0_dpg_20.0_ws_20_mg_4.0_sim_10.0 => F1@0.50: 51.59
dpd_1.0_dpg_0.0_ws_20_mg_6.0_sim_10.0 => F1@0.50: 50.37
dpd_5.0_dpg_100.0_ws_50_mg_10.0_sim_0.5 => F1@0.50: 42.21
dpd_2.0_dpg_100.0_ws_50_mg_2.0_sim_20.0 => F1@0.50: 42.05
dpd_1.0_dpg_0.5_ws_50_mg_2.0_sim_1.0 => F1@0.50: 50.76
dpd_0.1_dpg_20.0_ws_30_mg_4.0_sim_0.0 => F1@0.50: 44.28
dpd_1.0_dpg_0.5_ws_30_mg_10.0_sim_20.0 => F1@0.50: 53.11
dpd_20.0_dpg_20.0_ws_30_mg_8.0_sim_10.0 => F1@0.50: 50.11
dpd_0.0_dpg_0.1_ws_40_mg_4.0_sim_5.0 => F1@0.50: 51.0
dpd_0.8_dpg_1.0_ws_30_mg_10.0_sim_10.0 => F1@0.50: 52.84
dpd_0.5_dpg_10.0_ws_30_mg_6.0_sim_1.0 => F1@0.50: 49.86
dpd_2.0_dpg_0.8_ws_40_mg_2.0_sim_5.0 => F1@0.50: 52.22
dpd_100.0_dpg_0.1_ws_40_mg_8.0_sim_50.0 => F1@0.50: 38.5
dpd_0.8_dpg_0.1_ws_50_mg_8.0_sim_0.0 => F1@0.50: 49.87
dpd_0.5_dpg_0.5_ws_40_mg_6.0_sim_10.0 => F1@0.50: 52.81
dpd_0.8_dpg_1.0_ws_20_mg_10.0_sim_20.0 => F1@0.50: 51.33
dpd_100.0_dpg_10.0_ws_50_mg_2.0_sim_2.0 => F1@0.50: 32.33
dpd_10.0_dpg_100.0_ws_30_mg_8.0_sim_5.0 => F1@0.50: 45.95
dpd_100.0_dpg_2.0_ws_30_mg_4.0_sim_2.0 => F1@0.50: 32.56
dpd_20.0_dpg_0.5_ws_20_mg_10.0_sim_30.0 => F1@0.50: 48.16
dpd_0.5_dpg_0.0_ws_30_mg_4.0_sim_1.0 => F1@0.50: 50.11
dpd_10.0_dpg_2.0_ws_50_mg_2.0_sim_10.0 => F1@0.50: 50.59
dpd_0.0_dpg_1.0_ws_50_mg_2.0_sim_10.0 => F1@0.50: 52.42
dpd_5.0_dpg_0.1_ws_50_mg_2.0_sim_20.0 => F1@0.50: 53.44
dpd_0.5_dpg_0.1_ws_30_mg_4.0_sim_2.0 => F1@0.50: 50.42
dpd_0.1_dpg_10.0_ws_50_mg_10.0_sim_50.0 => F1@0.50: 43.24
dpd_2.0_dpg_0.1_ws_20_mg_10.0_sim_30.0 => F1@0.50: 51.04
dpd_1.0_dpg_0.5_ws_30_mg_2.0_sim_2.0 => F1@0.50: 50.84
dpd_10.0_dpg_1.0_ws_40_mg_4.0_sim_30.0 => F1@0.50: 52.59
dpd_20.0_dpg_100.0_ws_50_mg_10.0_sim_1.0 => F1@0.50: 45.1
dpd_1.0_dpg_100.0_ws_50_mg_8.0_sim_1.0 => F1@0.50: 35.62
dpd_100.0_dpg_0.8_ws_40_mg_4.0_sim_10.0 => F1@0.50: 34.76
dpd_5.0_dpg_0.5_ws_50_mg_6.0_sim_10.0 => F1@0.50: 52.54
dpd_10.0_dpg_20.0_ws_30_mg_2.0_sim_1.0 => F1@0.50: 49.93
dpd_2.0_dpg_0.8_ws_30_mg_8.0_sim_1.0 => F1@0.50: 50.88
dpd_1.0_dpg_0.5_ws_40_mg_2.0_sim_5.0 => F1@0.50: 51.52
dpd_20.0_dpg_5.0_ws_40_mg_6.0_sim_50.0 => F1@0.50: 50.66
dpd_2.0_dpg_10.0_ws_40_mg_8.0_sim_100.0 => F1@0.50: 44.35
dpd_1.0_dpg_1.0_ws_50_mg_2.0_sim_1.0 => F1@0.50: 51.01
dpd_0.8_dpg_20.0_ws_30_mg_4.0_sim_0.5 => F1@0.50: 48.13
dpd_10.0_dpg_10.0_ws_40_mg_6.0_sim_0.0 => F1@0.50: 49.76
dpd_0.1_dpg_5.0_ws_20_mg_4.0_sim_1.0 => F1@0.50: 48.7
dpd_10.0_dpg_10.0_ws_20_mg_6.0_sim_20.0 => F1@0.50: 51.92
dpd_100.0_dpg_0.5_ws_20_mg_2.0_sim_10.0 => F1@0.50: 38.16
dpd_0.0_dpg_0.1_ws_50_mg_8.0_sim_100.0 => F1@0.50: 31.48
dpd_2.0_dpg_20.0_ws_40_mg_6.0_sim_20.0 => F1@0.50: 53.87
dpd_1.0_dpg_20.0_ws_50_mg_6.0_sim_5.0 => F1@0.50: 50.36
dpd_100.0_dpg_0.8_ws_30_mg_8.0_sim_10.0 => F1@0.50: 35.5
dpd_2.0_dpg_0.1_ws_30_mg_4.0_sim_50.0 => F1@0.50: 50.75
dpd_0.8_dpg_0.0_ws_50_mg_4.0_sim_5.0 => F1@0.50: 51.34
dpd_5.0_dpg_2.0_ws_40_mg_8.0_sim_20.0 => F1@0.50: 54.03
dpd_1.0_dpg_0.8_ws_50_mg_6.0_sim_1.0 => F1@0.50: 50.95
dpd_2.0_dpg_0.1_ws_50_mg_2.0_sim_0.0 => F1@0.50: 50.35
dpd_1.0_dpg_0.1_ws_50_mg_8.0_sim_2.0 => F1@0.50: 50.73
dpd_20.0_dpg_100.0_ws_20_mg_4.0_sim_1.0 => F1@0.50: 41.38
dpd_20.0_dpg_0.1_ws_40_mg_4.0_sim_0.5 => F1@0.50: 44.01
dpd_2.0_dpg_0.8_ws_20_mg_8.0_sim_0.5 => F1@0.50: 49.15
dpd_0.8_dpg_10.0_ws_30_mg_4.0_sim_20.0 => F1@0.50: 53.13
dpd_2.0_dpg_2.0_ws_30_mg_6.0_sim_100.0 => F1@0.50: 44.29
dpd_0.5_dpg_0.5_ws_40_mg_2.0_sim_2.0 => F1@0.50: 50.66
dpd_10.0_dpg_2.0_ws_50_mg_10.0_sim_0.5 => F1@0.50: 47.84
dpd_20.0_dpg_0.0_ws_30_mg_6.0_sim_2.0 => F1@0.50: 44.1
dpd_20.0_dpg_2.0_ws_40_mg_4.0_sim_100.0 => F1@0.50: 51.76
dpd_2.0_dpg_20.0_ws_40_mg_6.0_sim_1.0 => F1@0.50: 50.38
dpd_2.0_dpg_100.0_ws_30_mg_8.0_sim_1.0 => F1@0.50: 38.24
dpd_2.0_dpg_2.0_ws_20_mg_10.0_sim_0.5 => F1@0.50: 49.17
dpd_10.0_dpg_2.0_ws_30_mg_2.0_sim_2.0 => F1@0.50: 47.83
dpd_10.0_dpg_100.0_ws_30_mg_10.0_sim_0.0 => F1@0.50: 43.28
dpd_0.5_dpg_0.1_ws_30_mg_10.0_sim_10.0 => F1@0.50: 52.01
dpd_0.0_dpg_1.0_ws_50_mg_6.0_sim_5.0 => F1@0.50: 51.46
dpd_20.0_dpg_0.1_ws_20_mg_4.0_sim_1.0 => F1@0.50: 41.76
dpd_5.0_dpg_100.0_ws_40_mg_6.0_sim_10.0 => F1@0.50: 45.16
dpd_1.0_dpg_2.0_ws_50_mg_4.0_sim_0.5 => F1@0.50: 51.24
dpd_2.0_dpg_0.0_ws_30_mg_6.0_sim_2.0 => F1@0.50: 50.71
dpd_0.0_dpg_0.0_ws_30_mg_6.0_sim_20.0 => F1@0.50: 48.77
dpd_2.0_dpg_0.0_ws_20_mg_6.0_sim_100.0 => F1@0.50: 45.03
dpd_0.1_dpg_2.0_ws_40_mg_4.0_sim_5.0 => F1@0.50: 51.42
dpd_0.8_dpg_0.1_ws_50_mg_10.0_sim_2.0 => F1@0.50: 50.5
dpd_10.0_dpg_0.5_ws_40_mg_8.0_sim_5.0 => F1@0.50: 48.68
dpd_20.0_dpg_10.0_ws_30_mg_2.0_sim_5.0 => F1@0.50: 46.88
dpd_0.0_dpg_0.0_ws_50_mg_2.0_sim_0.5 => F1@0.50: 49.88
dpd_100.0_dpg_10.0_ws_20_mg_4.0_sim_10.0 => F1@0.50: 37.98
dpd_0.0_dpg_10.0_ws_20_mg_10.0_sim_50.0 => F1@0.50: 45.5
dpd_20.0_dpg_5.0_ws_20_mg_10.0_sim_100.0 => F1@0.50: 51.04
dpd_0.0_dpg_100.0_ws_20_mg_2.0_sim_5.0 => F1@0.50: 36.61
dpd_0.5_dpg_0.1_ws_50_mg_6.0_sim_0.5 => F1@0.50: 50.08
dpd_0.5_dpg_2.0_ws_20_mg_4.0_sim_2.0 => F1@0.50: 49.69
dpd_5.0_dpg_20.0_ws_20_mg_6.0_sim_0.0 => F1@0.50: 47.42
dpd_100.0_dpg_2.0_ws_40_mg_10.0_sim_5.0 => F1@0.50: 33.15
dpd_0.5_dpg_0.8_ws_50_mg_10.0_sim_100.0 => F1@0.50: 34.65
dpd_0.1_dpg_100.0_ws_50_mg_10.0_sim_0.5 => F1@0.50: 32.16
dpd_100.0_dpg_10.0_ws_40_mg_10.0_sim_5.0 => F1@0.50: 33.83
dpd_20.0_dpg_0.0_ws_20_mg_10.0_sim_2.0 => F1@0.50: 42.82
dpd_20.0_dpg_0.0_ws_50_mg_8.0_sim_0.0 => F1@0.50: 43.92
dpd_20.0_dpg_0.0_ws_20_mg_8.0_sim_2.0 => F1@0.50: 42.9
dpd_10.0_dpg_2.0_ws_40_mg_10.0_sim_50.0 => F1@0.50: 53.65
dpd_100.0_dpg_10.0_ws_30_mg_10.0_sim_20.0 => F1@0.50: 37.87
dpd_2.0_dpg_100.0_ws_50_mg_2.0_sim_30.0 => F1@0.50: 42.96
dpd_5.0_dpg_1.0_ws_40_mg_4.0_sim_2.0 => F1@0.50: 50.64
dpd_0.5_dpg_5.0_ws_50_mg_4.0_sim_30.0 => F1@0.50: 51.22
dpd_0.1_dpg_0.1_ws_50_mg_6.0_sim_30.0 => F1@0.50: 45.29
dpd_0.8_dpg_1.0_ws_30_mg_10.0_sim_100.0 => F1@0.50: 39.95
dpd_0.1_dpg_0.8_ws_50_mg_2.0_sim_10.0 => F1@0.50: 52.63
dpd_1.0_dpg_2.0_ws_30_mg_10.0_sim_20.0 => F1@0.50: 53.68
dpd_1.0_dpg_0.5_ws_50_mg_6.0_sim_30.0 => F1@0.50: 51.93
dpd_0.8_dpg_0.8_ws_30_mg_4.0_sim_100.0 => F1@0.50: 40.45
dpd_10.0_dpg_0.0_ws_40_mg_8.0_sim_100.0 => F1@0.50: 49.95
dpd_100.0_dpg_5.0_ws_40_mg_10.0_sim_30.0 => F1@0.50: 37.06
dpd_10.0_dpg_2.0_ws_20_mg_4.0_sim_100.0 => F1@0.50: 51.33
dpd_2.0_dpg_1.0_ws_30_mg_6.0_sim_0.0 => F1@0.50: 50.45
dpd_2.0_dpg_0.1_ws_30_mg_2.0_sim_30.0 => F1@0.50: 53.78
dpd_20.0_dpg_0.8_ws_40_mg_4.0_sim_5.0 => F1@0.50: 45.82
dpd_0.8_dpg_0.8_ws_50_mg_4.0_sim_5.0 => F1@0.50: 51.81
dpd_0.0_dpg_2.0_ws_40_mg_4.0_sim_30.0 => F1@0.50: 46.94
dpd_2.0_dpg_20.0_ws_40_mg_8.0_sim_2.0 => F1@0.50: 50.81
dpd_100.0_dpg_10.0_ws_40_mg_6.0_sim_0.0 => F1@0.50: 32.25
dpd_0.0_dpg_2.0_ws_20_mg_4.0_sim_2.0 => F1@0.50: 49.02
dpd_0.5_dpg_0.8_ws_30_mg_8.0_sim_30.0 => F1@0.50: 50.2
dpd_5.0_dpg_5.0_ws_50_mg_2.0_sim_0.0 => F1@0.50: 51.0
dpd_0.5_dpg_100.0_ws_40_mg_10.0_sim_100.0 => F1@0.50: 38.52
dpd_0.0_dpg_100.0_ws_50_mg_10.0_sim_10.0 => F1@0.50: 34.8
dpd_0.0_dpg_2.0_ws_50_mg_10.0_sim_10.0 => F1@0.50: 52.66
dpd_20.0_dpg_1.0_ws_20_mg_8.0_sim_50.0 => F1@0.50: 49.56
dpd_20.0_dpg_10.0_ws_20_mg_6.0_sim_10.0 => F1@0.50: 47.33
dpd_0.5_dpg_0.0_ws_20_mg_6.0_sim_0.0 => F1@0.50: 48.13
dpd_100.0_dpg_0.0_ws_20_mg_2.0_sim_20.0 => F1@0.50: 40.43
dpd_0.0_dpg_100.0_ws_30_mg_2.0_sim_2.0 => F1@0.50: 33.46
dpd_20.0_dpg_20.0_ws_50_mg_8.0_sim_30.0 => F1@0.50: 52.46
dpd_5.0_dpg_10.0_ws_30_mg_2.0_sim_5.0 => F1@0.50: 52.91
dpd_1.0_dpg_5.0_ws_50_mg_4.0_sim_0.5 => F1@0.50: 51.12
dpd_0.8_dpg_1.0_ws_20_mg_4.0_sim_10.0 => F1@0.50: 51.44
dpd_0.0_dpg_5.0_ws_20_mg_4.0_sim_30.0 => F1@0.50: 48.35
dpd_2.0_dpg_0.1_ws_50_mg_4.0_sim_20.0 => F1@0.50: 54.43
dpd_0.8_dpg_0.0_ws_40_mg_2.0_sim_5.0 => F1@0.50: 51.29
dpd_2.0_dpg_0.0_ws_40_mg_2.0_sim_2.0 => F1@0.50: 51.05
dpd_0.1_dpg_20.0_ws_30_mg_10.0_sim_2.0 => F1@0.50: 46.09
dpd_1.0_dpg_0.1_ws_40_mg_6.0_sim_5.0 => F1@0.50: 51.13
dpd_0.0_dpg_5.0_ws_20_mg_10.0_sim_100.0 => F1@0.50: 41.46
dpd_2.0_dpg_5.0_ws_20_mg_4.0_sim_30.0 => F1@0.50: 53.01
dpd_0.0_dpg_0.5_ws_40_mg_2.0_sim_50.0 => F1@0.50: 41.18
dpd_0.1_dpg_2.0_ws_30_mg_10.0_sim_2.0 => F1@0.50: 50.25
dpd_1.0_dpg_2.0_ws_30_mg_2.0_sim_0.5 => F1@0.50: 50.95
dpd_0.8_dpg_0.8_ws_50_mg_6.0_sim_0.0 => F1@0.50: 50.41
dpd_1.0_dpg_20.0_ws_50_mg_8.0_sim_10.0 => F1@0.50: 51.54
dpd_1.0_dpg_2.0_ws_20_mg_8.0_sim_2.0 => F1@0.50: 50.04
dpd_10.0_dpg_2.0_ws_50_mg_2.0_sim_0.5 => F1@0.50: 47.84
dpd_20.0_dpg_0.0_ws_30_mg_8.0_sim_10.0 => F1@0.50: 45.81
dpd_0.8_dpg_5.0_ws_50_mg_4.0_sim_30.0 => F1@0.50: 52.34
dpd_2.0_dpg_100.0_ws_20_mg_2.0_sim_30.0 => F1@0.50: 45.52
dpd_100.0_dpg_0.0_ws_30_mg_4.0_sim_100.0 => F1@0.50: 42.95
dpd_1.0_dpg_5.0_ws_20_mg_8.0_sim_2.0 => F1@0.50: 49.79
dpd_100.0_dpg_1.0_ws_40_mg_8.0_sim_5.0 => F1@0.50: 33.18
dpd_0.0_dpg_0.1_ws_50_mg_4.0_sim_10.0 => F1@0.50: 51.8
dpd_0.1_dpg_20.0_ws_40_mg_2.0_sim_5.0 => F1@0.50: 47.33
dpd_2.0_dpg_10.0_ws_40_mg_4.0_sim_20.0 => F1@0.50: 54.94
dpd_100.0_dpg_0.0_ws_40_mg_4.0_sim_5.0 => F1@0.50: 33.19
dpd_100.0_dpg_100.0_ws_30_mg_6.0_sim_20.0 => F1@0.50: 43.96
dpd_10.0_dpg_0.5_ws_30_mg_8.0_sim_0.5 => F1@0.50: 46.75
dpd_0.5_dpg_2.0_ws_20_mg_4.0_sim_30.0 => F1@0.50: 50.19
dpd_0.8_dpg_5.0_ws_50_mg_4.0_sim_10.0 => F1@0.50: 53.54
dpd_0.0_dpg_0.5_ws_30_mg_6.0_sim_10.0 => F1@0.50: 51.73
dpd_20.0_dpg_0.8_ws_50_mg_8.0_sim_100.0 => F1@0.50: 50.98
dpd_20.0_dpg_1.0_ws_20_mg_4.0_sim_100.0 => F1@0.50: 51.06
dpd_20.0_dpg_5.0_ws_30_mg_10.0_sim_0.0 => F1@0.50: 43.26
dpd_5.0_dpg_0.5_ws_50_mg_10.0_sim_5.0 => F1@0.50: 51.04
dpd_2.0_dpg_0.8_ws_20_mg_10.0_sim_5.0 => F1@0.50: 50.19
dpd_10.0_dpg_1.0_ws_40_mg_10.0_sim_2.0 => F1@0.50: 48.14
dpd_20.0_dpg_5.0_ws_50_mg_2.0_sim_0.0 => F1@0.50: 44.73
dpd_0.5_dpg_2.0_ws_50_mg_2.0_sim_0.0 => F1@0.50: 50.28
dpd_0.8_dpg_0.8_ws_50_mg_10.0_sim_30.0 => F1@0.50: 51.35
dpd_2.0_dpg_10.0_ws_20_mg_4.0_sim_10.0 => F1@0.50: 52.69
dpd_1.0_dpg_0.0_ws_50_mg_8.0_sim_10.0 => F1@0.50: 52.52
dpd_5.0_dpg_10.0_ws_20_mg_6.0_sim_2.0 => F1@0.50: 50.67
dpd_0.1_dpg_0.5_ws_30_mg_6.0_sim_20.0 => F1@0.50: 50.15
dpd_2.0_dpg_20.0_ws_50_mg_2.0_sim_20.0 => F1@0.50: 53.9
dpd_2.0_dpg_0.0_ws_30_mg_8.0_sim_0.5 => F1@0.50: 49.9
dpd_0.5_dpg_5.0_ws_30_mg_4.0_sim_2.0 => F1@0.50: 50.63
dpd_0.0_dpg_5.0_ws_40_mg_10.0_sim_30.0 => F1@0.50: 47.34
dpd_100.0_dpg_0.8_ws_50_mg_8.0_sim_0.0 => F1@0.50: 31.05
dpd_20.0_dpg_2.0_ws_20_mg_8.0_sim_2.0 => F1@0.50: 43.02
dpd_5.0_dpg_100.0_ws_40_mg_4.0_sim_5.0 => F1@0.50: 44.05
dpd_10.0_dpg_20.0_ws_30_mg_6.0_sim_5.0 => F1@0.50: 51.81
dpd_10.0_dpg_20.0_ws_20_mg_4.0_sim_0.0 => F1@0.50: 46.18
dpd_5.0_dpg_20.0_ws_30_mg_6.0_sim_0.5 => F1@0.50: 50.75
dpd_1.0_dpg_0.8_ws_30_mg_10.0_sim_0.0 => F1@0.50: 49.99
dpd_2.0_dpg_0.8_ws_50_mg_8.0_sim_1.0 => F1@0.50: 51.12
dpd_0.8_dpg_0.1_ws_40_mg_10.0_sim_100.0 => F1@0.50: 37.21
dpd_10.0_dpg_5.0_ws_20_mg_10.0_sim_100.0 => F1@0.50: 51.37
dpd_100.0_dpg_2.0_ws_20_mg_2.0_sim_30.0 => F1@0.50: 42.29
dpd_20.0_dpg_10.0_ws_20_mg_10.0_sim_5.0 => F1@0.50: 45.52
dpd_100.0_dpg_0.0_ws_50_mg_4.0_sim_1.0 => F1@0.50: 31.27
dpd_100.0_dpg_5.0_ws_40_mg_6.0_sim_2.0 => F1@0.50: 32.83
dpd_1.0_dpg_0.1_ws_50_mg_8.0_sim_100.0 => F1@0.50: 36.37
dpd_0.5_dpg_0.1_ws_30_mg_2.0_sim_20.0 => F1@0.50: 52.07
dpd_5.0_dpg_1.0_ws_20_mg_6.0_sim_100.0 => F1@0.50: 49.51
dpd_20.0_dpg_0.0_ws_50_mg_8.0_sim_5.0 => F1@0.50: 45.53
dpd_5.0_dpg_0.5_ws_40_mg_2.0_sim_5.0 => F1@0.50: 51.11
dpd_0.5_dpg_1.0_ws_20_mg_10.0_sim_2.0 => F1@0.50: 49.37
dpd_5.0_dpg_1.0_ws_40_mg_2.0_sim_50.0 => F1@0.50: 53.85
dpd_100.0_dpg_0.5_ws_30_mg_4.0_sim_30.0 => F1@0.50: 38.57
dpd_0.1_dpg_100.0_ws_40_mg_6.0_sim_20.0 => F1@0.50: 37.3
dpd_1.0_dpg_100.0_ws_30_mg_8.0_sim_0.5 => F1@0.50: 35.72
dpd_20.0_dpg_20.0_ws_30_mg_8.0_sim_2.0 => F1@0.50: 47.05
dpd_0.1_dpg_0.8_ws_20_mg_4.0_sim_100.0 => F1@0.50: 40.92
dpd_2.0_dpg_1.0_ws_30_mg_2.0_sim_30.0 => F1@0.50: 54.29
dpd_10.0_dpg_100.0_ws_40_mg_4.0_sim_0.5 => F1@0.50: 44.64
dpd_0.0_dpg_5.0_ws_40_mg_8.0_sim_2.0 => F1@0.50: 49.88
dpd_10.0_dpg_100.0_ws_30_mg_2.0_sim_10.0 => F1@0.50: 47.42
dpd_0.5_dpg_0.8_ws_40_mg_10.0_sim_30.0 => F1@0.50: 49.8
dpd_5.0_dpg_0.0_ws_20_mg_2.0_sim_10.0 => F1@0.50: 51.02
dpd_20.0_dpg_1.0_ws_50_mg_2.0_sim_20.0 => F1@0.50: 47.45
dpd_0.5_dpg_5.0_ws_20_mg_6.0_sim_30.0 => F1@0.50: 50.2
dpd_100.0_dpg_1.0_ws_30_mg_2.0_sim_2.0 => F1@0.50: 32.73
dpd_0.5_dpg_0.1_ws_40_mg_4.0_sim_5.0 => F1@0.50: 51.19
dpd_0.8_dpg_5.0_ws_40_mg_8.0_sim_50.0 => F1@0.50: 47.24
dpd_0.8_dpg_0.0_ws_30_mg_10.0_sim_1.0 => F1@0.50: 49.92
dpd_1.0_dpg_100.0_ws_20_mg_6.0_sim_1.0 => F1@0.50: 34.85
dpd_20.0_dpg_0.8_ws_40_mg_10.0_sim_1.0 => F1@0.50: 44.16
dpd_100.0_dpg_100.0_ws_20_mg_8.0_sim_0.0 => F1@0.50: 37.31
dpd_0.0_dpg_1.0_ws_40_mg_4.0_sim_2.0 => F1@0.50: 50.63
dpd_20.0_dpg_1.0_ws_20_mg_4.0_sim_0.0 => F1@0.50: 39.53
dpd_0.1_dpg_0.1_ws_20_mg_4.0_sim_0.5 => F1@0.50: 48.68
dpd_0.0_dpg_0.5_ws_50_mg_10.0_sim_10.0 => F1@0.50: 52.26
dpd_10.0_dpg_0.8_ws_30_mg_2.0_sim_5.0 => F1@0.50: 48.54
dpd_2.0_dpg_0.1_ws_50_mg_8.0_sim_0.0 => F1@0.50: 50.18
dpd_5.0_dpg_100.0_ws_50_mg_8.0_sim_0.5 => F1@0.50: 42.22
dpd_10.0_dpg_100.0_ws_40_mg_10.0_sim_50.0 => F1@0.50: 50.92
dpd_0.0_dpg_2.0_ws_30_mg_2.0_sim_0.0 => F1@0.50: 49.56
dpd_0.5_dpg_0.5_ws_50_mg_2.0_sim_1.0 => F1@0.50: 50.48
dpd_5.0_dpg_10.0_ws_20_mg_4.0_sim_50.0 => F1@0.50: 53.7
dpd_5.0_dpg_20.0_ws_50_mg_4.0_sim_10.0 => F1@0.50: 54.17
dpd_100.0_dpg_0.5_ws_40_mg_8.0_sim_0.5 => F1@0.50: 31.69
dpd_0.8_dpg_0.1_ws_50_mg_6.0_sim_20.0 => F1@0.50: 53.19
dpd_100.0_dpg_20.0_ws_30_mg_2.0_sim_10.0 => F1@0.50: 36.62
dpd_0.0_dpg_1.0_ws_40_mg_10.0_sim_1.0 => F1@0.50: 50.33
dpd_0.8_dpg_0.8_ws_50_mg_2.0_sim_100.0 => F1@0.50: 37.02
dpd_20.0_dpg_0.1_ws_40_mg_6.0_sim_50.0 => F1@0.50: 49.95
dpd_20.0_dpg_5.0_ws_40_mg_10.0_sim_30.0 => F1@0.50: 49.37
dpd_2.0_dpg_1.0_ws_20_mg_6.0_sim_2.0 => F1@0.50: 50.07
dpd_20.0_dpg_0.5_ws_40_mg_6.0_sim_30.0 => F1@0.50: 48.5
dpd_2.0_dpg_0.1_ws_30_mg_4.0_sim_20.0 => F1@0.50: 53.61
dpd_0.1_dpg_2.0_ws_30_mg_10.0_sim_0.0 => F1@0.50: 49.45
dpd_20.0_dpg_100.0_ws_50_mg_6.0_sim_5.0 => F1@0.50: 45.8
dpd_1.0_dpg_100.0_ws_20_mg_8.0_sim_1.0 => F1@0.50: 34.8
dpd_10.0_dpg_1.0_ws_30_mg_2.0_sim_1.0 => F1@0.50: 47.32
dpd_5.0_dpg_0.5_ws_50_mg_2.0_sim_50.0 => F1@0.50: 54.03
dpd_20.0_dpg_20.0_ws_20_mg_6.0_sim_5.0 => F1@0.50: 47.69
dpd_0.8_dpg_2.0_ws_50_mg_4.0_sim_5.0 => F1@0.50: 52.01
dpd_0.0_dpg_0.8_ws_50_mg_10.0_sim_30.0 => F1@0.50: 45.06
dpd_100.0_dpg_5.0_ws_30_mg_8.0_sim_20.0 => F1@0.50: 37.42
dpd_0.8_dpg_1.0_ws_20_mg_10.0_sim_50.0 => F1@0.50: 47.72
dpd_5.0_dpg_0.1_ws_30_mg_4.0_sim_0.5 => F1@0.50: 49.39
dpd_5.0_dpg_1.0_ws_20_mg_2.0_sim_0.5 => F1@0.50: 48.35
dpd_100.0_dpg_10.0_ws_30_mg_6.0_sim_0.0 => F1@0.50: 31.62
dpd_20.0_dpg_0.8_ws_20_mg_2.0_sim_5.0 => F1@0.50: 45.34
dpd_10.0_dpg_5.0_ws_20_mg_8.0_sim_100.0 => F1@0.50: 51.48
dpd_1.0_dpg_0.5_ws_40_mg_8.0_sim_10.0 => F1@0.50: 52.61
dpd_5.0_dpg_0.5_ws_30_mg_8.0_sim_20.0 => F1@0.50: 52.82
dpd_20.0_dpg_5.0_ws_20_mg_2.0_sim_30.0 => F1@0.50: 49.61
dpd_1.0_dpg_0.0_ws_50_mg_10.0_sim_0.0 => F1@0.50: 49.78
dpd_100.0_dpg_0.1_ws_20_mg_4.0_sim_0.5 => F1@0.50: 29.86
dpd_20.0_dpg_20.0_ws_40_mg_2.0_sim_100.0 => F1@0.50: 53.33
dpd_1.0_dpg_2.0_ws_30_mg_4.0_sim_5.0 => F1@0.50: 52.01
dpd_1.0_dpg_2.0_ws_40_mg_8.0_sim_20.0 => F1@0.50: 54.03
dpd_0.8_dpg_0.5_ws_30_mg_8.0_sim_10.0 => F1@0.50: 52.44
dpd_0.0_dpg_0.0_ws_40_mg_8.0_sim_0.0 => F1@0.50: 49.27
dpd_0.0_dpg_10.0_ws_40_mg_6.0_sim_0.0 => F1@0.50: 48.04
dpd_0.1_dpg_10.0_ws_50_mg_10.0_sim_5.0 => F1@0.50: 50.47
dpd_5.0_dpg_0.0_ws_50_mg_10.0_sim_0.0 => F1@0.50: 49.18
dpd_20.0_dpg_0.1_ws_20_mg_10.0_sim_10.0 => F1@0.50: 45.89
dpd_10.0_dpg_10.0_ws_40_mg_6.0_sim_10.0 => F1@0.50: 52.62
dpd_0.0_dpg_0.0_ws_40_mg_10.0_sim_20.0 => F1@0.50: 48.33
dpd_0.5_dpg_0.1_ws_50_mg_6.0_sim_10.0 => F1@0.50: 52.52
dpd_5.0_dpg_10.0_ws_20_mg_4.0_sim_20.0 => F1@0.50: 53.17
dpd_0.8_dpg_0.8_ws_40_mg_4.0_sim_0.5 => F1@0.50: 50.64
dpd_0.5_dpg_2.0_ws_40_mg_10.0_sim_10.0 => F1@0.50: 52.94
dpd_100.0_dpg_0.8_ws_50_mg_8.0_sim_100.0 => F1@0.50: 39.9
dpd_20.0_dpg_20.0_ws_20_mg_4.0_sim_30.0 => F1@0.50: 51.3
dpd_100.0_dpg_5.0_ws_20_mg_10.0_sim_50.0 => F1@0.50: 43.03
dpd_0.8_dpg_0.0_ws_50_mg_8.0_sim_10.0 => F1@0.50: 52.38
dpd_0.8_dpg_5.0_ws_20_mg_6.0_sim_50.0 => F1@0.50: 48.36
dpd_1.0_dpg_100.0_ws_40_mg_4.0_sim_50.0 => F1@0.50: 41.5
dpd_10.0_dpg_5.0_ws_20_mg_2.0_sim_2.0 => F1@0.50: 47.76
dpd_0.8_dpg_0.0_ws_50_mg_10.0_sim_0.0 => F1@0.50: 49.76
dpd_20.0_dpg_2.0_ws_50_mg_6.0_sim_5.0 => F1@0.50: 45.51
dpd_5.0_dpg_2.0_ws_20_mg_8.0_sim_0.0 => F1@0.50: 47.31
dpd_10.0_dpg_1.0_ws_50_mg_10.0_sim_100.0 => F1@0.50: 50.84
dpd_1.0_dpg_2.0_ws_20_mg_8.0_sim_50.0 => F1@0.50: 48.76
dpd_5.0_dpg_5.0_ws_30_mg_8.0_sim_100.0 => F1@0.50: 50.24
dpd_1.0_dpg_5.0_ws_30_mg_4.0_sim_20.0 => F1@0.50: 53.9
dpd_2.0_dpg_5.0_ws_50_mg_6.0_sim_100.0 => F1@0.50: 42.88
dpd_1.0_dpg_2.0_ws_30_mg_4.0_sim_2.0 => F1@0.50: 51.7
dpd_0.8_dpg_0.0_ws_50_mg_4.0_sim_50.0 => F1@0.50: 44.45
dpd_10.0_dpg_20.0_ws_40_mg_8.0_sim_50.0 => F1@0.50: 55.1
dpd_0.1_dpg_1.0_ws_30_mg_8.0_sim_1.0 => F1@0.50: 50.31
dpd_10.0_dpg_1.0_ws_30_mg_8.0_sim_2.0 => F1@0.50: 47.48
dpd_0.8_dpg_0.1_ws_50_mg_8.0_sim_2.0 => F1@0.50: 50.52
dpd_0.0_dpg_5.0_ws_20_mg_6.0_sim_30.0 => F1@0.50: 48.13
dpd_1.0_dpg_5.0_ws_50_mg_10.0_sim_5.0 => F1@0.50: 52.29
dpd_2.0_dpg_0.5_ws_40_mg_4.0_sim_1.0 => F1@0.50: 51.01
dpd_5.0_dpg_0.0_ws_20_mg_4.0_sim_50.0 => F1@0.50: 52.1
dpd_1.0_dpg_20.0_ws_40_mg_2.0_sim_50.0 => F1@0.50: 48.09
dpd_10.0_dpg_0.5_ws_40_mg_4.0_sim_5.0 => F1@0.50: 48.83
dpd_10.0_dpg_0.1_ws_30_mg_2.0_sim_1.0 => F1@0.50: 47.11
dpd_0.5_dpg_1.0_ws_50_mg_6.0_sim_20.0 => F1@0.50: 52.97
dpd_5.0_dpg_20.0_ws_30_mg_8.0_sim_50.0 => F1@0.50: 54.79
dpd_0.0_dpg_0.0_ws_50_mg_6.0_sim_30.0 => F1@0.50: 43.74
dpd_0.0_dpg_0.5_ws_50_mg_10.0_sim_0.0 => F1@0.50: 50.11
dpd_5.0_dpg_100.0_ws_40_mg_4.0_sim_0.5 => F1@0.50: 42.48
dpd_10.0_dpg_20.0_ws_30_mg_4.0_sim_2.0 => F1@0.50: 50.67
dpd_5.0_dpg_0.5_ws_30_mg_4.0_sim_2.0 => F1@0.50: 50.18
dpd_5.0_dpg_1.0_ws_40_mg_8.0_sim_10.0 => F1@0.50: 52.64
dpd_0.0_dpg_5.0_ws_50_mg_10.0_sim_50.0 => F1@0.50: 41.94
dpd_5.0_dpg_10.0_ws_50_mg_4.0_sim_0.0 => F1@0.50: 51.85
dpd_0.0_dpg_10.0_ws_40_mg_6.0_sim_30.0 => F1@0.50: 47.05
dpd_10.0_dpg_100.0_ws_20_mg_2.0_sim_0.5 => F1@0.50: 41.04
dpd_100.0_dpg_5.0_ws_50_mg_6.0_sim_10.0 => F1@0.50: 33.32
dpd_5.0_dpg_10.0_ws_20_mg_2.0_sim_50.0 => F1@0.50: 53.85
dpd_0.8_dpg_100.0_ws_30_mg_10.0_sim_50.0 => F1@0.50: 42.48
dpd_2.0_dpg_5.0_ws_40_mg_4.0_sim_5.0 => F1@0.50: 53.01
dpd_0.5_dpg_0.1_ws_50_mg_8.0_sim_2.0 => F1@0.50: 50.47
dpd_2.0_dpg_20.0_ws_40_mg_2.0_sim_30.0 => F1@0.50: 53.78
dpd_10.0_dpg_2.0_ws_30_mg_8.0_sim_20.0 => F1@0.50: 51.41
dpd_5.0_dpg_20.0_ws_30_mg_10.0_sim_30.0 => F1@0.50: 55.59
dpd_100.0_dpg_20.0_ws_30_mg_8.0_sim_0.5 => F1@0.50: 32.6
dpd_1.0_dpg_0.5_ws_50_mg_2.0_sim_100.0 => F1@0.50: 37.72
dpd_0.1_dpg_0.8_ws_30_mg_2.0_sim_10.0 => F1@0.50: 52.36
dpd_5.0_dpg_5.0_ws_50_mg_4.0_sim_1.0 => F1@0.50: 51.47
dpd_100.0_dpg_10.0_ws_50_mg_8.0_sim_10.0 => F1@0.50: 33.24
dpd_5.0_dpg_2.0_ws_30_mg_6.0_sim_100.0 => F1@0.50: 49.75
dpd_0.1_dpg_0.8_ws_30_mg_10.0_sim_0.5 => F1@0.50: 50.14
dpd_0.5_dpg_5.0_ws_40_mg_10.0_sim_2.0 => F1@0.50: 50.86
dpd_2.0_dpg_0.5_ws_30_mg_10.0_sim_2.0 => F1@0.50: 51.12
dpd_0.8_dpg_0.0_ws_50_mg_8.0_sim_5.0 => F1@0.50: 51.12
dpd_0.5_dpg_5.0_ws_30_mg_10.0_sim_0.5 => F1@0.50: 50.04
dpd_2.0_dpg_20.0_ws_20_mg_2.0_sim_0.0 => F1@0.50: 46.64
dpd_20.0_dpg_1.0_ws_30_mg_10.0_sim_5.0 => F1@0.50: 45.23
dpd_5.0_dpg_0.5_ws_30_mg_8.0_sim_0.0 => F1@0.50: 49.04
dpd_100.0_dpg_1.0_ws_50_mg_6.0_sim_20.0 => F1@0.50: 34.54
dpd_0.0_dpg_1.0_ws_50_mg_2.0_sim_100.0 => F1@0.50: 33.48
dpd_0.5_dpg_20.0_ws_40_mg_4.0_sim_2.0 => F1@0.50: 48.4
dpd_0.1_dpg_10.0_ws_50_mg_6.0_sim_30.0 => F1@0.50: 47.73
dpd_0.8_dpg_2.0_ws_20_mg_4.0_sim_30.0 => F1@0.50: 51.31
dpd_0.5_dpg_100.0_ws_40_mg_2.0_sim_50.0 => F1@0.50: 40.19
dpd_0.8_dpg_0.8_ws_20_mg_2.0_sim_2.0 => F1@0.50: 49.89
dpd_100.0_dpg_100.0_ws_20_mg_2.0_sim_1.0 => F1@0.50: 38.03
dpd_2.0_dpg_0.0_ws_50_mg_6.0_sim_1.0 => F1@0.50: 50.48
dpd_0.5_dpg_10.0_ws_20_mg_6.0_sim_2.0 => F1@0.50: 48.83
dpd_10.0_dpg_10.0_ws_30_mg_2.0_sim_100.0 => F1@0.50: 53.23
dpd_10.0_dpg_0.5_ws_40_mg_2.0_sim_2.0 => F1@0.50: 48.01
dpd_20.0_dpg_0.8_ws_40_mg_2.0_sim_100.0 => F1@0.50: 51.66
dpd_10.0_dpg_100.0_ws_50_mg_8.0_sim_50.0 => F1@0.50: 50.49
dpd_100.0_dpg_0.5_ws_50_mg_10.0_sim_0.0 => F1@0.50: 31.01
dpd_2.0_dpg_0.8_ws_50_mg_8.0_sim_30.0 => F1@0.50: 54.11
dpd_5.0_dpg_2.0_ws_30_mg_2.0_sim_0.5 => F1@0.50: 50.11
dpd_10.0_dpg_0.5_ws_20_mg_10.0_sim_100.0 => F1@0.50: 50.63
dpd_0.8_dpg_10.0_ws_20_mg_2.0_sim_50.0 => F1@0.50: 49.18
dpd_10.0_dpg_20.0_ws_30_mg_2.0_sim_10.0 => F1@0.50: 52.67
dpd_10.0_dpg_0.8_ws_30_mg_6.0_sim_2.0 => F1@0.50: 47.47
dpd_0.0_dpg_20.0_ws_50_mg_8.0_sim_0.5 => F1@0.50: 44.82
dpd_10.0_dpg_100.0_ws_30_mg_10.0_sim_20.0 => F1@0.50: 48.97
dpd_100.0_dpg_100.0_ws_30_mg_10.0_sim_20.0 => F1@0.50: 43.91
dpd_0.1_dpg_0.8_ws_50_mg_10.0_sim_100.0 => F1@0.50: 32.67
dpd_10.0_dpg_1.0_ws_20_mg_8.0_sim_2.0 => F1@0.50: 46.13
dpd_1.0_dpg_20.0_ws_20_mg_2.0_sim_30.0 => F1@0.50: 50.69
dpd_100.0_dpg_1.0_ws_20_mg_8.0_sim_0.0 => F1@0.50: 28.81
dpd_0.5_dpg_0.1_ws_40_mg_4.0_sim_0.5 => F1@0.50: 50.16
dpd_0.8_dpg_20.0_ws_50_mg_6.0_sim_5.0 => F1@0.50: 50.12
dpd_0.0_dpg_0.1_ws_20_mg_10.0_sim_2.0 => F1@0.50: 48.33
dpd_0.1_dpg_5.0_ws_50_mg_4.0_sim_100.0 => F1@0.50: 35.41
dpd_5.0_dpg_0.0_ws_40_mg_4.0_sim_10.0 => F1@0.50: 52.17
dpd_0.5_dpg_100.0_ws_40_mg_4.0_sim_1.0 => F1@0.50: 34.6
dpd_10.0_dpg_0.8_ws_50_mg_2.0_sim_1.0 => F1@0.50: 47.87
dpd_2.0_dpg_0.1_ws_20_mg_6.0_sim_2.0 => F1@0.50: 49.69
dpd_1.0_dpg_1.0_ws_20_mg_10.0_sim_20.0 => F1@0.50: 51.51
dpd_5.0_dpg_0.5_ws_50_mg_4.0_sim_0.0 => F1@0.50: 49.77
dpd_0.8_dpg_100.0_ws_50_mg_10.0_sim_5.0 => F1@0.50: 36.32
dpd_1.0_dpg_2.0_ws_20_mg_4.0_sim_2.0 => F1@0.50: 50.36
dpd_0.0_dpg_0.5_ws_30_mg_10.0_sim_10.0 => F1@0.50: 51.64
dpd_1.0_dpg_0.8_ws_30_mg_6.0_sim_20.0 => F1@0.50: 53.45
dpd_10.0_dpg_1.0_ws_20_mg_4.0_sim_1.0 => F1@0.50: 45.82
dpd_0.5_dpg_5.0_ws_40_mg_8.0_sim_20.0 => F1@0.50: 53.1
dpd_0.8_dpg_0.0_ws_30_mg_4.0_sim_0.5 => F1@0.50: 49.98
dpd_1.0_dpg_0.8_ws_30_mg_6.0_sim_10.0 => F1@0.50: 52.81
dpd_1.0_dpg_20.0_ws_20_mg_4.0_sim_2.0 => F1@0.50: 48.35
dpd_0.5_dpg_0.8_ws_50_mg_2.0_sim_10.0 => F1@0.50: 53.2
dpd_0.8_dpg_0.5_ws_50_mg_8.0_sim_0.0 => F1@0.50: 50.19
dpd_0.1_dpg_2.0_ws_50_mg_2.0_sim_30.0 => F1@0.50: 47.28
dpd_10.0_dpg_10.0_ws_40_mg_6.0_sim_0.5 => F1@0.50: 49.93
dpd_2.0_dpg_10.0_ws_50_mg_2.0_sim_5.0 => F1@0.50: 52.9
dpd_0.8_dpg_20.0_ws_40_mg_2.0_sim_10.0 => F1@0.50: 51.09
dpd_5.0_dpg_1.0_ws_20_mg_2.0_sim_20.0 => F1@0.50: 51.76
dpd_100.0_dpg_20.0_ws_20_mg_2.0_sim_50.0 => F1@0.50: 44.44
dpd_0.8_dpg_5.0_ws_30_mg_8.0_sim_2.0 => F1@0.50: 50.92
dpd_2.0_dpg_5.0_ws_40_mg_2.0_sim_20.0 => F1@0.50: 54.75
dpd_100.0_dpg_0.5_ws_40_mg_10.0_sim_2.0 => F1@0.50: 32.26
dpd_0.5_dpg_0.1_ws_30_mg_4.0_sim_5.0 => F1@0.50: 51.16
dpd_1.0_dpg_10.0_ws_40_mg_2.0_sim_30.0 => F1@0.50: 52.6
dpd_2.0_dpg_2.0_ws_50_mg_10.0_sim_1.0 => F1@0.50: 51.4
dpd_1.0_dpg_1.0_ws_40_mg_8.0_sim_30.0 => F1@0.50: 52.21
dpd_0.5_dpg_0.5_ws_20_mg_4.0_sim_0.0 => F1@0.50: 48.63
dpd_0.1_dpg_100.0_ws_30_mg_10.0_sim_1.0 => F1@0.50: 33.26
dpd_2.0_dpg_20.0_ws_20_mg_2.0_sim_30.0 => F1@0.50: 52.56
dpd_5.0_dpg_0.5_ws_30_mg_6.0_sim_0.5 => F1@0.50: 49.43
dpd_5.0_dpg_0.8_ws_40_mg_8.0_sim_100.0 => F1@0.50: 47.61
dpd_0.8_dpg_20.0_ws_50_mg_10.0_sim_5.0 => F1@0.50: 50.11
dpd_100.0_dpg_5.0_ws_50_mg_4.0_sim_10.0 => F1@0.50: 33.38
dpd_0.8_dpg_5.0_ws_30_mg_10.0_sim_30.0 => F1@0.50: 52.22
dpd_100.0_dpg_10.0_ws_20_mg_4.0_sim_1.0 => F1@0.50: 31.19
dpd_0.1_dpg_5.0_ws_20_mg_4.0_sim_100.0 => F1@0.50: 42.28
dpd_100.0_dpg_0.5_ws_50_mg_2.0_sim_20.0 => F1@0.50: 34.68
dpd_20.0_dpg_1.0_ws_30_mg_2.0_sim_1.0 => F1@0.50: 43.68
dpd_5.0_dpg_0.5_ws_30_mg_6.0_sim_50.0 => F1@0.50: 53.58
dpd_10.0_dpg_20.0_ws_40_mg_4.0_sim_0.0 => F1@0.50: 50.47
dpd_1.0_dpg_0.5_ws_20_mg_6.0_sim_5.0 => F1@0.50: 49.9
dpd_0.1_dpg_0.1_ws_30_mg_6.0_sim_100.0 => F1@0.50: 36.66
dpd_20.0_dpg_10.0_ws_40_mg_8.0_sim_20.0 => F1@0.50: 49.51
dpd_100.0_dpg_100.0_ws_40_mg_6.0_sim_0.5 => F1@0.50: 40.3
dpd_0.8_dpg_20.0_ws_20_mg_10.0_sim_50.0 => F1@0.50: 48.23
dpd_0.8_dpg_0.1_ws_40_mg_2.0_sim_0.0 => F1@0.50: 49.95
dpd_10.0_dpg_0.0_ws_20_mg_10.0_sim_1.0 => F1@0.50: 45.17
dpd_20.0_dpg_20.0_ws_40_mg_10.0_sim_10.0 => F1@0.50: 50.2
dpd_1.0_dpg_0.1_ws_20_mg_8.0_sim_20.0 => F1@0.50: 51.29
dpd_10.0_dpg_20.0_ws_40_mg_8.0_sim_20.0 => F1@0.50: 54.41
dpd_1.0_dpg_1.0_ws_40_mg_2.0_sim_100.0 => F1@0.50: 39.52
dpd_1.0_dpg_20.0_ws_50_mg_10.0_sim_0.0 => F1@0.50: 48.56
dpd_0.0_dpg_2.0_ws_20_mg_6.0_sim_2.0 => F1@0.50: 48.82
dpd_10.0_dpg_0.5_ws_50_mg_6.0_sim_0.5 => F1@0.50: 47.68
dpd_10.0_dpg_1.0_ws_20_mg_6.0_sim_10.0 => F1@0.50: 49.28
dpd_1.0_dpg_100.0_ws_50_mg_4.0_sim_100.0 => F1@0.50: 38.76
dpd_5.0_dpg_0.1_ws_50_mg_4.0_sim_100.0 => F1@0.50: 47.82
dpd_100.0_dpg_10.0_ws_30_mg_4.0_sim_100.0 => F1@0.50: 43.69
dpd_0.1_dpg_20.0_ws_50_mg_6.0_sim_1.0 => F1@0.50: 45.58
dpd_100.0_dpg_100.0_ws_30_mg_6.0_sim_30.0 => F1@0.50: 45.45
dpd_0.1_dpg_5.0_ws_50_mg_6.0_sim_50.0 => F1@0.50: 42.46
dpd_100.0_dpg_2.0_ws_20_mg_2.0_sim_50.0 => F1@0.50: 43.46
dpd_10.0_dpg_5.0_ws_30_mg_2.0_sim_10.0 => F1@0.50: 51.35
dpd_10.0_dpg_20.0_ws_20_mg_10.0_sim_0.0 => F1@0.50: 45.94
dpd_2.0_dpg_0.8_ws_40_mg_6.0_sim_50.0 => F1@0.50: 50.53
dpd_10.0_dpg_2.0_ws_50_mg_2.0_sim_5.0 => F1@0.50: 49.65
dpd_0.0_dpg_100.0_ws_20_mg_8.0_sim_30.0 => F1@0.50: 41.78
dpd_0.0_dpg_100.0_ws_20_mg_10.0_sim_5.0 => F1@0.50: 36.13
dpd_1.0_dpg_0.1_ws_20_mg_2.0_sim_100.0 => F1@0.50: 43.74
dpd_5.0_dpg_0.8_ws_50_mg_4.0_sim_30.0 => F1@0.50: 54.26
dpd_20.0_dpg_100.0_ws_50_mg_6.0_sim_0.5 => F1@0.50: 44.93
dpd_0.1_dpg_2.0_ws_20_mg_10.0_sim_5.0 => F1@0.50: 49.44
dpd_20.0_dpg_0.8_ws_20_mg_4.0_sim_2.0 => F1@0.50: 43.09
dpd_10.0_dpg_0.0_ws_40_mg_8.0_sim_20.0 => F1@0.50: 51.18
dpd_0.8_dpg_0.5_ws_20_mg_2.0_sim_100.0 => F1@0.50: 43.42
dpd_100.0_dpg_0.8_ws_30_mg_10.0_sim_30.0 => F1@0.50: 38.33
dpd_2.0_dpg_5.0_ws_20_mg_6.0_sim_2.0 => F1@0.50: 50.39
dpd_1.0_dpg_2.0_ws_50_mg_8.0_sim_100.0 => F1@0.50: 38.2
dpd_5.0_dpg_0.8_ws_40_mg_6.0_sim_10.0 => F1@0.50: 52.56
dpd_5.0_dpg_1.0_ws_30_mg_10.0_sim_5.0 => F1@0.50: 50.99
dpd_0.5_dpg_0.8_ws_20_mg_4.0_sim_50.0 => F1@0.50: 46.74
dpd_0.1_dpg_0.5_ws_30_mg_4.0_sim_1.0 => F1@0.50: 50.46
dpd_2.0_dpg_5.0_ws_20_mg_2.0_sim_100.0 => F1@0.50: 47.06
dpd_0.1_dpg_0.8_ws_20_mg_4.0_sim_0.0 => F1@0.50: 48.81
dpd_5.0_dpg_5.0_ws_40_mg_8.0_sim_0.0 => F1@0.50: 50.94
dpd_1.0_dpg_0.8_ws_20_mg_4.0_sim_0.0 => F1@0.50: 49.04
dpd_0.0_dpg_1.0_ws_40_mg_8.0_sim_50.0 => F1@0.50: 40.92
dpd_0.0_dpg_100.0_ws_30_mg_6.0_sim_10.0 => F1@0.50: 36.61
dpd_0.0_dpg_0.5_ws_40_mg_4.0_sim_30.0 => F1@0.50: 45.57
dpd_0.1_dpg_1.0_ws_50_mg_8.0_sim_30.0 => F1@0.50: 46.36
dpd_0.5_dpg_10.0_ws_40_mg_8.0_sim_20.0 => F1@0.50: 52.81
dpd_0.1_dpg_2.0_ws_50_mg_2.0_sim_20.0 => F1@0.50: 50.99
dpd_0.1_dpg_100.0_ws_30_mg_6.0_sim_100.0 => F1@0.50: 40.1
dpd_5.0_dpg_1.0_ws_50_mg_6.0_sim_1.0 => F1@0.50: 50.29
dpd_10.0_dpg_0.5_ws_20_mg_4.0_sim_1.0 => F1@0.50: 45.71
dpd_100.0_dpg_2.0_ws_50_mg_8.0_sim_1.0 => F1@0.50: 31.34
dpd_20.0_dpg_1.0_ws_30_mg_6.0_sim_20.0 => F1@0.50: 47.5
dpd_10.0_dpg_10.0_ws_50_mg_6.0_sim_2.0 => F1@0.50: 50.84
dpd_10.0_dpg_0.1_ws_20_mg_10.0_sim_5.0 => F1@0.50: 47.29
dpd_0.1_dpg_5.0_ws_20_mg_10.0_sim_5.0 => F1@0.50: 49.29
dpd_0.1_dpg_0.1_ws_30_mg_8.0_sim_1.0 => F1@0.50: 49.93
dpd_1.0_dpg_0.8_ws_30_mg_2.0_sim_50.0 => F1@0.50: 48.53
dpd_0.8_dpg_0.0_ws_20_mg_10.0_sim_5.0 => F1@0.50: 49.19
dpd_0.1_dpg_2.0_ws_40_mg_6.0_sim_0.0 => F1@0.50: 49.88
dpd_0.0_dpg_0.8_ws_50_mg_2.0_sim_50.0 => F1@0.50: 40.11
dpd_0.1_dpg_20.0_ws_50_mg_6.0_sim_50.0 => F1@0.50: 43.1
dpd_100.0_dpg_0.8_ws_20_mg_8.0_sim_30.0 => F1@0.50: 41.65
dpd_20.0_dpg_20.0_ws_20_mg_10.0_sim_0.5 => F1@0.50: 43.53
dpd_0.0_dpg_0.0_ws_50_mg_10.0_sim_0.0 => F1@0.50: 49.32
dpd_0.1_dpg_1.0_ws_30_mg_10.0_sim_1.0 => F1@0.50: 50.27
dpd_1.0_dpg_0.0_ws_30_mg_2.0_sim_10.0 => F1@0.50: 52.24
dpd_20.0_dpg_0.8_ws_50_mg_4.0_sim_30.0 => F1@0.50: 48.54
dpd_10.0_dpg_10.0_ws_50_mg_4.0_sim_10.0 => F1@0.50: 52.72
dpd_2.0_dpg_0.5_ws_30_mg_2.0_sim_100.0 => F1@0.50: 44.21
dpd_0.8_dpg_1.0_ws_20_mg_4.0_sim_100.0 => F1@0.50: 42.95
dpd_10.0_dpg_5.0_ws_50_mg_8.0_sim_10.0 => F1@0.50: 51.65
dpd_10.0_dpg_0.8_ws_40_mg_8.0_sim_30.0 => F1@0.50: 52.23
dpd_2.0_dpg_20.0_ws_20_mg_4.0_sim_0.0 => F1@0.50: 46.71
dpd_2.0_dpg_20.0_ws_30_mg_8.0_sim_5.0 => F1@0.50: 51.67
dpd_10.0_dpg_0.1_ws_40_mg_8.0_sim_2.0 => F1@0.50: 47.67
dpd_10.0_dpg_0.1_ws_40_mg_8.0_sim_0.0 => F1@0.50: 47.13
dpd_0.8_dpg_0.8_ws_30_mg_10.0_sim_50.0 => F1@0.50: 47.03
dpd_1.0_dpg_1.0_ws_50_mg_10.0_sim_5.0 => F1@0.50: 52.03
dpd_100.0_dpg_0.5_ws_50_mg_8.0_sim_30.0 => F1@0.50: 35.87
dpd_0.0_dpg_10.0_ws_20_mg_10.0_sim_100.0 => F1@0.50: 42.44
dpd_1.0_dpg_100.0_ws_50_mg_6.0_sim_10.0 => F1@0.50: 38.51
dpd_0.5_dpg_1.0_ws_40_mg_4.0_sim_30.0 => F1@0.50: 50.16
dpd_0.8_dpg_0.0_ws_20_mg_4.0_sim_100.0 => F1@0.50: 42.4
dpd_0.8_dpg_2.0_ws_20_mg_4.0_sim_50.0 => F1@0.50: 48.56
dpd_0.0_dpg_0.5_ws_30_mg_6.0_sim_2.0 => F1@0.50: 50.33
dpd_0.5_dpg_0.8_ws_20_mg_6.0_sim_50.0 => F1@0.50: 46.41
dpd_0.1_dpg_0.0_ws_30_mg_10.0_sim_5.0 => F1@0.50: 50.41
dpd_1.0_dpg_20.0_ws_50_mg_4.0_sim_20.0 => F1@0.50: 52.06
dpd_0.8_dpg_0.0_ws_50_mg_2.0_sim_5.0 => F1@0.50: 51.35
dpd_20.0_dpg_0.5_ws_50_mg_6.0_sim_2.0 => F1@0.50: 44.68
dpd_1.0_dpg_20.0_ws_30_mg_2.0_sim_10.0 => F1@0.50: 51.46
dpd_2.0_dpg_2.0_ws_30_mg_8.0_sim_0.5 => F1@0.50: 50.85
dpd_20.0_dpg_5.0_ws_40_mg_8.0_sim_30.0 => F1@0.50: 49.37
dpd_0.5_dpg_2.0_ws_40_mg_2.0_sim_50.0 => F1@0.50: 45.31
dpd_5.0_dpg_10.0_ws_30_mg_4.0_sim_2.0 => F1@0.50: 52.19
dpd_20.0_dpg_0.5_ws_50_mg_10.0_sim_100.0 => F1@0.50: 50.92
dpd_0.8_dpg_10.0_ws_20_mg_4.0_sim_100.0 => F1@0.50: 44.75
dpd_0.1_dpg_0.0_ws_30_mg_6.0_sim_50.0 => F1@0.50: 42.34
dpd_10.0_dpg_2.0_ws_30_mg_6.0_sim_5.0 => F1@0.50: 49.07
dpd_0.0_dpg_10.0_ws_40_mg_4.0_sim_30.0 => F1@0.50: 47.09
dpd_0.0_dpg_1.0_ws_30_mg_6.0_sim_20.0 => F1@0.50: 49.88
dpd_0.0_dpg_20.0_ws_40_mg_4.0_sim_1.0 => F1@0.50: 45.05
dpd_5.0_dpg_0.0_ws_30_mg_8.0_sim_10.0 => F1@0.50: 51.76
dpd_0.0_dpg_10.0_ws_50_mg_2.0_sim_30.0 => F1@0.50: 47.04
dpd_1.0_dpg_1.0_ws_50_mg_8.0_sim_2.0 => F1@0.50: 51.34
dpd_0.0_dpg_10.0_ws_20_mg_4.0_sim_0.5 => F1@0.50: 47.07
dpd_0.1_dpg_5.0_ws_30_mg_8.0_sim_0.5 => F1@0.50: 49.4
dpd_1.0_dpg_2.0_ws_50_mg_10.0_sim_1.0 => F1@0.50: 51.36
dpd_2.0_dpg_10.0_ws_30_mg_8.0_sim_0.5 => F1@0.50: 51.2
dpd_0.8_dpg_100.0_ws_20_mg_2.0_sim_30.0 => F1@0.50: 43.8
dpd_20.0_dpg_1.0_ws_50_mg_6.0_sim_1.0 => F1@0.50: 44.3
dpd_10.0_dpg_100.0_ws_30_mg_2.0_sim_30.0 => F1@0.50: 49.8
dpd_100.0_dpg_20.0_ws_50_mg_8.0_sim_5.0 => F1@0.50: 33.51
dpd_0.8_dpg_2.0_ws_40_mg_4.0_sim_0.0 => F1@0.50: 50.64
dpd_2.0_dpg_2.0_ws_50_mg_4.0_sim_100.0 => F1@0.50: 41.89
dpd_0.0_dpg_20.0_ws_40_mg_2.0_sim_0.5 => F1@0.50: 44.83
dpd_10.0_dpg_0.5_ws_20_mg_10.0_sim_2.0 => F1@0.50: 45.93
dpd_1.0_dpg_100.0_ws_20_mg_6.0_sim_0.5 => F1@0.50: 34.06
dpd_0.5_dpg_5.0_ws_40_mg_4.0_sim_2.0 => F1@0.50: 50.9
dpd_0.8_dpg_0.0_ws_50_mg_6.0_sim_5.0 => F1@0.50: 51.21
dpd_2.0_dpg_0.1_ws_40_mg_4.0_sim_100.0 => F1@0.50: 41.44
dpd_100.0_dpg_2.0_ws_30_mg_6.0_sim_10.0 => F1@0.50: 35.51
dpd_0.8_dpg_0.0_ws_30_mg_8.0_sim_50.0 => F1@0.50: 46.18
dpd_20.0_dpg_0.0_ws_40_mg_2.0_sim_50.0 => F1@0.50: 50.15
dpd_0.8_dpg_0.0_ws_20_mg_2.0_sim_2.0 => F1@0.50: 49.47
dpd_1.0_dpg_0.0_ws_40_mg_6.0_sim_0.0 => F1@0.50: 49.82
dpd_0.8_dpg_0.0_ws_50_mg_10.0_sim_50.0 => F1@0.50: 44.02
dpd_1.0_dpg_100.0_ws_30_mg_4.0_sim_30.0 => F1@0.50: 42.11
dpd_2.0_dpg_0.0_ws_40_mg_2.0_sim_5.0 => F1@0.50: 51.79
----- Best Parameters -----
Best F1@0.50: 55.59 with parameters: dp_duration_penalty_weight=5.0, dp_gap_penalty_weight=20.0, dp_window_size=30, dp_max_gap=10.0, similarity_weight=30.0
Processing video: 5086465773912997411Processing video: 5085344787448740525

Processing video: 5085357672350628540
Processing video: 5090916219025116054
Processing video: 5092765202446045704
Processing video: 5097975856769557081
Processing video: 5099449889545545450
Processing video: 5146258161124252727
Processing video: 5103182645622502287
Processing video: 5134749367588120522
Processing video: 5172231547180314349
Processing video: 5173709444596630576
Processing video: 5218949624445806415Processing video: 5391892065246550398

Processing video: 5366409594815891602
Processing video: 5525084584552992937
Written updated ELAN file to /scratch/shared/beegfs/zifan/bobsl/video_features/segmentation/5218949624445806415_updated.eaf
Written updated ELAN file to /scratch/shared/beegfs/zifan/bobsl/video_features/segmentation/5103182645622502287_updated.eaf
Written updated ELAN file to /scratch/shared/beegfs/zifan/bobsl/video_features/segmentation/5366409594815891602_updated.eaf
Written updated ELAN file to /scratch/shared/beegfs/zifan/bobsl/video_features/segmentation/5097975856769557081_updated.eaf
Written updated ELAN file to /scratch/shared/beegfs/zifan/bobsl/video_features/segmentation/5086465773912997411_updated.eaf
Written updated ELAN file to /scratch/shared/beegfs/zifan/bobsl/video_features/segmentation/5173709444596630576_updated.eaf
Written updated ELAN file to /scratch/shared/beegfs/zifan/bobsl/video_features/segmentation/5085357672350628540_updated.eaf
Written updated ELAN file to /scratch/shared/beegfs/zifan/bobsl/video_features/segmentation/5172231547180314349_updated.eaf
Written updated ELAN file to /scratch/shared/beegfs/zifan/bobsl/video_features/segmentation/5391892065246550398_updated.eaf
Written updated ELAN file to /scratch/shared/beegfs/zifan/bobsl/video_features/segmentation/5146258161124252727_updated.eaf
Written updated ELAN file to /scratch/shared/beegfs/zifan/bobsl/video_features/segmentation/5525084584552992937_updated.eaf
Written updated ELAN file to /scratch/shared/beegfs/zifan/bobsl/video_features/segmentation/5085344787448740525_updated.eaf
Written updated ELAN file to /scratch/shared/beegfs/zifan/bobsl/video_features/segmentation/5090916219025116054_updated.eaf
Written updated ELAN file to /scratch/shared/beegfs/zifan/bobsl/video_features/segmentation/5134749367588120522_updated.eaf
Written updated ELAN file to /scratch/shared/beegfs/zifan/bobsl/video_features/segmentation/5099449889545545450_updated.eaf
Written updated ELAN file to /scratch/shared/beegfs/zifan/bobsl/video_features/segmentation/5092765202446045704_updated.eaf
total  1173319 subs 9168
Mean and median start offset: 0.13 / -0.04 
Mean and median end offset: 0.53 / 0.48 
Mean and median start offset (abs): 1.36 / 0.65 
Mean and median end offset (abs): 1.45 / 0.88 
Computed over 1173319 frames, 9168 sentences - Frame-level accuracy: 71.72 F1@0.10: 79.05 F1@0.25: 73.01 F1@0.50: 55.59
